item_id,applicability,rule,decision,source_count,candidate_count,exact_set,set_f1,brier
2,False,dempster,betp,6,2,1.0,1.0,0.2621769462300122
2,False,dempster,dsmp_epsilon_0.001,6,2,1.0,1.0,0.050411262548720234
2,False,dempster,max_belief,6,2,1.0,1.0,nan
2,False,dempster,max_plausibility,6,2,1.0,1.0,nan
2,False,dempster,min_belief_interval_distance,6,2,1.0,1.0,nan
2,False,pcr6,betp,6,2,1.0,1.0,0.2684263004520587
2,False,pcr6,dsmp_epsilon_0.001,6,2,1.0,1.0,0.050712796254720464
2,False,pcr6,max_belief,6,2,1.0,1.0,nan
2,False,pcr6,max_plausibility,6,2,1.0,1.0,nan
2,False,pcr6,min_belief_interval_distance,6,2,1.0,1.0,nan
2,False,pcr6_plus,betp,6,2,1.0,1.0,0.25700116530408124
2,False,pcr6_plus,dsmp_epsilon_0.001,6,2,1.0,1.0,0.05577985237814991
2,False,pcr6_plus,max_belief,6,2,1.0,1.0,nan
2,False,pcr6_plus,max_plausibility,6,2,1.0,1.0,nan
2,False,pcr6_plus,min_belief_interval_distance,6,2,1.0,1.0,nan
4,False,dempster,betp,3,2,1.0,1.0,0.19186392818844142
4,False,dempster,dsmp_epsilon_0.001,3,2,1.0,1.0,0.01077713944079111
4,False,dempster,max_belief,3,2,1.0,1.0,nan
4,False,dempster,max_plausibility,3,2,1.0,1.0,nan
4,False,dempster,min_belief_interval_distance,3,2,1.0,1.0,nan
4,False,pcr6,betp,3,2,1.0,1.0,0.19326370472954138
4,False,pcr6,dsmp_epsilon_0.001,3,2,1.0,1.0,0.01075247413748292
4,False,pcr6,max_belief,3,2,1.0,1.0,nan
4,False,pcr6,max_plausibility,3,2,1.0,1.0,nan
4,False,pcr6,min_belief_interval_distance,3,2,1.0,1.0,nan
4,False,pcr6_plus,betp,3,2,1.0,1.0,0.18485291202227366
4,False,pcr6_plus,dsmp_epsilon_0.001,3,2,1.0,1.0,0.010657188220721751
4,False,pcr6_plus,max_belief,3,2,1.0,1.0,nan
4,False,pcr6_plus,max_plausibility,3,2,1.0,1.0,nan
4,False,pcr6_plus,min_belief_interval_distance,3,2,1.0,1.0,nan
6,True,dempster,betp,5,3,0.0,0.0,1.4594793466436642
6,True,dempster,dsmp_epsilon_0.001,5,3,0.0,0.0,1.5507729858187371
6,True,dempster,max_belief,5,3,0.0,0.0,nan
6,True,dempster,max_plausibility,5,3,0.0,0.0,nan
6,True,dempster,min_belief_interval_distance,5,3,0.0,0.0,nan
6,True,pcr6,betp,5,3,0.0,0.0,1.435448342871695
6,True,pcr6,dsmp_epsilon_0.001,5,3,0.0,0.0,1.5499285927407724
6,True,pcr6,max_belief,5,3,0.0,0.0,nan
6,True,pcr6,max_plausibility,5,3,0.0,0.0,nan
6,True,pcr6,min_belief_interval_distance,5,3,0.0,0.0,nan
6,True,pcr6_plus,betp,5,3,0.0,0.0,1.4542268192200511
6,True,pcr6_plus,dsmp_epsilon_0.001,5,3,0.0,0.0,1.5409238611881368
6,True,pcr6_plus,max_belief,5,3,0.0,0.0,nan
6,True,pcr6_plus,max_plausibility,5,3,0.0,0.0,nan
6,True,pcr6_plus,min_belief_interval_distance,5,3,0.0,0.0,nan
8,False,dempster,betp,2,2,0.0,0.0,1.7010326958020485
8,False,dempster,dsmp_epsilon_0.001,2,2,0.0,0.0,1.9992651030489028
8,False,dempster,max_belief,2,2,0.0,0.0,nan
8,False,dempster,max_plausibility,2,2,0.0,0.0,nan
8,False,dempster,min_belief_interval_distance,2,2,0.0,0.0,nan
8,False,pcr6,betp,2,2,0.0,0.0,1.7010326958020485
8,False,pcr6,dsmp_epsilon_0.001,2,2,0.0,0.0,1.9992651030489028
8,False,pcr6,max_belief,2,2,0.0,0.0,nan
8,False,pcr6,max_plausibility,2,2,0.0,0.0,nan
8,False,pcr6,min_belief_interval_distance,2,2,0.0,0.0,nan
8,False,pcr6_plus,betp,2,2,0.0,0.0,1.7010326958020485
8,False,pcr6_plus,dsmp_epsilon_0.001,2,2,0.0,0.0,1.9992651030489028
8,False,pcr6_plus,max_belief,2,2,0.0,0.0,nan
8,False,pcr6_plus,max_plausibility,2,2,0.0,0.0,nan
8,False,pcr6_plus,min_belief_interval_distance,2,2,0.0,0.0,nan
9,False,dempster,betp,4,2,1.0,1.0,0.056668393751098216
9,False,dempster,dsmp_epsilon_0.001,4,2,1.0,1.0,0.04894358374352503
9,False,dempster,max_belief,4,2,1.0,1.0,nan
9,False,dempster,max_plausibility,4,2,1.0,1.0,nan
9,False,dempster,min_belief_interval_distance,4,2,1.0,1.0,nan
9,False,pcr6,betp,4,2,1.0,1.0,0.2713107851994493
9,False,pcr6,dsmp_epsilon_0.001,4,2,1.0,1.0,0.2039739652871311
9,False,pcr6,max_belief,4,2,1.0,1.0,nan
9,False,pcr6,max_plausibility,4,2,1.0,1.0,nan
9,False,pcr6,min_belief_interval_distance,4,2,1.0,1.0,nan
9,False,pcr6_plus,betp,4,2,1.0,1.0,0.23692028453284014
9,False,pcr6_plus,dsmp_epsilon_0.001,4,2,1.0,1.0,0.23527663704650348
9,False,pcr6_plus,max_belief,4,2,1.0,1.0,nan
9,False,pcr6_plus,max_plausibility,4,2,1.0,1.0,nan
9,False,pcr6_plus,min_belief_interval_distance,4,2,1.0,1.0,nan
12,False,dempster,betp,6,2,1.0,1.0,0.44094548210544354
12,False,dempster,dsmp_epsilon_0.001,6,2,1.0,1.0,0.1544812426931701
12,False,dempster,max_belief,6,2,1.0,1.0,nan
12,False,dempster,max_plausibility,6,2,1.0,1.0,nan
12,False,dempster,min_belief_interval_distance,6,2,1.0,1.0,nan
12,False,pcr6,betp,6,2,1.0,1.0,0.4411868340106678
12,False,pcr6,dsmp_epsilon_0.001,6,2,1.0,1.0,0.1546187264571255
12,False,pcr6,max_belief,6,2,1.0,1.0,nan
12,False,pcr6,max_plausibility,6,2,1.0,1.0,nan
12,False,pcr6,min_belief_interval_distance,6,2,1.0,1.0,nan
12,False,pcr6_plus,betp,6,2,1.0,1.0,0.44116404778768337
12,False,pcr6_plus,dsmp_epsilon_0.001,6,2,1.0,1.0,0.16185913016938222
12,False,pcr6_plus,max_belief,6,2,1.0,1.0,nan
12,False,pcr6_plus,max_plausibility,6,2,1.0,1.0,nan
12,False,pcr6_plus,min_belief_interval_distance,6,2,1.0,1.0,nan
13,False,dempster,betp,4,2,0.0,0.0,1.6394524085698747
13,False,dempster,dsmp_epsilon_0.001,4,2,0.0,0.0,1.9640401101359504
13,False,dempster,max_belief,4,2,0.0,0.0,nan
13,False,dempster,max_plausibility,4,2,0.0,0.0,nan
13,False,dempster,min_belief_interval_distance,4,2,0.0,0.0,nan
13,False,pcr6,betp,4,2,0.0,0.0,1.6079997804469581
13,False,pcr6,dsmp_epsilon_0.001,4,2,0.0,0.0,1.9623827589778158
13,False,pcr6,max_belief,4,2,0.0,0.0,nan
13,False,pcr6,max_plausibility,4,2,0.0,0.0,nan
13,False,pcr6,min_belief_interval_distance,4,2,0.0,0.0,nan
13,False,pcr6_plus,betp,4,2,0.0,0.0,1.6456531142482522
13,False,pcr6_plus,dsmp_epsilon_0.001,4,2,0.0,0.0,1.9587413386630077
13,False,pcr6_plus,max_belief,4,2,0.0,0.0,nan
13,False,pcr6_plus,max_plausibility,4,2,0.0,0.0,nan
13,False,pcr6_plus,min_belief_interval_distance,4,2,0.0,0.0,nan
14,False,dempster,betp,3,2,1.0,1.0,0.37980567546161403
14,False,dempster,dsmp_epsilon_0.001,3,2,1.0,1.0,8.92850851148118e-05
14,False,dempster,max_belief,3,2,1.0,1.0,nan
14,False,dempster,max_plausibility,3,2,1.0,1.0,nan
14,False,dempster,min_belief_interval_distance,3,2,1.0,1.0,nan
14,False,pcr6,betp,3,2,1.0,1.0,0.37980567546161403
14,False,pcr6,dsmp_epsilon_0.001,3,2,1.0,1.0,8.92850851148118e-05
14,False,pcr6,max_belief,3,2,1.0,1.0,nan
14,False,pcr6,max_plausibility,3,2,1.0,1.0,nan
14,False,pcr6,min_belief_interval_distance,3,2,1.0,1.0,nan
14,False,pcr6_plus,betp,3,2,1.0,1.0,0.37980567546161403
14,False,pcr6_plus,dsmp_epsilon_0.001,3,2,1.0,1.0,8.92850851148118e-05
14,False,pcr6_plus,max_belief,3,2,1.0,1.0,nan
14,False,pcr6_plus,max_plausibility,3,2,1.0,1.0,nan
14,False,pcr6_plus,min_belief_interval_distance,3,2,1.0,1.0,nan
15,False,dempster,betp,6,2,1.0,1.0,0.0001105103102884257
15,False,dempster,dsmp_epsilon_0.001,6,2,1.0,1.0,5.204458590360428e-07
15,False,dempster,max_belief,6,2,1.0,1.0,nan
15,False,dempster,max_plausibility,6,2,1.0,1.0,nan
15,False,dempster,min_belief_interval_distance,6,2,1.0,1.0,nan
15,False,pcr6,betp,6,2,1.0,1.0,0.0006559762042448755
15,False,pcr6,dsmp_epsilon_0.001,6,2,1.0,1.0,9.385582543932641e-07
15,False,pcr6,max_belief,6,2,1.0,1.0,nan
15,False,pcr6,max_plausibility,6,2,1.0,1.0,nan
15,False,pcr6,min_belief_interval_distance,6,2,1.0,1.0,nan
15,False,pcr6_plus,betp,6,2,1.0,1.0,0.00011714477927988434
15,False,pcr6_plus,dsmp_epsilon_0.001,6,2,1.0,1.0,1.8756970691119629e-06
15,False,pcr6_plus,max_belief,6,2,1.0,1.0,nan
15,False,pcr6_plus,max_plausibility,6,2,1.0,1.0,nan
15,False,pcr6_plus,min_belief_interval_distance,6,2,1.0,1.0,nan
20,False,dempster,betp,4,2,1.0,1.0,0.010077298716521904
20,False,dempster,dsmp_epsilon_0.001,4,2,1.0,1.0,4.9647844653464346e-05
20,False,dempster,max_belief,4,2,1.0,1.0,nan
20,False,dempster,max_plausibility,4,2,1.0,1.0,nan
20,False,dempster,min_belief_interval_distance,4,2,1.0,1.0,nan
20,False,pcr6,betp,4,2,1.0,1.0,0.012092234910278127
20,False,pcr6,dsmp_epsilon_0.001,4,2,1.0,1.0,5.7283187189895285e-05
20,False,pcr6,max_belief,4,2,1.0,1.0,nan
20,False,pcr6,max_plausibility,4,2,1.0,1.0,nan
20,False,pcr6,min_belief_interval_distance,4,2,1.0,1.0,nan
20,False,pcr6_plus,betp,4,2,1.0,1.0,0.009849811417753561
20,False,pcr6_plus,dsmp_epsilon_0.001,4,2,1.0,1.0,7.322865862273564e-05
20,False,pcr6_plus,max_belief,4,2,1.0,1.0,nan
20,False,pcr6_plus,max_plausibility,4,2,1.0,1.0,nan
20,False,pcr6_plus,min_belief_interval_distance,4,2,1.0,1.0,nan
21,True,dempster,betp,6,3,0.0,0.0,0.7337902503656074
21,True,dempster,dsmp_epsilon_0.001,6,3,0.0,0.0,0.8865617290639485
21,True,dempster,max_belief,6,3,0.0,0.0,nan
21,True,dempster,max_plausibility,6,3,0.0,0.0,nan
21,True,dempster,min_belief_interval_distance,6,3,0.0,0.0,nan
21,True,pcr6,betp,6,3,0.0,0.0,0.6893420441613918
21,True,pcr6,dsmp_epsilon_0.001,6,3,0.0,0.0,0.887455168493781
21,True,pcr6,max_belief,6,3,0.0,0.0,nan
21,True,pcr6,max_plausibility,6,3,0.0,0.0,nan
21,True,pcr6,min_belief_interval_distance,6,3,0.0,0.0,nan
21,True,pcr6_plus,betp,6,3,0.0,0.0,0.6945608718728478
21,True,pcr6_plus,dsmp_epsilon_0.001,6,3,0.0,0.0,0.8925597539450183
21,True,pcr6_plus,max_belief,6,3,0.0,0.0,nan
21,True,pcr6_plus,max_plausibility,6,3,0.0,0.0,nan
21,True,pcr6_plus,min_belief_interval_distance,6,3,0.0,0.0,nan
22,False,dempster,betp,3,2,1.0,1.0,0.44673759571250626
22,False,dempster,dsmp_epsilon_0.001,3,2,1.0,1.0,0.19242385393134945
22,False,dempster,max_belief,3,2,1.0,1.0,nan
22,False,dempster,max_plausibility,3,2,1.0,1.0,nan
22,False,dempster,min_belief_interval_distance,3,2,1.0,1.0,nan
22,False,pcr6,betp,3,2,1.0,1.0,0.44677833164853376
22,False,pcr6,dsmp_epsilon_0.001,3,2,1.0,1.0,0.19251884622544457
22,False,pcr6,max_belief,3,2,1.0,1.0,nan
22,False,pcr6,max_plausibility,3,2,1.0,1.0,nan
22,False,pcr6,min_belief_interval_distance,3,2,1.0,1.0,nan
22,False,pcr6_plus,betp,3,2,1.0,1.0,0.4453606594074758
22,False,pcr6_plus,dsmp_epsilon_0.001,3,2,1.0,1.0,0.1931522469668378
22,False,pcr6_plus,max_belief,3,2,1.0,1.0,nan
22,False,pcr6_plus,max_plausibility,3,2,1.0,1.0,nan
22,False,pcr6_plus,min_belief_interval_distance,3,2,1.0,1.0,nan
24,False,dempster,betp,4,2,1.0,1.0,0.25539938783377625
24,False,dempster,dsmp_epsilon_0.001,4,2,1.0,1.0,0.22984760012616418
24,False,dempster,max_belief,4,2,1.0,1.0,nan
24,False,dempster,max_plausibility,4,2,1.0,1.0,nan
24,False,dempster,min_belief_interval_distance,4,2,1.0,1.0,nan
24,False,pcr6,betp,4,2,1.0,1.0,0.35611011223758354
24,False,pcr6,dsmp_epsilon_0.001,4,2,1.0,1.0,0.2910949804570979
24,False,pcr6,max_belief,4,2,1.0,1.0,nan
24,False,pcr6,max_plausibility,4,2,1.0,1.0,nan
24,False,pcr6,min_belief_interval_distance,4,2,1.0,1.0,nan
24,False,pcr6_plus,betp,4,2,1.0,1.0,0.31145557194601936
24,False,pcr6_plus,dsmp_epsilon_0.001,4,2,1.0,1.0,0.30369047754768497
24,False,pcr6_plus,max_belief,4,2,1.0,1.0,nan
24,False,pcr6_plus,max_plausibility,4,2,1.0,1.0,nan
24,False,pcr6_plus,min_belief_interval_distance,4,2,1.0,1.0,nan
26,False,dempster,betp,4,2,1.0,1.0,0.08929830453074808
26,False,dempster,dsmp_epsilon_0.001,4,2,1.0,1.0,1.064036674431045e-06
26,False,dempster,max_belief,4,2,1.0,1.0,nan
26,False,dempster,max_plausibility,4,2,1.0,1.0,nan
26,False,dempster,min_belief_interval_distance,4,2,1.0,1.0,nan
26,False,pcr6,betp,4,2,1.0,1.0,0.08929830453074808
26,False,pcr6,dsmp_epsilon_0.001,4,2,1.0,1.0,1.064036674431045e-06
26,False,pcr6,max_belief,4,2,1.0,1.0,nan
26,False,pcr6,max_plausibility,4,2,1.0,1.0,nan
26,False,pcr6,min_belief_interval_distance,4,2,1.0,1.0,nan
26,False,pcr6_plus,betp,4,2,1.0,1.0,0.08929830453074808
26,False,pcr6_plus,dsmp_epsilon_0.001,4,2,1.0,1.0,1.064036674431045e-06
26,False,pcr6_plus,max_belief,4,2,1.0,1.0,nan
26,False,pcr6_plus,max_plausibility,4,2,1.0,1.0,nan
26,False,pcr6_plus,min_belief_interval_distance,4,2,1.0,1.0,nan
27,False,dempster,betp,2,2,0.0,0.0,0.5367928463249322
27,False,dempster,dsmp_epsilon_0.001,2,2,0.0,0.0,1.252691412578127
27,False,dempster,max_belief,2,2,0.0,0.0,nan
27,False,dempster,max_plausibility,2,2,0.0,0.0,nan
27,False,dempster,min_belief_interval_distance,2,2,0.0,0.0,nan
27,False,pcr6,betp,2,2,0.0,0.0,0.5371445966064071
27,False,pcr6,dsmp_epsilon_0.001,2,2,0.0,0.0,1.2527868943901332
27,False,pcr6,max_belief,2,2,0.0,0.0,nan
27,False,pcr6,max_plausibility,2,2,0.0,0.0,nan
27,False,pcr6,min_belief_interval_distance,2,2,0.0,0.0,nan
27,False,pcr6_plus,betp,2,2,0.0,0.0,0.5371445966064071
27,False,pcr6_plus,dsmp_epsilon_0.001,2,2,0.0,0.0,1.2527868943901332
27,False,pcr6_plus,max_belief,2,2,0.0,0.0,nan
27,False,pcr6_plus,max_plausibility,2,2,0.0,0.0,nan
27,False,pcr6_plus,min_belief_interval_distance,2,2,0.0,0.0,nan
30,False,dempster,betp,4,2,1.0,1.0,0.16082725409919982
30,False,dempster,dsmp_epsilon_0.001,4,2,1.0,1.0,0.028042580805076555
30,False,dempster,max_belief,4,2,1.0,1.0,nan
30,False,dempster,max_plausibility,4,2,1.0,1.0,nan
30,False,dempster,min_belief_interval_distance,4,2,1.0,1.0,nan
30,False,pcr6,betp,4,2,1.0,1.0,0.1703802711636973
30,False,pcr6,dsmp_epsilon_0.001,4,2,1.0,1.0,0.027596929670559277
30,False,pcr6,max_belief,4,2,1.0,1.0,nan
30,False,pcr6,max_plausibility,4,2,1.0,1.0,nan
30,False,pcr6,min_belief_interval_distance,4,2,1.0,1.0,nan
30,False,pcr6_plus,betp,4,2,1.0,1.0,0.14506960840337232
30,False,pcr6_plus,dsmp_epsilon_0.001,4,2,1.0,1.0,0.026127306753114435
30,False,pcr6_plus,max_belief,4,2,1.0,1.0,nan
30,False,pcr6_plus,max_plausibility,4,2,1.0,1.0,nan
30,False,pcr6_plus,min_belief_interval_distance,4,2,1.0,1.0,nan
32,False,dempster,betp,4,2,1.0,1.0,0.06094544982855018
32,False,dempster,dsmp_epsilon_0.001,4,2,1.0,1.0,0.014237018757981801
32,False,dempster,max_belief,4,2,1.0,1.0,nan
32,False,dempster,max_plausibility,4,2,1.0,1.0,nan
32,False,dempster,min_belief_interval_distance,4,2,1.0,1.0,nan
32,False,pcr6,betp,4,2,1.0,1.0,0.0912659631335577
32,False,pcr6,dsmp_epsilon_0.001,4,2,1.0,1.0,0.017222568866408623
32,False,pcr6,max_belief,4,2,1.0,1.0,nan
32,False,pcr6,max_plausibility,4,2,1.0,1.0,nan
32,False,pcr6,min_belief_interval_distance,4,2,1.0,1.0,nan
32,False,pcr6_plus,betp,4,2,1.0,1.0,0.06166593012981074
32,False,pcr6_plus,dsmp_epsilon_0.001,4,2,1.0,1.0,0.022133243346856995
32,False,pcr6_plus,max_belief,4,2,1.0,1.0,nan
32,False,pcr6_plus,max_plausibility,4,2,1.0,1.0,nan
32,False,pcr6_plus,min_belief_interval_distance,4,2,1.0,1.0,nan
33,False,dempster,betp,4,2,0.0,0.0,0.561981499660815
33,False,dempster,dsmp_epsilon_0.001,4,2,0.0,0.0,0.8646819228062586
33,False,dempster,max_belief,4,2,0.0,0.0,nan
33,False,dempster,max_plausibility,4,2,0.0,0.0,nan
33,False,dempster,min_belief_interval_distance,4,2,0.0,0.0,nan
33,False,pcr6,betp,4,2,0.0,0.0,0.5615984130783737
33,False,pcr6,dsmp_epsilon_0.001,4,2,0.0,0.0,0.8648579310336457
33,False,pcr6,max_belief,4,2,0.0,0.0,nan
33,False,pcr6,max_plausibility,4,2,0.0,0.0,nan
33,False,pcr6,min_belief_interval_distance,4,2,0.0,0.0,nan
33,False,pcr6_plus,betp,4,2,0.0,0.0,0.5647773671607883
33,False,pcr6_plus,dsmp_epsilon_0.001,4,2,0.0,0.0,0.8655055934345462
33,False,pcr6_plus,max_belief,4,2,0.0,0.0,nan
33,False,pcr6_plus,max_plausibility,4,2,0.0,0.0,nan
33,False,pcr6_plus,min_belief_interval_distance,4,2,0.0,0.0,nan
37,False,dempster,betp,4,2,0.0,0.0,0.503825092868499
37,False,dempster,dsmp_epsilon_0.001,4,2,0.0,0.0,0.5428350438128449
37,False,dempster,max_belief,4,2,0.0,0.0,nan
37,False,dempster,max_plausibility,4,2,0.0,0.0,nan
37,False,dempster,min_belief_interval_distance,4,2,0.0,0.0,nan
37,False,pcr6,betp,4,2,0.0,0.0,0.5038033240068657
37,False,pcr6,dsmp_epsilon_0.001,4,2,0.0,0.0,0.5426402285482159
37,False,pcr6,max_belief,4,2,0.0,0.0,nan
37,False,pcr6,max_plausibility,4,2,0.0,0.0,nan
37,False,pcr6,min_belief_interval_distance,4,2,0.0,0.0,nan
37,False,pcr6_plus,betp,4,2,0.0,0.0,0.5033893488026076
37,False,pcr6_plus,dsmp_epsilon_0.001,4,2,0.0,0.0,0.5370554237533265
37,False,pcr6_plus,max_belief,4,2,0.0,0.0,nan
37,False,pcr6_plus,max_plausibility,4,2,0.0,0.0,nan
37,False,pcr6_plus,min_belief_interval_distance,4,2,0.0,0.0,nan
39,False,dempster,betp,4,2,1.0,1.0,0.35500151953585546
39,False,dempster,dsmp_epsilon_0.001,4,2,1.0,1.0,0.042382849733413344
39,False,dempster,max_belief,4,2,1.0,1.0,nan
39,False,dempster,max_plausibility,4,2,1.0,1.0,nan
39,False,dempster,min_belief_interval_distance,4,2,1.0,1.0,nan
39,False,pcr6,betp,4,2,1.0,1.0,0.3558199505369345
39,False,pcr6,dsmp_epsilon_0.001,4,2,1.0,1.0,0.042600479029784866
39,False,pcr6,max_belief,4,2,1.0,1.0,nan
39,False,pcr6,max_plausibility,4,2,1.0,1.0,nan
39,False,pcr6,min_belief_interval_distance,4,2,1.0,1.0,nan
39,False,pcr6_plus,betp,4,2,1.0,1.0,0.3538145110890681
39,False,pcr6_plus,dsmp_epsilon_0.001,4,2,1.0,1.0,0.046000222079516526
39,False,pcr6_plus,max_belief,4,2,1.0,1.0,nan
39,False,pcr6_plus,max_plausibility,4,2,1.0,1.0,nan
39,False,pcr6_plus,min_belief_interval_distance,4,2,1.0,1.0,nan
41,True,dempster,betp,6,3,0.0,0.0,1.3720965301793604
41,True,dempster,dsmp_epsilon_0.001,6,3,0.0,0.0,1.4715094589186033
41,True,dempster,max_belief,6,3,0.0,0.0,nan
41,True,dempster,max_plausibility,6,3,0.0,0.0,nan
41,True,dempster,min_belief_interval_distance,6,3,0.0,0.0,nan
41,True,pcr6,betp,6,3,0.0,0.0,1.3078897599247572
41,True,pcr6,dsmp_epsilon_0.001,6,3,0.0,0.0,1.46577032774676
41,True,pcr6,max_belief,6,3,0.0,0.0,nan
41,True,pcr6,max_plausibility,6,3,0.0,0.0,nan
41,True,pcr6,min_belief_interval_distance,6,3,0.0,0.0,nan
41,True,pcr6_plus,betp,6,3,0.0,0.0,1.3679646463047324
41,True,pcr6_plus,dsmp_epsilon_0.001,6,3,0.0,0.0,1.4619231104459065
41,True,pcr6_plus,max_belief,6,3,0.0,0.0,nan
41,True,pcr6_plus,max_plausibility,6,3,0.0,0.0,nan
41,True,pcr6_plus,min_belief_interval_distance,6,3,0.0,0.0,nan
45,False,dempster,betp,5,2,1.0,1.0,0.03512508958207023
45,False,dempster,dsmp_epsilon_0.001,5,2,1.0,1.0,6.98342646588423e-05
45,False,dempster,max_belief,5,2,1.0,1.0,nan
45,False,dempster,max_plausibility,5,2,1.0,1.0,nan
45,False,dempster,min_belief_interval_distance,5,2,1.0,1.0,nan
45,False,pcr6,betp,5,2,1.0,1.0,0.03682536772628676
45,False,pcr6,dsmp_epsilon_0.001,5,2,1.0,1.0,7.050551357636158e-05
45,False,pcr6,max_belief,5,2,1.0,1.0,nan
45,False,pcr6,max_plausibility,5,2,1.0,1.0,nan
45,False,pcr6,min_belief_interval_distance,5,2,1.0,1.0,nan
45,False,pcr6_plus,betp,5,2,1.0,1.0,0.03437920854440228
45,False,pcr6_plus,dsmp_epsilon_0.001,5,2,1.0,1.0,7.225799104316823e-05
45,False,pcr6_plus,max_belief,5,2,1.0,1.0,nan
45,False,pcr6_plus,max_plausibility,5,2,1.0,1.0,nan
45,False,pcr6_plus,min_belief_interval_distance,5,2,1.0,1.0,nan
47,True,dempster,betp,3,3,0.0,0.0,0.8298751198181958
47,True,dempster,dsmp_epsilon_0.001,3,3,0.0,0.0,0.8456328355621607
47,True,dempster,max_belief,3,3,0.0,0.0,nan
47,True,dempster,max_plausibility,3,3,0.0,0.0,nan
47,True,dempster,min_belief_interval_distance,3,3,0.0,0.0,nan
47,True,pcr6,betp,3,3,0.0,0.0,0.6299181729423687
47,True,pcr6,dsmp_epsilon_0.001,3,3,0.0,0.0,0.5629429448424903
47,True,pcr6,max_belief,3,3,1.0,1.0,nan
47,True,pcr6,max_plausibility,3,3,0.0,0.0,nan
47,True,pcr6,min_belief_interval_distance,3,3,0.0,0.0,nan
47,True,pcr6_plus,betp,3,3,0.0,0.0,0.6295884760265005
47,True,pcr6_plus,dsmp_epsilon_0.001,3,3,0.0,0.0,0.5622306940130668
47,True,pcr6_plus,max_belief,3,3,1.0,1.0,nan
47,True,pcr6_plus,max_plausibility,3,3,0.0,0.0,nan
47,True,pcr6_plus,min_belief_interval_distance,3,3,0.0,0.0,nan
48,True,dempster,betp,3,3,0.0,0.0,1.273253193453173
48,True,dempster,dsmp_epsilon_0.001,3,3,0.0,0.0,1.9564260296839933
48,True,dempster,max_belief,3,3,0.0,0.0,nan
48,True,dempster,max_plausibility,3,3,0.0,0.0,nan
48,True,dempster,min_belief_interval_distance,3,3,0.0,0.0,nan
48,True,pcr6,betp,3,3,0.0,0.0,1.2706757634155812
48,True,pcr6,dsmp_epsilon_0.001,3,3,0.0,0.0,1.9559485297256276
48,True,pcr6,max_belief,3,3,0.0,0.0,nan
48,True,pcr6,max_plausibility,3,3,0.0,0.0,nan
48,True,pcr6,min_belief_interval_distance,3,3,0.0,0.0,nan
48,True,pcr6_plus,betp,3,3,0.0,0.0,1.2776000076515004
48,True,pcr6_plus,dsmp_epsilon_0.001,3,3,0.0,0.0,1.9550192436471268
48,True,pcr6_plus,max_belief,3,3,0.0,0.0,nan
48,True,pcr6_plus,max_plausibility,3,3,0.0,0.0,nan
48,True,pcr6_plus,min_belief_interval_distance,3,3,0.0,0.0,nan
49,False,dempster,betp,3,2,0.0,0.0,1.7168882329183206
49,False,dempster,dsmp_epsilon_0.001,3,2,0.0,0.0,1.9590651095914793
49,False,dempster,max_belief,3,2,0.0,0.0,nan
49,False,dempster,max_plausibility,3,2,0.0,0.0,nan
49,False,dempster,min_belief_interval_distance,3,2,0.0,0.0,nan
49,False,pcr6,betp,3,2,0.0,0.0,1.6726072353037253
49,False,pcr6,dsmp_epsilon_0.001,3,2,0.0,0.0,1.9514992953087913
49,False,pcr6,max_belief,3,2,0.0,0.0,nan
49,False,pcr6,max_plausibility,3,2,0.0,0.0,nan
49,False,pcr6,min_belief_interval_distance,3,2,0.0,0.0,nan
49,False,pcr6_plus,betp,3,2,0.0,0.0,1.717718151125446
49,False,pcr6_plus,dsmp_epsilon_0.001,3,2,0.0,0.0,1.9442660890045593
49,False,pcr6_plus,max_belief,3,2,0.0,0.0,nan
49,False,pcr6_plus,max_plausibility,3,2,0.0,0.0,nan
49,False,pcr6_plus,min_belief_interval_distance,3,2,0.0,0.0,nan
51,False,dempster,betp,2,2,0.0,0.0,0.537737856016242
51,False,dempster,dsmp_epsilon_0.001,2,2,0.0,0.0,1.902582248646588
51,False,dempster,max_belief,2,2,0.0,0.0,nan
51,False,dempster,max_plausibility,2,2,0.0,0.0,nan
51,False,dempster,min_belief_interval_distance,2,2,0.0,0.0,nan
51,False,pcr6,betp,2,2,0.0,0.0,0.537737856016242
51,False,pcr6,dsmp_epsilon_0.001,2,2,0.0,0.0,1.902582248646588
51,False,pcr6,max_belief,2,2,0.0,0.0,nan
51,False,pcr6,max_plausibility,2,2,0.0,0.0,nan
51,False,pcr6,min_belief_interval_distance,2,2,0.0,0.0,nan
51,False,pcr6_plus,betp,2,2,0.0,0.0,0.537737856016242
51,False,pcr6_plus,dsmp_epsilon_0.001,2,2,0.0,0.0,1.902582248646588
51,False,pcr6_plus,max_belief,2,2,0.0,0.0,nan
51,False,pcr6_plus,max_plausibility,2,2,0.0,0.0,nan
51,False,pcr6_plus,min_belief_interval_distance,2,2,0.0,0.0,nan
53,True,dempster,betp,5,3,1.0,1.0,0.46271861130901865
53,True,dempster,dsmp_epsilon_0.001,5,3,1.0,1.0,0.09670526215891251
53,True,dempster,max_belief,5,3,1.0,1.0,nan
53,True,dempster,max_plausibility,5,3,1.0,1.0,nan
53,True,dempster,min_belief_interval_distance,5,3,1.0,1.0,nan
53,True,pcr6,betp,5,3,1.0,1.0,0.46560312179138663
53,True,pcr6,dsmp_epsilon_0.001,5,3,1.0,1.0,0.09629479875671842
53,True,pcr6,max_belief,5,3,1.0,1.0,nan
53,True,pcr6,max_plausibility,5,3,1.0,1.0,nan
53,True,pcr6,min_belief_interval_distance,5,3,1.0,1.0,nan
53,True,pcr6_plus,betp,5,3,1.0,1.0,0.4526474317094207
53,True,pcr6_plus,dsmp_epsilon_0.001,5,3,1.0,1.0,0.09675816686630001
53,True,pcr6_plus,max_belief,5,3,1.0,1.0,nan
53,True,pcr6_plus,max_plausibility,5,3,1.0,1.0,nan
53,True,pcr6_plus,min_belief_interval_distance,5,3,1.0,1.0,nan
54,False,dempster,betp,5,2,0.0,0.0,1.50001301794184
54,False,dempster,dsmp_epsilon_0.001,5,2,0.0,0.0,1.5608281620864362
54,False,dempster,max_belief,5,2,0.0,0.0,nan
54,False,dempster,max_plausibility,5,2,0.0,0.0,nan
54,False,dempster,min_belief_interval_distance,5,2,0.0,0.0,nan
54,False,pcr6,betp,5,2,0.0,0.0,0.8148359572401487
54,False,pcr6,dsmp_epsilon_0.001,5,2,0.0,0.0,1.1145957033611351
54,False,pcr6,max_belief,5,2,0.0,0.0,nan
54,False,pcr6,max_plausibility,5,2,0.0,0.0,nan
54,False,pcr6,min_belief_interval_distance,5,2,0.0,0.0,nan
54,False,pcr6_plus,betp,5,2,0.0,0.0,0.8994472783190463
54,False,pcr6_plus,dsmp_epsilon_0.001,5,2,0.0,0.0,0.9063299269298465
54,False,pcr6_plus,max_belief,5,2,0.0,0.0,nan
54,False,pcr6_plus,max_plausibility,5,2,0.0,0.0,nan
54,False,pcr6_plus,min_belief_interval_distance,5,2,0.0,0.0,nan
55,False,dempster,betp,2,2,1.0,1.0,0.498796067550459
55,False,dempster,dsmp_epsilon_0.001,2,2,1.0,1.0,0.4713442946998315
55,False,dempster,max_belief,2,2,1.0,1.0,nan
55,False,dempster,max_plausibility,2,2,1.0,1.0,nan
55,False,dempster,min_belief_interval_distance,2,2,1.0,1.0,nan
55,False,pcr6,betp,2,2,1.0,1.0,0.4987844474222161
55,False,pcr6,dsmp_epsilon_0.001,2,2,1.0,1.0,0.4713367852205276
55,False,pcr6,max_belief,2,2,1.0,1.0,nan
55,False,pcr6,max_plausibility,2,2,1.0,1.0,nan
55,False,pcr6,min_belief_interval_distance,2,2,1.0,1.0,nan
55,False,pcr6_plus,betp,2,2,1.0,1.0,0.4987844474222161
55,False,pcr6_plus,dsmp_epsilon_0.001,2,2,1.0,1.0,0.4713367852205276
55,False,pcr6_plus,max_belief,2,2,1.0,1.0,nan
55,False,pcr6_plus,max_plausibility,2,2,1.0,1.0,nan
55,False,pcr6_plus,min_belief_interval_distance,2,2,1.0,1.0,nan
56,False,dempster,betp,4,2,0.0,0.0,0.7070747554224479
56,False,dempster,dsmp_epsilon_0.001,4,2,0.0,0.0,1.8299003649696497
56,False,dempster,max_belief,4,2,0.0,0.0,nan
56,False,dempster,max_plausibility,4,2,0.0,0.0,nan
56,False,dempster,min_belief_interval_distance,4,2,0.0,0.0,nan
56,False,pcr6,betp,4,2,0.0,0.0,0.7067425551151438
56,False,pcr6,dsmp_epsilon_0.001,4,2,0.0,0.0,1.8297700550996876
56,False,pcr6,max_belief,4,2,0.0,0.0,nan
56,False,pcr6,max_plausibility,4,2,0.0,0.0,nan
56,False,pcr6,min_belief_interval_distance,4,2,0.0,0.0,nan
56,False,pcr6_plus,betp,4,2,0.0,0.0,0.7085228638621133
56,False,pcr6_plus,dsmp_epsilon_0.001,4,2,0.0,0.0,1.8275435776132154
56,False,pcr6_plus,max_belief,4,2,0.0,0.0,nan
56,False,pcr6_plus,max_plausibility,4,2,0.0,0.0,nan
56,False,pcr6_plus,min_belief_interval_distance,4,2,0.0,0.0,nan
60,False,dempster,betp,6,2,0.0,0.0,1.4113393187739183
60,False,dempster,dsmp_epsilon_0.001,6,2,0.0,0.0,1.460528162463268
60,False,dempster,max_belief,6,2,0.0,0.0,nan
60,False,dempster,max_plausibility,6,2,0.0,0.0,nan
60,False,dempster,min_belief_interval_distance,6,2,0.0,0.0,nan
60,False,pcr6,betp,6,2,0.0,0.0,0.7263163350367552
60,False,pcr6,dsmp_epsilon_0.001,6,2,0.0,0.0,1.0167088606396537
60,False,pcr6,max_belief,6,2,0.0,0.0,nan
60,False,pcr6,max_plausibility,6,2,0.0,0.0,nan
60,False,pcr6,min_belief_interval_distance,6,2,0.0,0.0,nan
60,False,pcr6_plus,betp,6,2,0.0,0.0,0.7979346544434379
60,False,pcr6_plus,dsmp_epsilon_0.001,6,2,0.0,0.0,0.8015737690561553
60,False,pcr6_plus,max_belief,6,2,0.0,0.0,nan
60,False,pcr6_plus,max_plausibility,6,2,0.0,0.0,nan
60,False,pcr6_plus,min_belief_interval_distance,6,2,0.0,0.0,nan
61,False,dempster,betp,3,2,0.0,0.0,0.5483370504251295
61,False,dempster,dsmp_epsilon_0.001,3,2,0.0,0.0,1.92332250561867
61,False,dempster,max_belief,3,2,0.0,0.0,nan
61,False,dempster,max_plausibility,3,2,0.0,0.0,nan
61,False,dempster,min_belief_interval_distance,3,2,0.0,0.0,nan
61,False,pcr6,betp,3,2,0.0,0.0,0.5483370504251295
61,False,pcr6,dsmp_epsilon_0.001,3,2,0.0,0.0,1.92332250561867
61,False,pcr6,max_belief,3,2,0.0,0.0,nan
61,False,pcr6,max_plausibility,3,2,0.0,0.0,nan
61,False,pcr6,min_belief_interval_distance,3,2,0.0,0.0,nan
61,False,pcr6_plus,betp,3,2,0.0,0.0,0.5483370504251295
61,False,pcr6_plus,dsmp_epsilon_0.001,3,2,0.0,0.0,1.92332250561867
61,False,pcr6_plus,max_belief,3,2,0.0,0.0,nan
61,False,pcr6_plus,max_plausibility,3,2,0.0,0.0,nan
61,False,pcr6_plus,min_belief_interval_distance,3,2,0.0,0.0,nan
62,False,dempster,betp,3,2,1.0,1.0,0.0004122729497648284
62,False,dempster,dsmp_epsilon_0.001,3,2,1.0,1.0,3.961024728690632e-06
62,False,dempster,max_belief,3,2,1.0,1.0,nan
62,False,dempster,max_plausibility,3,2,1.0,1.0,nan
62,False,dempster,min_belief_interval_distance,3,2,1.0,1.0,nan
62,False,pcr6,betp,3,2,1.0,1.0,0.000562861731539886
62,False,pcr6,dsmp_epsilon_0.001,3,2,1.0,1.0,1.8155445451857893e-05
62,False,pcr6,max_belief,3,2,1.0,1.0,nan
62,False,pcr6,max_plausibility,3,2,1.0,1.0,nan
62,False,pcr6,min_belief_interval_distance,3,2,1.0,1.0,nan
62,False,pcr6_plus,betp,3,2,1.0,1.0,0.00047737180986836235
62,False,pcr6_plus,dsmp_epsilon_0.001,3,2,1.0,1.0,2.0001811024117358e-05
62,False,pcr6_plus,max_belief,3,2,1.0,1.0,nan
62,False,pcr6_plus,max_plausibility,3,2,1.0,1.0,nan
62,False,pcr6_plus,min_belief_interval_distance,3,2,1.0,1.0,nan
63,False,dempster,betp,4,2,1.0,1.0,0.40893771042678867
63,False,dempster,dsmp_epsilon_0.001,4,2,1.0,1.0,0.29862512848086553
63,False,dempster,max_belief,4,2,1.0,1.0,nan
63,False,dempster,max_plausibility,4,2,1.0,1.0,nan
63,False,dempster,min_belief_interval_distance,4,2,1.0,1.0,nan
63,False,pcr6,betp,4,2,1.0,1.0,0.4089238639589139
63,False,pcr6,dsmp_epsilon_0.001,4,2,1.0,1.0,0.29196451185302563
63,False,pcr6,max_belief,4,2,1.0,1.0,nan
63,False,pcr6,max_plausibility,4,2,1.0,1.0,nan
63,False,pcr6,min_belief_interval_distance,4,2,1.0,1.0,nan
63,False,pcr6_plus,betp,4,2,1.0,1.0,0.3830940065904243
63,False,pcr6_plus,dsmp_epsilon_0.001,4,2,1.0,1.0,0.2656298202831035
63,False,pcr6_plus,max_belief,4,2,1.0,1.0,nan
63,False,pcr6_plus,max_plausibility,4,2,1.0,1.0,nan
63,False,pcr6_plus,min_belief_interval_distance,4,2,1.0,1.0,nan
64,False,dempster,betp,4,2,0.0,0.0,1.1537677611503085
64,False,dempster,dsmp_epsilon_0.001,4,2,0.0,0.0,1.6638452923981044
64,False,dempster,max_belief,4,2,0.0,0.0,nan
64,False,dempster,max_plausibility,4,2,0.0,0.0,nan
64,False,dempster,min_belief_interval_distance,4,2,0.0,0.0,nan
64,False,pcr6,betp,4,2,0.0,0.0,1.1156841559599242
64,False,pcr6,dsmp_epsilon_0.001,4,2,0.0,0.0,1.6580583810690217
64,False,pcr6,max_belief,4,2,0.0,0.0,nan
64,False,pcr6,max_plausibility,4,2,0.0,0.0,nan
64,False,pcr6,min_belief_interval_distance,4,2,0.0,0.0,nan
64,False,pcr6_plus,betp,4,2,0.0,0.0,1.1787274626104531
64,False,pcr6_plus,dsmp_epsilon_0.001,4,2,0.0,0.0,1.6429085266542787
64,False,pcr6_plus,max_belief,4,2,0.0,0.0,nan
64,False,pcr6_plus,max_plausibility,4,2,0.0,0.0,nan
64,False,pcr6_plus,min_belief_interval_distance,4,2,0.0,0.0,nan
66,False,dempster,betp,6,2,1.0,1.0,0.43451538266606127
66,False,dempster,dsmp_epsilon_0.001,6,2,1.0,1.0,0.43265829354818547
66,False,dempster,max_belief,6,2,1.0,1.0,nan
66,False,dempster,max_plausibility,6,2,1.0,1.0,nan
66,False,dempster,min_belief_interval_distance,6,2,1.0,1.0,nan
66,False,pcr6,betp,6,2,1.0,1.0,0.4877663905809454
66,False,pcr6,dsmp_epsilon_0.001,6,2,1.0,1.0,0.4757613992381932
66,False,pcr6,max_belief,6,2,1.0,1.0,nan
66,False,pcr6,max_plausibility,6,2,1.0,1.0,nan
66,False,pcr6,min_belief_interval_distance,6,2,1.0,1.0,nan
66,False,pcr6_plus,betp,6,2,1.0,1.0,0.484728361786519
66,False,pcr6_plus,dsmp_epsilon_0.001,6,2,1.0,1.0,0.4846811244443008
66,False,pcr6_plus,max_belief,6,2,1.0,1.0,nan
66,False,pcr6_plus,max_plausibility,6,2,1.0,1.0,nan
66,False,pcr6_plus,min_belief_interval_distance,6,2,1.0,1.0,nan
67,True,dempster,betp,5,3,0.0,0.0,0.6922244642442905
67,True,dempster,dsmp_epsilon_0.001,5,3,0.0,0.0,0.7020786997781276
67,True,dempster,max_belief,5,3,0.0,0.0,nan
67,True,dempster,max_plausibility,5,3,0.0,0.0,nan
67,True,dempster,min_belief_interval_distance,5,3,0.0,0.0,nan
67,True,pcr6,betp,5,3,0.0,0.0,0.6918479001179907
67,True,pcr6,dsmp_epsilon_0.001,5,3,0.0,0.0,0.7007241586313016
67,True,pcr6,max_belief,5,3,0.0,0.0,nan
67,True,pcr6,max_plausibility,5,3,0.0,0.0,nan
67,True,pcr6,min_belief_interval_distance,5,3,0.0,0.0,nan
67,True,pcr6_plus,betp,5,3,0.0,0.0,0.688364598610637
67,True,pcr6_plus,dsmp_epsilon_0.001,5,3,0.0,0.0,0.6713952607724927
67,True,pcr6_plus,max_belief,5,3,0.0,0.0,nan
67,True,pcr6_plus,max_plausibility,5,3,0.0,0.0,nan
67,True,pcr6_plus,min_belief_interval_distance,5,3,0.0,0.0,nan
68,False,dempster,betp,4,2,1.0,1.0,0.18010290282700622
68,False,dempster,dsmp_epsilon_0.001,4,2,1.0,1.0,4.461687912481085e-06
68,False,dempster,max_belief,4,2,1.0,1.0,nan
68,False,dempster,max_plausibility,4,2,1.0,1.0,nan
68,False,dempster,min_belief_interval_distance,4,2,1.0,1.0,nan
68,False,pcr6,betp,4,2,1.0,1.0,0.18010290282700622
68,False,pcr6,dsmp_epsilon_0.001,4,2,1.0,1.0,4.461687912481085e-06
68,False,pcr6,max_belief,4,2,1.0,1.0,nan
68,False,pcr6,max_plausibility,4,2,1.0,1.0,nan
68,False,pcr6,min_belief_interval_distance,4,2,1.0,1.0,nan
68,False,pcr6_plus,betp,4,2,1.0,1.0,0.18010290282700622
68,False,pcr6_plus,dsmp_epsilon_0.001,4,2,1.0,1.0,4.461687912481085e-06
68,False,pcr6_plus,max_belief,4,2,1.0,1.0,nan
68,False,pcr6_plus,max_plausibility,4,2,1.0,1.0,nan
68,False,pcr6_plus,min_belief_interval_distance,4,2,1.0,1.0,nan
69,False,dempster,betp,3,2,1.0,1.0,0.08905560428767065
69,False,dempster,dsmp_epsilon_0.001,3,2,1.0,1.0,0.005965973701203489
69,False,dempster,max_belief,3,2,1.0,1.0,nan
69,False,dempster,max_plausibility,3,2,1.0,1.0,nan
69,False,dempster,min_belief_interval_distance,3,2,1.0,1.0,nan
69,False,pcr6,betp,3,2,1.0,1.0,0.09477858308069434
69,False,pcr6,dsmp_epsilon_0.001,3,2,1.0,1.0,0.006313049889623262
69,False,pcr6,max_belief,3,2,1.0,1.0,nan
69,False,pcr6,max_plausibility,3,2,1.0,1.0,nan
69,False,pcr6,min_belief_interval_distance,3,2,1.0,1.0,nan
69,False,pcr6_plus,betp,3,2,1.0,1.0,0.08341896142688177
69,False,pcr6_plus,dsmp_epsilon_0.001,3,2,1.0,1.0,0.006713945968552206
69,False,pcr6_plus,max_belief,3,2,1.0,1.0,nan
69,False,pcr6_plus,max_plausibility,3,2,1.0,1.0,nan
69,False,pcr6_plus,min_belief_interval_distance,3,2,1.0,1.0,nan
70,False,dempster,betp,5,2,1.0,1.0,0.005001063781713233
70,False,dempster,dsmp_epsilon_0.001,5,2,1.0,1.0,0.00011977216913115154
70,False,dempster,max_belief,5,2,1.0,1.0,nan
70,False,dempster,max_plausibility,5,2,1.0,1.0,nan
70,False,dempster,min_belief_interval_distance,5,2,1.0,1.0,nan
70,False,pcr6,betp,5,2,1.0,1.0,0.009581415147154172
70,False,pcr6,dsmp_epsilon_0.001,5,2,1.0,1.0,0.0001537012362113188
70,False,pcr6,max_belief,5,2,1.0,1.0,nan
70,False,pcr6,max_plausibility,5,2,1.0,1.0,nan
70,False,pcr6,min_belief_interval_distance,5,2,1.0,1.0,nan
70,False,pcr6_plus,betp,5,2,1.0,1.0,0.004958969895281627
70,False,pcr6_plus,dsmp_epsilon_0.001,5,2,1.0,1.0,0.0002273416855772142
70,False,pcr6_plus,max_belief,5,2,1.0,1.0,nan
70,False,pcr6_plus,max_plausibility,5,2,1.0,1.0,nan
70,False,pcr6_plus,min_belief_interval_distance,5,2,1.0,1.0,nan
71,False,dempster,betp,4,2,0.0,0.0,0.80654172697062
71,False,dempster,dsmp_epsilon_0.001,4,2,0.0,0.0,1.4946832741555511
71,False,dempster,max_belief,4,2,0.0,0.0,nan
71,False,dempster,max_plausibility,4,2,0.0,0.0,nan
71,False,dempster,min_belief_interval_distance,4,2,0.0,0.0,nan
71,False,pcr6,betp,4,2,0.0,0.0,0.8021867192402109
71,False,pcr6,dsmp_epsilon_0.001,4,2,0.0,0.0,1.495914422482217
71,False,pcr6,max_belief,4,2,0.0,0.0,nan
71,False,pcr6,max_plausibility,4,2,0.0,0.0,nan
71,False,pcr6,min_belief_interval_distance,4,2,0.0,0.0,nan
71,False,pcr6_plus,betp,4,2,0.0,0.0,0.8232694758566172
71,False,pcr6_plus,dsmp_epsilon_0.001,4,2,0.0,0.0,1.5030149693497439
71,False,pcr6_plus,max_belief,4,2,0.0,0.0,nan
71,False,pcr6_plus,max_plausibility,4,2,0.0,0.0,nan
71,False,pcr6_plus,min_belief_interval_distance,4,2,0.0,0.0,nan
73,False,dempster,betp,3,2,1.0,1.0,0.050478959678481365
73,False,dempster,dsmp_epsilon_0.001,3,2,1.0,1.0,0.007395249001751241
73,False,dempster,max_belief,3,2,1.0,1.0,nan
73,False,dempster,max_plausibility,3,2,1.0,1.0,nan
73,False,dempster,min_belief_interval_distance,3,2,1.0,1.0,nan
73,False,pcr6,betp,3,2,1.0,1.0,0.06536725401566532
73,False,pcr6,dsmp_epsilon_0.001,3,2,1.0,1.0,0.009385588308502543
73,False,pcr6,max_belief,3,2,1.0,1.0,nan
73,False,pcr6,max_plausibility,3,2,1.0,1.0,nan
73,False,pcr6,min_belief_interval_distance,3,2,1.0,1.0,nan
73,False,pcr6_plus,betp,3,2,1.0,1.0,0.0492971670828857
73,False,pcr6_plus,dsmp_epsilon_0.001,3,2,1.0,1.0,0.0111440677784857
73,False,pcr6_plus,max_belief,3,2,1.0,1.0,nan
73,False,pcr6_plus,max_plausibility,3,2,1.0,1.0,nan
73,False,pcr6_plus,min_belief_interval_distance,3,2,1.0,1.0,nan
74,False,dempster,betp,3,2,1.0,1.0,0.42587900660888195
74,False,dempster,dsmp_epsilon_0.001,3,2,1.0,1.0,0.029944679407035713
74,False,dempster,max_belief,3,2,1.0,1.0,nan
74,False,dempster,max_plausibility,3,2,1.0,1.0,nan
74,False,dempster,min_belief_interval_distance,3,2,1.0,1.0,nan
74,False,pcr6,betp,3,2,1.0,1.0,0.4259072987129325
74,False,pcr6,dsmp_epsilon_0.001,3,2,1.0,1.0,0.02997703419155188
74,False,pcr6,max_belief,3,2,1.0,1.0,nan
74,False,pcr6,max_plausibility,3,2,1.0,1.0,nan
74,False,pcr6,min_belief_interval_distance,3,2,1.0,1.0,nan
74,False,pcr6_plus,betp,3,2,1.0,1.0,0.42535761167333236
74,False,pcr6_plus,dsmp_epsilon_0.001,3,2,1.0,1.0,0.03044254322509013
74,False,pcr6_plus,max_belief,3,2,1.0,1.0,nan
74,False,pcr6_plus,max_plausibility,3,2,1.0,1.0,nan
74,False,pcr6_plus,min_belief_interval_distance,3,2,1.0,1.0,nan
76,False,dempster,betp,3,2,1.0,1.0,0.03841277090720972
76,False,dempster,dsmp_epsilon_0.001,3,2,1.0,1.0,2.9246126252531304e-07
76,False,dempster,max_belief,3,2,1.0,1.0,nan
76,False,dempster,max_plausibility,3,2,1.0,1.0,nan
76,False,dempster,min_belief_interval_distance,3,2,1.0,1.0,nan
76,False,pcr6,betp,3,2,1.0,1.0,0.03841277090720972
76,False,pcr6,dsmp_epsilon_0.001,3,2,1.0,1.0,2.9246126252531304e-07
76,False,pcr6,max_belief,3,2,1.0,1.0,nan
76,False,pcr6,max_plausibility,3,2,1.0,1.0,nan
76,False,pcr6,min_belief_interval_distance,3,2,1.0,1.0,nan
76,False,pcr6_plus,betp,3,2,1.0,1.0,0.03841277090720972
76,False,pcr6_plus,dsmp_epsilon_0.001,3,2,1.0,1.0,2.9246126252531304e-07
76,False,pcr6_plus,max_belief,3,2,1.0,1.0,nan
76,False,pcr6_plus,max_plausibility,3,2,1.0,1.0,nan
76,False,pcr6_plus,min_belief_interval_distance,3,2,1.0,1.0,nan
77,False,dempster,betp,4,2,1.0,1.0,0.42064099020569473
77,False,dempster,dsmp_epsilon_0.001,4,2,1.0,1.0,0.09371528783603911
77,False,dempster,max_belief,4,2,1.0,1.0,nan
77,False,dempster,max_plausibility,4,2,1.0,1.0,nan
77,False,dempster,min_belief_interval_distance,4,2,1.0,1.0,nan
77,False,pcr6,betp,4,2,1.0,1.0,0.42092894497030026
77,False,pcr6,dsmp_epsilon_0.001,4,2,1.0,1.0,0.09394736677599856
77,False,pcr6,max_belief,4,2,1.0,1.0,nan
77,False,pcr6,max_plausibility,4,2,1.0,1.0,nan
77,False,pcr6,min_belief_interval_distance,4,2,1.0,1.0,nan
77,False,pcr6_plus,betp,4,2,1.0,1.0,0.42057759333977135
77,False,pcr6_plus,dsmp_epsilon_0.001,4,2,1.0,1.0,0.09929520567812823
77,False,pcr6_plus,max_belief,4,2,1.0,1.0,nan
77,False,pcr6_plus,max_plausibility,4,2,1.0,1.0,nan
77,False,pcr6_plus,min_belief_interval_distance,4,2,1.0,1.0,nan
80,False,dempster,betp,4,2,0.0,0.0,0.5641910293331499
80,False,dempster,dsmp_epsilon_0.001,4,2,0.0,0.0,0.6026014191048332
80,False,dempster,max_belief,4,2,0.0,0.0,nan
80,False,dempster,max_plausibility,4,2,0.0,0.0,nan
80,False,dempster,min_belief_interval_distance,4,2,0.0,0.0,nan
80,False,pcr6,betp,4,2,0.0,0.0,0.5607228439013119
80,False,pcr6,dsmp_epsilon_0.001,4,2,0.0,0.0,0.6087494842612188
80,False,pcr6,max_belief,4,2,0.0,0.0,nan
80,False,pcr6,max_plausibility,4,2,0.0,0.0,nan
80,False,pcr6,min_belief_interval_distance,4,2,0.0,0.0,nan
80,False,pcr6_plus,betp,4,2,0.0,0.0,0.5845754883377163
80,False,pcr6_plus,dsmp_epsilon_0.001,4,2,0.0,0.0,0.6201700150045992
80,False,pcr6_plus,max_belief,4,2,0.0,0.0,nan
80,False,pcr6_plus,max_plausibility,4,2,0.0,0.0,nan
80,False,pcr6_plus,min_belief_interval_distance,4,2,0.0,0.0,nan
81,False,dempster,betp,5,2,1.0,1.0,0.015334063138743973
81,False,dempster,dsmp_epsilon_0.001,5,2,1.0,1.0,0.00011773026846639693
81,False,dempster,max_belief,5,2,1.0,1.0,nan
81,False,dempster,max_plausibility,5,2,1.0,1.0,nan
81,False,dempster,min_belief_interval_distance,5,2,1.0,1.0,nan
81,False,pcr6,betp,5,2,1.0,1.0,0.018846979570645222
81,False,pcr6,dsmp_epsilon_0.001,5,2,1.0,1.0,0.00012879470535377457
81,False,pcr6,max_belief,5,2,1.0,1.0,nan
81,False,pcr6,max_plausibility,5,2,1.0,1.0,nan
81,False,pcr6,min_belief_interval_distance,5,2,1.0,1.0,nan
81,False,pcr6_plus,betp,5,2,1.0,1.0,0.014955915591684799
81,False,pcr6_plus,dsmp_epsilon_0.001,5,2,1.0,1.0,0.00017390871346292097
81,False,pcr6_plus,max_belief,5,2,1.0,1.0,nan
81,False,pcr6_plus,max_plausibility,5,2,1.0,1.0,nan
81,False,pcr6_plus,min_belief_interval_distance,5,2,1.0,1.0,nan
82,False,dempster,betp,5,2,1.0,1.0,0.00014348446734537777
82,False,dempster,dsmp_epsilon_0.001,5,2,1.0,1.0,6.438457709457803e-06
82,False,dempster,max_belief,5,2,1.0,1.0,nan
82,False,dempster,max_plausibility,5,2,1.0,1.0,nan
82,False,dempster,min_belief_interval_distance,5,2,1.0,1.0,nan
82,False,pcr6,betp,5,2,1.0,1.0,0.0034537142200993017
82,False,pcr6,dsmp_epsilon_0.001,5,2,1.0,1.0,3.365033785469807e-05
82,False,pcr6,max_belief,5,2,1.0,1.0,nan
82,False,pcr6,max_plausibility,5,2,1.0,1.0,nan
82,False,pcr6,min_belief_interval_distance,5,2,1.0,1.0,nan
82,False,pcr6_plus,betp,5,2,1.0,1.0,0.00031968856695845256
82,False,pcr6_plus,dsmp_epsilon_0.001,5,2,1.0,1.0,9.216510645709137e-05
82,False,pcr6_plus,max_belief,5,2,1.0,1.0,nan
82,False,pcr6_plus,max_plausibility,5,2,1.0,1.0,nan
82,False,pcr6_plus,min_belief_interval_distance,5,2,1.0,1.0,nan
83,False,dempster,betp,2,2,0.0,0.0,0.5229384576358191
83,False,dempster,dsmp_epsilon_0.001,2,2,0.0,0.0,1.8447453907412241
83,False,dempster,max_belief,2,2,0.0,0.0,nan
83,False,dempster,max_plausibility,2,2,0.0,0.0,nan
83,False,dempster,min_belief_interval_distance,2,2,0.0,0.0,nan
83,False,pcr6,betp,2,2,0.0,0.0,0.5229384576358191
83,False,pcr6,dsmp_epsilon_0.001,2,2,0.0,0.0,1.8447453907412241
83,False,pcr6,max_belief,2,2,0.0,0.0,nan
83,False,pcr6,max_plausibility,2,2,0.0,0.0,nan
83,False,pcr6,min_belief_interval_distance,2,2,0.0,0.0,nan
83,False,pcr6_plus,betp,2,2,0.0,0.0,0.5229384576358191
83,False,pcr6_plus,dsmp_epsilon_0.001,2,2,0.0,0.0,1.8447453907412241
83,False,pcr6_plus,max_belief,2,2,0.0,0.0,nan
83,False,pcr6_plus,max_plausibility,2,2,0.0,0.0,nan
83,False,pcr6_plus,min_belief_interval_distance,2,2,0.0,0.0,nan
90,False,dempster,betp,4,2,1.0,1.0,0.47848832779776246
90,False,dempster,dsmp_epsilon_0.001,4,2,1.0,1.0,0.388031319935693
90,False,dempster,max_belief,4,2,1.0,1.0,nan
90,False,dempster,max_plausibility,4,2,1.0,1.0,nan
90,False,dempster,min_belief_interval_distance,4,2,1.0,1.0,nan
90,False,pcr6,betp,4,2,1.0,1.0,0.4789154807835024
90,False,pcr6,dsmp_epsilon_0.001,4,2,1.0,1.0,0.3895050138141353
90,False,pcr6,max_belief,4,2,1.0,1.0,nan
90,False,pcr6,max_plausibility,4,2,1.0,1.0,nan
90,False,pcr6,min_belief_interval_distance,4,2,1.0,1.0,nan
90,False,pcr6_plus,betp,4,2,1.0,1.0,0.4822349281330218
90,False,pcr6_plus,dsmp_epsilon_0.001,4,2,1.0,1.0,0.4103971013383776
90,False,pcr6_plus,max_belief,4,2,1.0,1.0,nan
90,False,pcr6_plus,max_plausibility,4,2,1.0,1.0,nan
90,False,pcr6_plus,min_belief_interval_distance,4,2,1.0,1.0,nan
92,False,dempster,betp,4,2,1.0,1.0,0.002939882234476334
92,False,dempster,dsmp_epsilon_0.001,4,2,1.0,1.0,1.748786790846715e-05
92,False,dempster,max_belief,4,2,1.0,1.0,nan
92,False,dempster,max_plausibility,4,2,1.0,1.0,nan
92,False,dempster,min_belief_interval_distance,4,2,1.0,1.0,nan
92,False,pcr6,betp,4,2,1.0,1.0,0.004573897342194261
92,False,pcr6,dsmp_epsilon_0.001,4,2,1.0,1.0,2.415150716830922e-05
92,False,pcr6,max_belief,4,2,1.0,1.0,nan
92,False,pcr6,max_plausibility,4,2,1.0,1.0,nan
92,False,pcr6,min_belief_interval_distance,4,2,1.0,1.0,nan
92,False,pcr6_plus,betp,4,2,1.0,1.0,0.002949663068324419
92,False,pcr6_plus,dsmp_epsilon_0.001,4,2,1.0,1.0,3.699425953315611e-05
92,False,pcr6_plus,max_belief,4,2,1.0,1.0,nan
92,False,pcr6_plus,max_plausibility,4,2,1.0,1.0,nan
92,False,pcr6_plus,min_belief_interval_distance,4,2,1.0,1.0,nan
95,False,dempster,betp,4,2,1.0,1.0,0.3089550957483397
95,False,dempster,dsmp_epsilon_0.001,4,2,1.0,1.0,0.30332758136690413
95,False,dempster,max_belief,4,2,1.0,1.0,nan
95,False,dempster,max_plausibility,4,2,1.0,1.0,nan
95,False,dempster,min_belief_interval_distance,4,2,1.0,1.0,nan
95,False,pcr6,betp,4,2,1.0,1.0,0.4659610742576439
95,False,pcr6,dsmp_epsilon_0.001,4,2,1.0,1.0,0.44167401746907836
95,False,pcr6,max_belief,4,2,1.0,1.0,nan
95,False,pcr6,max_plausibility,4,2,1.0,1.0,nan
95,False,pcr6,min_belief_interval_distance,4,2,1.0,1.0,nan
95,False,pcr6_plus,betp,4,2,1.0,1.0,0.4601611954878952
95,False,pcr6_plus,dsmp_epsilon_0.001,4,2,1.0,1.0,0.4599984424909291
95,False,pcr6_plus,max_belief,4,2,1.0,1.0,nan
95,False,pcr6_plus,max_plausibility,4,2,1.0,1.0,nan
95,False,pcr6_plus,min_belief_interval_distance,4,2,1.0,1.0,nan
96,False,dempster,betp,5,2,0.0,0.0,1.7149957946530368
96,False,dempster,dsmp_epsilon_0.001,5,2,0.0,0.0,1.950170670316388
96,False,dempster,max_belief,5,2,0.0,0.0,nan
96,False,dempster,max_plausibility,5,2,0.0,0.0,nan
96,False,dempster,min_belief_interval_distance,5,2,0.0,0.0,nan
96,False,pcr6,betp,5,2,0.0,0.0,1.6454794713048886
96,False,pcr6,dsmp_epsilon_0.001,5,2,0.0,0.0,1.946073310693707
96,False,pcr6,max_belief,5,2,0.0,0.0,nan
96,False,pcr6,max_plausibility,5,2,0.0,0.0,nan
96,False,pcr6,min_belief_interval_distance,5,2,0.0,0.0,nan
96,False,pcr6_plus,betp,5,2,0.0,0.0,1.7197380544191514
96,False,pcr6_plus,dsmp_epsilon_0.001,5,2,0.0,0.0,1.936976229292868
96,False,pcr6_plus,max_belief,5,2,0.0,0.0,nan
96,False,pcr6_plus,max_plausibility,5,2,0.0,0.0,nan
96,False,pcr6_plus,min_belief_interval_distance,5,2,0.0,0.0,nan
97,False,dempster,betp,4,2,1.0,1.0,0.12494488814071446
97,False,dempster,dsmp_epsilon_0.001,4,2,1.0,1.0,1.9823499956020853e-06
97,False,dempster,max_belief,4,2,1.0,1.0,nan
97,False,dempster,max_plausibility,4,2,1.0,1.0,nan
97,False,dempster,min_belief_interval_distance,4,2,1.0,1.0,nan
97,False,pcr6,betp,4,2,1.0,1.0,0.12494488814071446
97,False,pcr6,dsmp_epsilon_0.001,4,2,1.0,1.0,1.9823499956020853e-06
97,False,pcr6,max_belief,4,2,1.0,1.0,nan
97,False,pcr6,max_plausibility,4,2,1.0,1.0,nan
97,False,pcr6,min_belief_interval_distance,4,2,1.0,1.0,nan
97,False,pcr6_plus,betp,4,2,1.0,1.0,0.12494488814071446
97,False,pcr6_plus,dsmp_epsilon_0.001,4,2,1.0,1.0,1.9823499956020853e-06
97,False,pcr6_plus,max_belief,4,2,1.0,1.0,nan
97,False,pcr6_plus,max_plausibility,4,2,1.0,1.0,nan
97,False,pcr6_plus,min_belief_interval_distance,4,2,1.0,1.0,nan
100,False,dempster,betp,3,2,1.0,1.0,0.004688053156517191
100,False,dempster,dsmp_epsilon_0.001,3,2,1.0,1.0,0.48188984478188396
100,False,dempster,max_belief,3,2,1.0,1.0,nan
100,False,dempster,max_plausibility,3,2,1.0,1.0,nan
100,False,dempster,min_belief_interval_distance,3,2,1.0,1.0,nan
100,False,pcr6,betp,3,2,1.0,1.0,0.004688053156517191
100,False,pcr6,dsmp_epsilon_0.001,3,2,1.0,1.0,0.48188984478188396
100,False,pcr6,max_belief,3,2,1.0,1.0,nan
100,False,pcr6,max_plausibility,3,2,1.0,1.0,nan
100,False,pcr6,min_belief_interval_distance,3,2,1.0,1.0,nan
100,False,pcr6_plus,betp,3,2,1.0,1.0,0.004688053156517191
100,False,pcr6_plus,dsmp_epsilon_0.001,3,2,1.0,1.0,0.48188984478188396
100,False,pcr6_plus,max_belief,3,2,1.0,1.0,nan
100,False,pcr6_plus,max_plausibility,3,2,1.0,1.0,nan
100,False,pcr6_plus,min_belief_interval_distance,3,2,1.0,1.0,nan
101,True,dempster,betp,6,4,1.0,1.0,0.16541454223294258
101,True,dempster,dsmp_epsilon_0.001,6,4,1.0,1.0,0.43169327308894134
101,True,dempster,max_belief,6,4,1.0,1.0,nan
101,True,dempster,max_plausibility,6,4,1.0,1.0,nan
101,True,dempster,min_belief_interval_distance,6,4,1.0,1.0,nan
101,True,pcr6,betp,6,4,1.0,1.0,0.15487418180268595
101,True,pcr6,dsmp_epsilon_0.001,6,4,1.0,1.0,0.4311621720713942
101,True,pcr6,max_belief,6,4,1.0,1.0,nan
101,True,pcr6,max_plausibility,6,4,1.0,1.0,nan
101,True,pcr6,min_belief_interval_distance,6,4,1.0,1.0,nan
101,True,pcr6_plus,betp,6,4,1.0,1.0,0.1717356345894553
101,True,pcr6_plus,dsmp_epsilon_0.001,6,4,1.0,1.0,0.42819517234630694
101,True,pcr6_plus,max_belief,6,4,1.0,1.0,nan
101,True,pcr6_plus,max_plausibility,6,4,1.0,1.0,nan
101,True,pcr6_plus,min_belief_interval_distance,6,4,1.0,1.0,nan
102,True,dempster,betp,5,3,0.0,0.5,0.375993892600833
102,True,dempster,dsmp_epsilon_0.001,5,3,0.0,0.5,0.46314685924059623
102,True,dempster,max_belief,5,3,0.0,0.5,nan
102,True,dempster,max_plausibility,5,3,0.0,0.5,nan
102,True,dempster,min_belief_interval_distance,5,3,0.0,0.5,nan
102,True,pcr6,betp,5,3,0.0,0.5,0.3381663191224105
102,True,pcr6,dsmp_epsilon_0.001,5,3,0.0,0.5,0.46169470057765527
102,True,pcr6,max_belief,5,3,0.0,0.5,nan
102,True,pcr6,max_plausibility,5,3,0.0,0.5,nan
102,True,pcr6,min_belief_interval_distance,5,3,0.0,0.5,nan
102,True,pcr6_plus,betp,5,3,0.0,0.5,0.3708669092889765
102,True,pcr6_plus,dsmp_epsilon_0.001,5,3,0.0,0.5,0.4599470899610253
102,True,pcr6_plus,max_belief,5,3,0.0,0.5,nan
102,True,pcr6_plus,max_plausibility,5,3,0.0,0.5,nan
102,True,pcr6_plus,min_belief_interval_distance,5,3,0.0,0.5,nan
103,False,dempster,betp,2,2,1.0,1.0,0.0010173761251183761
103,False,dempster,dsmp_epsilon_0.001,2,2,1.0,1.0,0.41597276714596043
103,False,dempster,max_belief,2,2,1.0,1.0,nan
103,False,dempster,max_plausibility,2,2,1.0,1.0,nan
103,False,dempster,min_belief_interval_distance,2,2,1.0,1.0,nan
103,False,pcr6,betp,2,2,1.0,1.0,0.001019795054214001
103,False,pcr6,dsmp_epsilon_0.001,2,2,1.0,1.0,0.41601012721074726
103,False,pcr6,max_belief,2,2,1.0,1.0,nan
103,False,pcr6,max_plausibility,2,2,1.0,1.0,nan
103,False,pcr6,min_belief_interval_distance,2,2,1.0,1.0,nan
103,False,pcr6_plus,betp,2,2,1.0,1.0,0.001019795054214001
103,False,pcr6_plus,dsmp_epsilon_0.001,2,2,1.0,1.0,0.41601012721074726
103,False,pcr6_plus,max_belief,2,2,1.0,1.0,nan
103,False,pcr6_plus,max_plausibility,2,2,1.0,1.0,nan
103,False,pcr6_plus,min_belief_interval_distance,2,2,1.0,1.0,nan
104,True,dempster,betp,6,3,0.0,0.5,0.3402965018401978
104,True,dempster,dsmp_epsilon_0.001,6,3,0.0,0.5,0.3452268822777915
104,True,dempster,max_belief,6,3,0.0,0.5,nan
104,True,dempster,max_plausibility,6,3,0.0,0.5,nan
104,True,dempster,min_belief_interval_distance,6,3,0.0,0.5,nan
104,True,pcr6,betp,6,3,0.0,0.5,0.16621738986972
104,True,pcr6,dsmp_epsilon_0.001,6,3,0.0,0.5,0.2847221088798777
104,True,pcr6,max_belief,6,3,0.0,0.5,nan
104,True,pcr6,max_plausibility,6,3,0.0,0.5,nan
104,True,pcr6,min_belief_interval_distance,6,3,0.0,0.5,nan
104,True,pcr6_plus,betp,6,3,0.0,0.5,0.17521933690924865
104,True,pcr6_plus,dsmp_epsilon_0.001,6,3,0.0,0.5,0.2544296977190619
104,True,pcr6_plus,max_belief,6,3,0.0,0.5,nan
104,True,pcr6_plus,max_plausibility,6,3,0.0,0.5,nan
104,True,pcr6_plus,min_belief_interval_distance,6,3,0.0,0.5,nan
105,False,dempster,betp,5,2,1.0,1.0,0.24259070111082748
105,False,dempster,dsmp_epsilon_0.001,5,2,1.0,1.0,0.4712752449315643
105,False,dempster,max_belief,5,2,1.0,1.0,nan
105,False,dempster,max_plausibility,5,2,1.0,1.0,nan
105,False,dempster,min_belief_interval_distance,5,2,1.0,1.0,nan
105,False,pcr6,betp,5,2,1.0,1.0,0.23388530859982365
105,False,pcr6,dsmp_epsilon_0.001,5,2,1.0,1.0,0.4710750341083217
105,False,pcr6,max_belief,5,2,1.0,1.0,nan
105,False,pcr6,max_plausibility,5,2,1.0,1.0,nan
105,False,pcr6,min_belief_interval_distance,5,2,1.0,1.0,nan
105,False,pcr6_plus,betp,5,2,1.0,1.0,0.24675896753332882
105,False,pcr6_plus,dsmp_epsilon_0.001,5,2,1.0,1.0,0.47015601595433776
105,False,pcr6_plus,max_belief,5,2,1.0,1.0,nan
105,False,pcr6_plus,max_plausibility,5,2,1.0,1.0,nan
105,False,pcr6_plus,min_belief_interval_distance,5,2,1.0,1.0,nan
106,False,dempster,betp,6,2,1.0,1.0,0.2528822874748034
106,False,dempster,dsmp_epsilon_0.001,6,2,1.0,1.0,0.41387839932781273
106,False,dempster,max_belief,6,2,1.0,1.0,nan
106,False,dempster,max_plausibility,6,2,1.0,1.0,nan
106,False,dempster,min_belief_interval_distance,6,2,1.0,1.0,nan
106,False,pcr6,betp,6,2,1.0,1.0,0.21209692394440163
106,False,pcr6,dsmp_epsilon_0.001,6,2,1.0,1.0,0.4119674386201052
106,False,pcr6,max_belief,6,2,1.0,1.0,nan
106,False,pcr6,max_plausibility,6,2,1.0,1.0,nan
106,False,pcr6,min_belief_interval_distance,6,2,1.0,1.0,nan
106,False,pcr6_plus,betp,6,2,1.0,1.0,0.2612691848808576
106,False,pcr6_plus,dsmp_epsilon_0.001,6,2,1.0,1.0,0.40320558629344727
106,False,pcr6_plus,max_belief,6,2,1.0,1.0,nan
106,False,pcr6_plus,max_plausibility,6,2,1.0,1.0,nan
106,False,pcr6_plus,min_belief_interval_distance,6,2,1.0,1.0,nan
108,False,dempster,betp,2,2,1.0,1.0,0.12448560789962025
108,False,dempster,dsmp_epsilon_0.001,2,2,1.0,1.0,0.49800176218073994
108,False,dempster,max_belief,2,2,1.0,1.0,nan
108,False,dempster,max_plausibility,2,2,1.0,1.0,nan
108,False,dempster,min_belief_interval_distance,2,2,1.0,1.0,nan
108,False,pcr6,betp,2,2,1.0,1.0,0.12448560789962025
108,False,pcr6,dsmp_epsilon_0.001,2,2,1.0,1.0,0.49800176218073994
108,False,pcr6,max_belief,2,2,1.0,1.0,nan
108,False,pcr6,max_plausibility,2,2,1.0,1.0,nan
108,False,pcr6,min_belief_interval_distance,2,2,1.0,1.0,nan
108,False,pcr6_plus,betp,2,2,1.0,1.0,0.12448560789962025
108,False,pcr6_plus,dsmp_epsilon_0.001,2,2,1.0,1.0,0.49800176218073994
108,False,pcr6_plus,max_belief,2,2,1.0,1.0,nan
108,False,pcr6_plus,max_plausibility,2,2,1.0,1.0,nan
108,False,pcr6_plus,min_belief_interval_distance,2,2,1.0,1.0,nan
109,False,dempster,betp,4,2,1.0,1.0,0.22100426581904872
109,False,dempster,dsmp_epsilon_0.001,4,2,1.0,1.0,0.44790844459108825
109,False,dempster,max_belief,4,2,1.0,1.0,nan
109,False,dempster,max_plausibility,4,2,1.0,1.0,nan
109,False,dempster,min_belief_interval_distance,4,2,1.0,1.0,nan
109,False,pcr6,betp,4,2,1.0,1.0,0.2098000678663752
109,False,pcr6,dsmp_epsilon_0.001,4,2,1.0,1.0,0.4469172361988599
109,False,pcr6,max_belief,4,2,1.0,1.0,nan
109,False,pcr6,max_plausibility,4,2,1.0,1.0,nan
109,False,pcr6,min_belief_interval_distance,4,2,1.0,1.0,nan
109,False,pcr6_plus,betp,4,2,1.0,1.0,0.22674557102449114
109,False,pcr6_plus,dsmp_epsilon_0.001,4,2,1.0,1.0,0.44410723809075375
109,False,pcr6_plus,max_belief,4,2,1.0,1.0,nan
109,False,pcr6_plus,max_plausibility,4,2,1.0,1.0,nan
109,False,pcr6_plus,min_belief_interval_distance,4,2,1.0,1.0,nan
110,True,dempster,betp,6,3,0.0,0.5,0.3653492997301407
110,True,dempster,dsmp_epsilon_0.001,6,3,0.0,0.5,0.45446257097200304
110,True,dempster,max_belief,6,3,0.0,0.5,nan
110,True,dempster,max_plausibility,6,3,0.0,0.5,nan
110,True,dempster,min_belief_interval_distance,6,3,0.0,0.5,nan
110,True,pcr6,betp,6,3,0.0,0.5,0.33245129078114927
110,True,pcr6,dsmp_epsilon_0.001,6,3,0.0,0.5,0.4537452481946376
110,True,pcr6,max_belief,6,3,0.0,0.5,nan
110,True,pcr6,max_plausibility,6,3,0.0,0.5,nan
110,True,pcr6,min_belief_interval_distance,6,3,0.0,0.5,nan
110,True,pcr6_plus,betp,6,3,0.0,0.5,0.35264516058132
110,True,pcr6_plus,dsmp_epsilon_0.001,6,3,0.0,0.5,0.453113416768785
110,True,pcr6_plus,max_belief,6,3,0.0,0.5,nan
110,True,pcr6_plus,max_plausibility,6,3,0.0,0.5,nan
110,True,pcr6_plus,min_belief_interval_distance,6,3,0.0,0.5,nan
111,True,dempster,betp,5,3,0.0,0.5,0.4370049990305889
111,True,dempster,dsmp_epsilon_0.001,5,3,0.0,0.5,0.3656211050185157
111,True,dempster,max_belief,5,3,0.0,0.5,nan
111,True,dempster,max_plausibility,5,3,0.0,0.5,nan
111,True,dempster,min_belief_interval_distance,5,3,0.0,0.5,nan
111,True,pcr6,betp,5,3,0.0,0.5,0.42289930818931104
111,True,pcr6,dsmp_epsilon_0.001,5,3,0.0,0.5,0.36038204600988333
111,True,pcr6,max_belief,5,3,0.0,0.5,nan
111,True,pcr6,max_plausibility,5,3,0.0,0.5,nan
111,True,pcr6,min_belief_interval_distance,5,3,0.0,0.5,nan
111,True,pcr6_plus,betp,5,3,0.0,0.5,0.4356987130481094
111,True,pcr6_plus,dsmp_epsilon_0.001,5,3,0.0,0.5,0.3582879240133011
111,True,pcr6_plus,max_belief,5,3,0.0,0.5,nan
111,True,pcr6_plus,max_plausibility,5,3,0.0,0.5,nan
111,True,pcr6_plus,min_belief_interval_distance,5,3,0.0,0.5,nan
112,False,dempster,betp,2,2,1.0,1.0,3.0628379733706724e-05
112,False,dempster,dsmp_epsilon_0.001,2,2,1.0,1.0,0.005319338963076072
112,False,dempster,max_belief,2,2,1.0,1.0,nan
112,False,dempster,max_plausibility,2,2,1.0,1.0,nan
112,False,dempster,min_belief_interval_distance,2,2,1.0,1.0,nan
112,False,pcr6,betp,2,2,1.0,1.0,3.171125700226095e-05
112,False,pcr6,dsmp_epsilon_0.001,2,2,1.0,1.0,0.005316519557749982
112,False,pcr6,max_belief,2,2,1.0,1.0,nan
112,False,pcr6,max_plausibility,2,2,1.0,1.0,nan
112,False,pcr6,min_belief_interval_distance,2,2,1.0,1.0,nan
112,False,pcr6_plus,betp,2,2,1.0,1.0,3.171125700226095e-05
112,False,pcr6_plus,dsmp_epsilon_0.001,2,2,1.0,1.0,0.005316519557749982
112,False,pcr6_plus,max_belief,2,2,1.0,1.0,nan
112,False,pcr6_plus,max_plausibility,2,2,1.0,1.0,nan
112,False,pcr6_plus,min_belief_interval_distance,2,2,1.0,1.0,nan
113,False,dempster,betp,5,2,1.0,1.0,0.45638815389888543
113,False,dempster,dsmp_epsilon_0.001,5,2,1.0,1.0,0.49990682063679676
113,False,dempster,max_belief,5,2,1.0,1.0,nan
113,False,dempster,max_plausibility,5,2,1.0,1.0,nan
113,False,dempster,min_belief_interval_distance,5,2,1.0,1.0,nan
113,False,pcr6,betp,5,2,1.0,1.0,0.45638815389888543
113,False,pcr6,dsmp_epsilon_0.001,5,2,1.0,1.0,0.49990682063679676
113,False,pcr6,max_belief,5,2,1.0,1.0,nan
113,False,pcr6,max_plausibility,5,2,1.0,1.0,nan
113,False,pcr6,min_belief_interval_distance,5,2,1.0,1.0,nan
113,False,pcr6_plus,betp,5,2,1.0,1.0,0.45638815389888543
113,False,pcr6_plus,dsmp_epsilon_0.001,5,2,1.0,1.0,0.49990682063679676
113,False,pcr6_plus,max_belief,5,2,1.0,1.0,nan
113,False,pcr6_plus,max_plausibility,5,2,1.0,1.0,nan
113,False,pcr6_plus,min_belief_interval_distance,5,2,1.0,1.0,nan
114,True,dempster,betp,6,3,1.0,1.0,0.04460072983351132
114,True,dempster,dsmp_epsilon_0.001,6,3,1.0,1.0,0.1839916231207374
114,True,dempster,max_belief,6,3,1.0,1.0,nan
114,True,dempster,max_plausibility,6,3,1.0,1.0,nan
114,True,dempster,min_belief_interval_distance,6,3,1.0,1.0,nan
114,True,pcr6,betp,6,3,1.0,1.0,0.039386810161413544
114,True,pcr6,dsmp_epsilon_0.001,6,3,1.0,1.0,0.1870439041758625
114,True,pcr6,max_belief,6,3,1.0,1.0,nan
114,True,pcr6,max_plausibility,6,3,1.0,1.0,nan
114,True,pcr6,min_belief_interval_distance,6,3,1.0,1.0,nan
114,True,pcr6_plus,betp,6,3,1.0,1.0,0.05132229284451137
114,True,pcr6_plus,dsmp_epsilon_0.001,6,3,1.0,1.0,0.2002474956254124
114,True,pcr6_plus,max_belief,6,3,1.0,1.0,nan
114,True,pcr6_plus,max_plausibility,6,3,1.0,1.0,nan
114,True,pcr6_plus,min_belief_interval_distance,6,3,1.0,1.0,nan
115,False,dempster,betp,6,2,1.0,1.0,0.4647797088473149
115,False,dempster,dsmp_epsilon_0.001,6,2,1.0,1.0,0.4918994699362261
115,False,dempster,max_belief,6,2,1.0,1.0,nan
115,False,dempster,max_plausibility,6,2,1.0,1.0,nan
115,False,dempster,min_belief_interval_distance,6,2,1.0,1.0,nan
115,False,pcr6,betp,6,2,1.0,1.0,0.38744584988088715
115,False,pcr6,dsmp_epsilon_0.001,6,2,1.0,1.0,0.4885001406604172
115,False,pcr6,max_belief,6,2,1.0,1.0,nan
115,False,pcr6,max_plausibility,6,2,1.0,1.0,nan
115,False,pcr6,min_belief_interval_distance,6,2,1.0,1.0,nan
115,False,pcr6_plus,betp,6,2,1.0,1.0,0.45774051814292543
115,False,pcr6_plus,dsmp_epsilon_0.001,6,2,1.0,1.0,0.48113816148435806
115,False,pcr6_plus,max_belief,6,2,1.0,1.0,nan
115,False,pcr6_plus,max_plausibility,6,2,1.0,1.0,nan
115,False,pcr6_plus,min_belief_interval_distance,6,2,1.0,1.0,nan
116,False,dempster,betp,6,2,1.0,1.0,0.040982191722878286
116,False,dempster,dsmp_epsilon_0.001,6,2,1.0,1.0,0.09562266927687896
116,False,dempster,max_belief,6,2,1.0,1.0,nan
116,False,dempster,max_plausibility,6,2,1.0,1.0,nan
116,False,dempster,min_belief_interval_distance,6,2,1.0,1.0,nan
116,False,pcr6,betp,6,2,1.0,1.0,0.029631785076630224
116,False,pcr6,dsmp_epsilon_0.001,6,2,1.0,1.0,0.0945538657081294
116,False,pcr6,max_belief,6,2,1.0,1.0,nan
116,False,pcr6,max_plausibility,6,2,1.0,1.0,nan
116,False,pcr6,min_belief_interval_distance,6,2,1.0,1.0,nan
116,False,pcr6_plus,betp,6,2,1.0,1.0,0.049171660846392795
116,False,pcr6_plus,dsmp_epsilon_0.001,6,2,1.0,1.0,0.09389067232765755
116,False,pcr6_plus,max_belief,6,2,1.0,1.0,nan
116,False,pcr6_plus,max_plausibility,6,2,1.0,1.0,nan
116,False,pcr6_plus,min_belief_interval_distance,6,2,1.0,1.0,nan
117,False,dempster,betp,4,2,1.0,1.0,0.27844988421777694
117,False,dempster,dsmp_epsilon_0.001,4,2,1.0,1.0,0.4717862613128183
117,False,dempster,max_belief,4,2,1.0,1.0,nan
117,False,dempster,max_plausibility,4,2,1.0,1.0,nan
117,False,dempster,min_belief_interval_distance,4,2,1.0,1.0,nan
117,False,pcr6,betp,4,2,1.0,1.0,0.2662646004326218
117,False,pcr6,dsmp_epsilon_0.001,4,2,1.0,1.0,0.4706593477475141
117,False,pcr6,max_belief,4,2,1.0,1.0,nan
117,False,pcr6,max_plausibility,4,2,1.0,1.0,nan
117,False,pcr6,min_belief_interval_distance,4,2,1.0,1.0,nan
117,False,pcr6_plus,betp,4,2,1.0,1.0,0.28182288781327963
117,False,pcr6_plus,dsmp_epsilon_0.001,4,2,1.0,1.0,0.46788326045919376
117,False,pcr6_plus,max_belief,4,2,1.0,1.0,nan
117,False,pcr6_plus,max_plausibility,4,2,1.0,1.0,nan
117,False,pcr6_plus,min_belief_interval_distance,4,2,1.0,1.0,nan
118,True,dempster,betp,6,3,1.0,1.0,0.10908699864845071
118,True,dempster,dsmp_epsilon_0.001,6,3,1.0,1.0,0.4889658488008318
118,True,dempster,max_belief,6,3,1.0,1.0,nan
118,True,dempster,max_plausibility,6,3,1.0,1.0,nan
118,True,dempster,min_belief_interval_distance,6,3,1.0,1.0,nan
118,True,pcr6,betp,6,3,1.0,1.0,0.10875269876137297
118,True,pcr6,dsmp_epsilon_0.001,6,3,1.0,1.0,0.48895154813174374
118,True,pcr6,max_belief,6,3,1.0,1.0,nan
118,True,pcr6,max_plausibility,6,3,1.0,1.0,nan
118,True,pcr6,min_belief_interval_distance,6,3,1.0,1.0,nan
118,True,pcr6_plus,betp,6,3,1.0,1.0,0.10939656913504558
118,True,pcr6_plus,dsmp_epsilon_0.001,6,3,1.0,1.0,0.48882425888859216
118,True,pcr6_plus,max_belief,6,3,1.0,1.0,nan
118,True,pcr6_plus,max_plausibility,6,3,1.0,1.0,nan
118,True,pcr6_plus,min_belief_interval_distance,6,3,1.0,1.0,nan
119,True,dempster,betp,5,3,0.0,0.5,0.4161147045913039
119,True,dempster,dsmp_epsilon_0.001,5,3,0.0,0.5,0.379155263313568
119,True,dempster,max_belief,5,3,0.0,0.5,nan
119,True,dempster,max_plausibility,5,3,0.0,0.5,nan
119,True,dempster,min_belief_interval_distance,5,3,0.0,0.5,nan
119,True,pcr6,betp,5,3,0.0,0.5,0.4109234127958694
119,True,pcr6,dsmp_epsilon_0.001,5,3,0.0,0.5,0.37911682165817573
119,True,pcr6,max_belief,5,3,0.0,0.5,nan
119,True,pcr6,max_plausibility,5,3,0.0,0.5,nan
119,True,pcr6,min_belief_interval_distance,5,3,0.0,0.5,nan
119,True,pcr6_plus,betp,5,3,0.0,0.5,0.41517575455231936
119,True,pcr6_plus,dsmp_epsilon_0.001,5,3,0.0,0.5,0.37920020211914374
119,True,pcr6_plus,max_belief,5,3,0.0,0.5,nan
119,True,pcr6_plus,max_plausibility,5,3,0.0,0.5,nan
119,True,pcr6_plus,min_belief_interval_distance,5,3,0.0,0.5,nan
121,False,dempster,betp,3,2,1.0,1.0,0.00252518997260362
121,False,dempster,dsmp_epsilon_0.001,3,2,1.0,1.0,0.22052276080042524
121,False,dempster,max_belief,3,2,1.0,1.0,nan
121,False,dempster,max_plausibility,3,2,1.0,1.0,nan
121,False,dempster,min_belief_interval_distance,3,2,1.0,1.0,nan
121,False,pcr6,betp,3,2,1.0,1.0,0.002521686923684453
121,False,pcr6,dsmp_epsilon_0.001,3,2,1.0,1.0,0.22035292120413016
121,False,pcr6,max_belief,3,2,1.0,1.0,nan
121,False,pcr6,max_plausibility,3,2,1.0,1.0,nan
121,False,pcr6,min_belief_interval_distance,3,2,1.0,1.0,nan
121,False,pcr6_plus,betp,3,2,1.0,1.0,0.0025678229241388696
121,False,pcr6_plus,dsmp_epsilon_0.001,3,2,1.0,1.0,0.21808949299530556
121,False,pcr6_plus,max_belief,3,2,1.0,1.0,nan
121,False,pcr6_plus,max_plausibility,3,2,1.0,1.0,nan
121,False,pcr6_plus,min_belief_interval_distance,3,2,1.0,1.0,nan
122,False,dempster,betp,4,2,1.0,1.0,0.07583781318881569
122,False,dempster,dsmp_epsilon_0.001,4,2,1.0,1.0,0.11232537049002375
122,False,dempster,max_belief,4,2,1.0,1.0,nan
122,False,dempster,max_plausibility,4,2,1.0,1.0,nan
122,False,dempster,min_belief_interval_distance,4,2,1.0,1.0,nan
122,False,pcr6,betp,4,2,1.0,1.0,0.03035392667325084
122,False,pcr6,dsmp_epsilon_0.001,4,2,1.0,1.0,0.06460825560052569
122,False,pcr6,max_belief,4,2,1.0,1.0,nan
122,False,pcr6,max_plausibility,4,2,1.0,1.0,nan
122,False,pcr6,min_belief_interval_distance,4,2,1.0,1.0,nan
122,False,pcr6_plus,betp,4,2,1.0,1.0,0.032338373981794705
122,False,pcr6_plus,dsmp_epsilon_0.001,4,2,1.0,1.0,0.040189282310539594
122,False,pcr6_plus,max_belief,4,2,1.0,1.0,nan
122,False,pcr6_plus,max_plausibility,4,2,1.0,1.0,nan
122,False,pcr6_plus,min_belief_interval_distance,4,2,1.0,1.0,nan
123,False,dempster,betp,3,2,1.0,1.0,6.41600382907852e-05
123,False,dempster,dsmp_epsilon_0.001,3,2,1.0,1.0,0.011383706332726475
123,False,dempster,max_belief,3,2,1.0,1.0,nan
123,False,dempster,max_plausibility,3,2,1.0,1.0,nan
123,False,dempster,min_belief_interval_distance,3,2,1.0,1.0,nan
123,False,pcr6,betp,3,2,1.0,1.0,6.424655765789392e-05
123,False,pcr6,dsmp_epsilon_0.001,3,2,1.0,1.0,0.011401054347757584
123,False,pcr6,max_belief,3,2,1.0,1.0,nan
123,False,pcr6,max_plausibility,3,2,1.0,1.0,nan
123,False,pcr6,min_belief_interval_distance,3,2,1.0,1.0,nan
123,False,pcr6_plus,betp,3,2,1.0,1.0,6.833046081686702e-05
123,False,pcr6_plus,dsmp_epsilon_0.001,3,2,1.0,1.0,0.011713237180530418
123,False,pcr6_plus,max_belief,3,2,1.0,1.0,nan
123,False,pcr6_plus,max_plausibility,3,2,1.0,1.0,nan
123,False,pcr6_plus,min_belief_interval_distance,3,2,1.0,1.0,nan
124,True,dempster,betp,5,3,1.0,1.0,0.02288501840150806
124,True,dempster,dsmp_epsilon_0.001,5,3,1.0,1.0,0.04202016333314952
124,True,dempster,max_belief,5,3,1.0,1.0,nan
124,True,dempster,max_plausibility,5,3,1.0,1.0,nan
124,True,dempster,min_belief_interval_distance,5,3,1.0,1.0,nan
124,True,pcr6,betp,5,3,1.0,1.0,0.02483524406939743
124,True,pcr6,dsmp_epsilon_0.001,5,3,1.0,1.0,0.04308309078641126
124,True,pcr6,max_belief,5,3,1.0,1.0,nan
124,True,pcr6,max_plausibility,5,3,1.0,1.0,nan
124,True,pcr6,min_belief_interval_distance,5,3,1.0,1.0,nan
124,True,pcr6_plus,betp,5,3,1.0,1.0,0.023220129669376872
124,True,pcr6_plus,dsmp_epsilon_0.001,5,3,1.0,1.0,0.05466574630781704
124,True,pcr6_plus,max_belief,5,3,1.0,1.0,nan
124,True,pcr6_plus,max_plausibility,5,3,1.0,1.0,nan
124,True,pcr6_plus,min_belief_interval_distance,5,3,1.0,1.0,nan
125,False,dempster,betp,3,2,1.0,1.0,0.047240338009708276
125,False,dempster,dsmp_epsilon_0.001,3,2,1.0,1.0,0.22907538029901134
125,False,dempster,max_belief,3,2,1.0,1.0,nan
125,False,dempster,max_plausibility,3,2,1.0,1.0,nan
125,False,dempster,min_belief_interval_distance,3,2,1.0,1.0,nan
125,False,pcr6,betp,3,2,1.0,1.0,0.04533894636127764
125,False,pcr6,dsmp_epsilon_0.001,3,2,1.0,1.0,0.22398714782047502
125,False,pcr6,max_belief,3,2,1.0,1.0,nan
125,False,pcr6,max_plausibility,3,2,1.0,1.0,nan
125,False,pcr6,min_belief_interval_distance,3,2,1.0,1.0,nan
125,False,pcr6_plus,betp,3,2,1.0,1.0,0.04940079528550785
125,False,pcr6_plus,dsmp_epsilon_0.001,3,2,1.0,1.0,0.21404060068967345
125,False,pcr6_plus,max_belief,3,2,1.0,1.0,nan
125,False,pcr6_plus,max_plausibility,3,2,1.0,1.0,nan
125,False,pcr6_plus,min_belief_interval_distance,3,2,1.0,1.0,nan
126,False,dempster,betp,6,2,1.0,1.0,0.0012354787219059477
126,False,dempster,dsmp_epsilon_0.001,6,2,1.0,1.0,0.12761046515337815
126,False,dempster,max_belief,6,2,1.0,1.0,nan
126,False,dempster,max_plausibility,6,2,1.0,1.0,nan
126,False,dempster,min_belief_interval_distance,6,2,1.0,1.0,nan
126,False,pcr6,betp,6,2,1.0,1.0,0.001231296678110237
126,False,pcr6,dsmp_epsilon_0.001,6,2,1.0,1.0,0.12759404755610643
126,False,pcr6,max_belief,6,2,1.0,1.0,nan
126,False,pcr6,max_plausibility,6,2,1.0,1.0,nan
126,False,pcr6,min_belief_interval_distance,6,2,1.0,1.0,nan
126,False,pcr6_plus,betp,6,2,1.0,1.0,0.0012615270588773935
126,False,pcr6_plus,dsmp_epsilon_0.001,6,2,1.0,1.0,0.12589213604591304
126,False,pcr6_plus,max_belief,6,2,1.0,1.0,nan
126,False,pcr6_plus,max_plausibility,6,2,1.0,1.0,nan
126,False,pcr6_plus,min_belief_interval_distance,6,2,1.0,1.0,nan
127,True,dempster,betp,6,4,0.0,0.0,1.3743355708044307
127,True,dempster,dsmp_epsilon_0.001,6,4,0.0,0.0,1.4628942795024593
127,True,dempster,max_belief,6,4,0.0,0.0,nan
127,True,dempster,max_plausibility,6,4,0.0,0.0,nan
127,True,dempster,min_belief_interval_distance,6,4,0.0,0.0,nan
127,True,pcr6,betp,6,4,0.0,0.0,0.9302633380346779
127,True,pcr6,dsmp_epsilon_0.001,6,4,0.0,0.0,1.4229343494578892
127,True,pcr6,max_belief,6,4,0.0,0.0,nan
127,True,pcr6,max_plausibility,6,4,0.0,0.0,nan
127,True,pcr6,min_belief_interval_distance,6,4,0.0,0.0,nan
127,True,pcr6_plus,betp,6,4,0.0,0.0,1.0234263565766355
127,True,pcr6_plus,dsmp_epsilon_0.001,6,4,0.0,0.0,1.3659022555599878
127,True,pcr6_plus,max_belief,6,4,0.0,0.0,nan
127,True,pcr6_plus,max_plausibility,6,4,0.0,0.5,nan
127,True,pcr6_plus,min_belief_interval_distance,6,4,0.0,0.0,nan
128,True,dempster,betp,5,3,0.0,0.5,0.21847942235939385
128,True,dempster,dsmp_epsilon_0.001,5,3,0.0,0.5,0.624049831972357
128,True,dempster,max_belief,5,3,0.0,0.5,nan
128,True,dempster,max_plausibility,5,3,0.0,0.5,nan
128,True,dempster,min_belief_interval_distance,5,3,0.0,0.5,nan
128,True,pcr6,betp,5,3,0.0,0.5,0.21780976090923515
128,True,pcr6,dsmp_epsilon_0.001,5,3,0.0,0.5,0.6237450045931726
128,True,pcr6,max_belief,5,3,0.0,0.5,nan
128,True,pcr6,max_plausibility,5,3,0.0,0.5,nan
128,True,pcr6,min_belief_interval_distance,5,3,0.0,0.5,nan
128,True,pcr6_plus,betp,5,3,0.0,0.5,0.2196038839883097
128,True,pcr6_plus,dsmp_epsilon_0.001,5,3,0.0,0.5,0.6147603196759888
128,True,pcr6_plus,max_belief,5,3,0.0,0.5,nan
128,True,pcr6_plus,max_plausibility,5,3,0.0,0.5,nan
128,True,pcr6_plus,min_belief_interval_distance,5,3,0.0,0.5,nan
129,True,dempster,betp,5,3,0.0,0.5,0.4312699514946834
129,True,dempster,dsmp_epsilon_0.001,5,3,0.0,0.5,0.8457395338994619
129,True,dempster,max_belief,5,3,0.0,0.5,nan
129,True,dempster,max_plausibility,5,3,0.0,0.5,nan
129,True,dempster,min_belief_interval_distance,5,3,0.0,0.5,nan
129,True,pcr6,betp,5,3,0.0,0.5,0.42533074142843785
129,True,pcr6,dsmp_epsilon_0.001,5,3,0.0,0.5,0.843408900942338
129,True,pcr6,max_belief,5,3,0.0,0.5,nan
129,True,pcr6,max_plausibility,5,3,0.0,0.5,nan
129,True,pcr6,min_belief_interval_distance,5,3,0.0,0.5,nan
129,True,pcr6_plus,betp,5,3,0.0,0.5,0.431253497815115
129,True,pcr6_plus,dsmp_epsilon_0.001,5,3,0.0,0.5,0.8417494644954697
129,True,pcr6_plus,max_belief,5,3,0.0,0.5,nan
129,True,pcr6_plus,max_plausibility,5,3,0.0,0.5,nan
129,True,pcr6_plus,min_belief_interval_distance,5,3,0.0,0.5,nan
130,False,dempster,betp,6,2,1.0,1.0,0.26133500037601387
130,False,dempster,dsmp_epsilon_0.001,6,2,1.0,1.0,0.47597012624582796
130,False,dempster,max_belief,6,2,1.0,1.0,nan
130,False,dempster,max_plausibility,6,2,1.0,1.0,nan
130,False,dempster,min_belief_interval_distance,6,2,1.0,1.0,nan
130,False,pcr6,betp,6,2,1.0,1.0,0.25141147438024675
130,False,pcr6,dsmp_epsilon_0.001,6,2,1.0,1.0,0.47563565241696043
130,False,pcr6,max_belief,6,2,1.0,1.0,nan
130,False,pcr6,max_plausibility,6,2,1.0,1.0,nan
130,False,pcr6,min_belief_interval_distance,6,2,1.0,1.0,nan
130,False,pcr6_plus,betp,6,2,1.0,1.0,0.26453287862026453
130,False,pcr6_plus,dsmp_epsilon_0.001,6,2,1.0,1.0,0.47378335258178966
130,False,pcr6_plus,max_belief,6,2,1.0,1.0,nan
130,False,pcr6_plus,max_plausibility,6,2,1.0,1.0,nan
130,False,pcr6_plus,min_belief_interval_distance,6,2,1.0,1.0,nan
131,True,dempster,betp,6,3,0.0,0.5,0.42055654956056016
131,True,dempster,dsmp_epsilon_0.001,6,3,0.0,0.5,0.4455825956822983
131,True,dempster,max_belief,6,3,0.0,0.5,nan
131,True,dempster,max_plausibility,6,3,0.0,0.5,nan
131,True,dempster,min_belief_interval_distance,6,3,0.0,0.5,nan
131,True,pcr6,betp,6,3,0.0,0.5,0.41958959986066807
131,True,pcr6,dsmp_epsilon_0.001,6,3,0.0,0.5,0.4455168929869848
131,True,pcr6,max_belief,6,3,0.0,0.5,nan
131,True,pcr6,max_plausibility,6,3,0.0,0.5,nan
131,True,pcr6,min_belief_interval_distance,6,3,0.0,0.5,nan
131,True,pcr6_plus,betp,6,3,0.0,0.5,0.42028383267460506
131,True,pcr6_plus,dsmp_epsilon_0.001,6,3,0.0,0.5,0.4442689874164498
131,True,pcr6_plus,max_belief,6,3,0.0,0.5,nan
131,True,pcr6_plus,max_plausibility,6,3,0.0,0.5,nan
131,True,pcr6_plus,min_belief_interval_distance,6,3,0.0,0.5,nan
132,False,dempster,betp,5,2,0.0,0.5,0.5502456649621474
132,False,dempster,dsmp_epsilon_0.001,5,2,0.0,0.5,0.8886658973941051
132,False,dempster,max_belief,5,2,0.0,0.5,nan
132,False,dempster,max_plausibility,5,2,0.0,0.5,nan
132,False,dempster,min_belief_interval_distance,5,2,0.0,0.5,nan
132,False,pcr6,betp,5,2,0.0,0.5,0.5499633423856336
132,False,pcr6,dsmp_epsilon_0.001,5,2,0.0,0.5,0.8881892073097559
132,False,pcr6,max_belief,5,2,0.0,0.5,nan
132,False,pcr6,max_plausibility,5,2,0.0,0.5,nan
132,False,pcr6,min_belief_interval_distance,5,2,0.0,0.5,nan
132,False,pcr6_plus,betp,5,2,0.0,0.5,0.5500625965659164
132,False,pcr6_plus,dsmp_epsilon_0.001,5,2,0.0,0.5,0.873579789298528
132,False,pcr6_plus,max_belief,5,2,0.0,0.5,nan
132,False,pcr6_plus,max_plausibility,5,2,0.0,0.5,nan
132,False,pcr6_plus,min_belief_interval_distance,5,2,0.0,0.5,nan
133,True,dempster,betp,6,3,0.0,0.5,0.3442832616066115
133,True,dempster,dsmp_epsilon_0.001,6,3,0.0,0.5,0.3546735232577693
133,True,dempster,max_belief,6,3,0.0,0.5,nan
133,True,dempster,max_plausibility,6,3,0.0,0.5,nan
133,True,dempster,min_belief_interval_distance,6,3,0.0,0.5,nan
133,True,pcr6,betp,6,3,0.0,0.5,0.3164890064002923
133,True,pcr6,dsmp_epsilon_0.001,6,3,0.0,0.5,0.35071872363714696
133,True,pcr6,max_belief,6,3,0.0,0.5,nan
133,True,pcr6,max_plausibility,6,3,0.0,0.5,nan
133,True,pcr6,min_belief_interval_distance,6,3,0.0,0.5,nan
133,True,pcr6_plus,betp,6,3,0.0,0.5,0.34572862005557425
133,True,pcr6_plus,dsmp_epsilon_0.001,6,3,0.0,0.5,0.3446773050897496
133,True,pcr6_plus,max_belief,6,3,0.0,0.5,nan
133,True,pcr6_plus,max_plausibility,6,3,0.0,0.5,nan
133,True,pcr6_plus,min_belief_interval_distance,6,3,0.0,0.5,nan
135,True,dempster,betp,4,3,0.0,0.5,0.2536388229425204
135,True,dempster,dsmp_epsilon_0.001,4,3,0.0,0.5,0.47805477390639284
135,True,dempster,max_belief,4,3,0.0,0.5,nan
135,True,dempster,max_plausibility,4,3,0.0,0.5,nan
135,True,dempster,min_belief_interval_distance,4,3,0.0,0.5,nan
135,True,pcr6,betp,4,3,0.0,0.5,0.245127681637417
135,True,pcr6,dsmp_epsilon_0.001,4,3,0.0,0.5,0.4779100422934522
135,True,pcr6,max_belief,4,3,0.0,0.5,nan
135,True,pcr6,max_plausibility,4,3,0.0,0.5,nan
135,True,pcr6,min_belief_interval_distance,4,3,0.0,0.5,nan
135,True,pcr6_plus,betp,4,3,0.0,0.5,0.2584201873633367
135,True,pcr6_plus,dsmp_epsilon_0.001,4,3,0.0,0.5,0.47676202857241384
135,True,pcr6_plus,max_belief,4,3,0.0,0.5,nan
135,True,pcr6_plus,max_plausibility,4,3,0.0,0.5,nan
135,True,pcr6_plus,min_belief_interval_distance,4,3,0.0,0.5,nan
136,False,dempster,betp,5,2,1.0,1.0,0.055166522919296065
136,False,dempster,dsmp_epsilon_0.001,5,2,1.0,1.0,0.321470560205779
136,False,dempster,max_belief,5,2,1.0,1.0,nan
136,False,dempster,max_plausibility,5,2,1.0,1.0,nan
136,False,dempster,min_belief_interval_distance,5,2,1.0,1.0,nan
136,False,pcr6,betp,5,2,1.0,1.0,0.05328814258886362
136,False,pcr6,dsmp_epsilon_0.001,5,2,1.0,1.0,0.3216459431785098
136,False,pcr6,max_belief,5,2,1.0,1.0,nan
136,False,pcr6,max_plausibility,5,2,1.0,1.0,nan
136,False,pcr6,min_belief_interval_distance,5,2,1.0,1.0,nan
136,False,pcr6_plus,betp,5,2,1.0,1.0,0.05941029163056764
136,False,pcr6_plus,dsmp_epsilon_0.001,5,2,1.0,1.0,0.32292495580720465
136,False,pcr6_plus,max_belief,5,2,1.0,1.0,nan
136,False,pcr6_plus,max_plausibility,5,2,1.0,1.0,nan
136,False,pcr6_plus,min_belief_interval_distance,5,2,1.0,1.0,nan
137,True,dempster,betp,4,3,1.0,1.0,0.003284993284641438
137,True,dempster,dsmp_epsilon_0.001,4,3,1.0,1.0,0.00805519212807425
137,True,dempster,max_belief,4,3,1.0,1.0,nan
137,True,dempster,max_plausibility,4,3,1.0,1.0,nan
137,True,dempster,min_belief_interval_distance,4,3,1.0,1.0,nan
137,True,pcr6,betp,4,3,1.0,1.0,0.012749066691806117
137,True,pcr6,dsmp_epsilon_0.001,4,3,1.0,1.0,0.01339931728267967
137,True,pcr6,max_belief,4,3,1.0,1.0,nan
137,True,pcr6,max_plausibility,4,3,1.0,1.0,nan
137,True,pcr6,min_belief_interval_distance,4,3,1.0,1.0,nan
137,True,pcr6_plus,betp,4,3,1.0,1.0,0.008772185824907425
137,True,pcr6_plus,dsmp_epsilon_0.001,4,3,1.0,1.0,0.01540010922308376
137,True,pcr6_plus,max_belief,4,3,1.0,1.0,nan
137,True,pcr6_plus,max_plausibility,4,3,1.0,1.0,nan
137,True,pcr6_plus,min_belief_interval_distance,4,3,1.0,1.0,nan
138,False,dempster,betp,5,2,1.0,1.0,0.11096009330152148
138,False,dempster,dsmp_epsilon_0.001,5,2,1.0,1.0,0.37869167103519613
138,False,dempster,max_belief,5,2,1.0,1.0,nan
138,False,dempster,max_plausibility,5,2,1.0,1.0,nan
138,False,dempster,min_belief_interval_distance,5,2,1.0,1.0,nan
138,False,pcr6,betp,5,2,1.0,1.0,0.1053852445810177
138,False,pcr6,dsmp_epsilon_0.001,5,2,1.0,1.0,0.3790469224604233
138,False,pcr6,max_belief,5,2,1.0,1.0,nan
138,False,pcr6,max_plausibility,5,2,1.0,1.0,nan
138,False,pcr6,min_belief_interval_distance,5,2,1.0,1.0,nan
138,False,pcr6_plus,betp,5,2,1.0,1.0,0.11882127003011883
138,False,pcr6_plus,dsmp_epsilon_0.001,5,2,1.0,1.0,0.3814103026270897
138,False,pcr6_plus,max_belief,5,2,1.0,1.0,nan
138,False,pcr6_plus,max_plausibility,5,2,1.0,1.0,nan
138,False,pcr6_plus,min_belief_interval_distance,5,2,1.0,1.0,nan
139,True,dempster,betp,6,3,0.0,0.5,0.6013080554158028
139,True,dempster,dsmp_epsilon_0.001,6,3,0.0,0.5,1.0651585398703087
139,True,dempster,max_belief,6,3,0.0,0.5,nan
139,True,dempster,max_plausibility,6,3,0.0,0.5,nan
139,True,dempster,min_belief_interval_distance,6,3,0.0,0.5,nan
139,True,pcr6,betp,6,3,0.0,0.5,0.5937925491505348
139,True,pcr6,dsmp_epsilon_0.001,6,3,0.0,0.5,1.0652414951339422
139,True,pcr6,max_belief,6,3,0.0,0.5,nan
139,True,pcr6,max_plausibility,6,3,0.0,0.5,nan
139,True,pcr6,min_belief_interval_distance,6,3,0.0,0.5,nan
139,True,pcr6_plus,betp,6,3,0.0,0.5,0.6042509784950245
139,True,pcr6_plus,dsmp_epsilon_0.001,6,3,0.0,0.5,1.0662573805133615
139,True,pcr6_plus,max_belief,6,3,0.0,0.5,nan
139,True,pcr6_plus,max_plausibility,6,3,0.0,0.5,nan
139,True,pcr6_plus,min_belief_interval_distance,6,3,0.0,0.5,nan
140,True,dempster,betp,3,3,1.0,1.0,0.1587216358183137
140,True,dempster,dsmp_epsilon_0.001,3,3,1.0,1.0,0.04588201398157116
140,True,dempster,max_belief,3,3,1.0,1.0,nan
140,True,dempster,max_plausibility,3,3,0.0,0.5,nan
140,True,dempster,min_belief_interval_distance,3,3,1.0,1.0,nan
140,True,pcr6,betp,3,3,1.0,1.0,0.15870635596355787
140,True,pcr6,dsmp_epsilon_0.001,3,3,1.0,1.0,0.045797778758233265
140,True,pcr6,max_belief,3,3,1.0,1.0,nan
140,True,pcr6,max_plausibility,3,3,0.0,0.5,nan
140,True,pcr6,min_belief_interval_distance,3,3,1.0,1.0,nan
140,True,pcr6_plus,betp,3,3,1.0,1.0,0.1581951504449838
140,True,pcr6_plus,dsmp_epsilon_0.001,3,3,1.0,1.0,0.0448665078149944
140,True,pcr6_plus,max_belief,3,3,1.0,1.0,nan
140,True,pcr6_plus,max_plausibility,3,3,0.0,0.5,nan
140,True,pcr6_plus,min_belief_interval_distance,3,3,1.0,1.0,nan
141,False,dempster,betp,6,2,0.0,0.5,0.19151019672149197
141,False,dempster,dsmp_epsilon_0.001,6,2,0.0,0.5,0.04472550106971967
141,False,dempster,max_belief,6,2,0.0,0.5,nan
141,False,dempster,max_plausibility,6,2,0.0,0.5,nan
141,False,dempster,min_belief_interval_distance,6,2,0.0,0.5,nan
141,False,pcr6,betp,6,2,0.0,0.5,0.20493869167684792
141,False,pcr6,dsmp_epsilon_0.001,6,2,0.0,0.5,0.04427615077077525
141,False,pcr6,max_belief,6,2,0.0,0.5,nan
141,False,pcr6,max_plausibility,6,2,0.0,0.5,nan
141,False,pcr6,min_belief_interval_distance,6,2,0.0,0.5,nan
141,False,pcr6_plus,betp,6,2,0.0,0.5,0.17344509038427897
141,False,pcr6_plus,dsmp_epsilon_0.001,6,2,0.0,0.5,0.04179695382710619
141,False,pcr6_plus,max_belief,6,2,0.0,0.5,nan
141,False,pcr6_plus,max_plausibility,6,2,0.0,0.5,nan
141,False,pcr6_plus,min_belief_interval_distance,6,2,0.0,0.5,nan
142,False,dempster,betp,5,2,1.0,1.0,0.3439783102919968
142,False,dempster,dsmp_epsilon_0.001,5,2,1.0,1.0,0.48782286388670526
142,False,dempster,max_belief,5,2,1.0,1.0,nan
142,False,dempster,max_plausibility,5,2,1.0,1.0,nan
142,False,dempster,min_belief_interval_distance,5,2,1.0,1.0,nan
142,False,pcr6,betp,5,2,1.0,1.0,0.33282164159598165
142,False,pcr6,dsmp_epsilon_0.001,5,2,1.0,1.0,0.48752385319566294
142,False,pcr6,max_belief,5,2,1.0,1.0,nan
142,False,pcr6,max_plausibility,5,2,1.0,1.0,nan
142,False,pcr6,min_belief_interval_distance,5,2,1.0,1.0,nan
142,False,pcr6_plus,betp,5,2,1.0,1.0,0.346561228461832
142,False,pcr6_plus,dsmp_epsilon_0.001,5,2,1.0,1.0,0.486784145540064
142,False,pcr6_plus,max_belief,5,2,1.0,1.0,nan
142,False,pcr6_plus,max_plausibility,5,2,1.0,1.0,nan
142,False,pcr6_plus,min_belief_interval_distance,5,2,1.0,1.0,nan
143,False,dempster,betp,5,2,1.0,1.0,0.1498732388205487
143,False,dempster,dsmp_epsilon_0.001,5,2,1.0,1.0,0.3547527265758361
143,False,dempster,max_belief,5,2,1.0,1.0,nan
143,False,dempster,max_plausibility,5,2,1.0,1.0,nan
143,False,dempster,min_belief_interval_distance,5,2,1.0,1.0,nan
143,False,pcr6,betp,5,2,1.0,1.0,0.13069765903072927
143,False,pcr6,dsmp_epsilon_0.001,5,2,1.0,1.0,0.34718789181238313
143,False,pcr6,max_belief,5,2,1.0,1.0,nan
143,False,pcr6,max_plausibility,5,2,1.0,1.0,nan
143,False,pcr6,min_belief_interval_distance,5,2,1.0,1.0,nan
143,False,pcr6_plus,betp,5,2,1.0,1.0,0.14394156501645827
143,False,pcr6_plus,dsmp_epsilon_0.001,5,2,1.0,1.0,0.3131834653208191
143,False,pcr6_plus,max_belief,5,2,1.0,1.0,nan
143,False,pcr6_plus,max_plausibility,5,2,1.0,1.0,nan
143,False,pcr6_plus,min_belief_interval_distance,5,2,1.0,1.0,nan
144,False,dempster,betp,6,2,1.0,1.0,0.45703066798548614
144,False,dempster,dsmp_epsilon_0.001,6,2,1.0,1.0,0.4846745940823298
144,False,dempster,max_belief,6,2,1.0,1.0,nan
144,False,dempster,max_plausibility,6,2,1.0,1.0,nan
144,False,dempster,min_belief_interval_distance,6,2,1.0,1.0,nan
144,False,pcr6,betp,6,2,1.0,1.0,0.3561311784087075
144,False,pcr6,dsmp_epsilon_0.001,6,2,1.0,1.0,0.4665108075099712
144,False,pcr6,max_belief,6,2,1.0,1.0,nan
144,False,pcr6,max_plausibility,6,2,1.0,1.0,nan
144,False,pcr6,min_belief_interval_distance,6,2,1.0,1.0,nan
144,False,pcr6_plus,betp,6,2,1.0,1.0,0.42689257185976504
144,False,pcr6_plus,dsmp_epsilon_0.001,6,2,1.0,1.0,0.4473951974796393
144,False,pcr6_plus,max_belief,6,2,1.0,1.0,nan
144,False,pcr6_plus,max_plausibility,6,2,1.0,1.0,nan
144,False,pcr6_plus,min_belief_interval_distance,6,2,1.0,1.0,nan
145,False,dempster,betp,3,2,1.0,1.0,0.0012146413632403842
145,False,dempster,dsmp_epsilon_0.001,3,2,1.0,1.0,0.09273274817649971
145,False,dempster,max_belief,3,2,1.0,1.0,nan
145,False,dempster,max_plausibility,3,2,1.0,1.0,nan
145,False,dempster,min_belief_interval_distance,3,2,1.0,1.0,nan
145,False,pcr6,betp,3,2,1.0,1.0,0.0012101556578431908
145,False,pcr6,dsmp_epsilon_0.001,3,2,1.0,1.0,0.09247203529059647
145,False,pcr6,max_belief,3,2,1.0,1.0,nan
145,False,pcr6,max_plausibility,3,2,1.0,1.0,nan
145,False,pcr6,min_belief_interval_distance,3,2,1.0,1.0,nan
145,False,pcr6_plus,betp,3,2,1.0,1.0,0.0012245362958812032
145,False,pcr6_plus,dsmp_epsilon_0.001,3,2,1.0,1.0,0.08945100405240197
145,False,pcr6_plus,max_belief,3,2,1.0,1.0,nan
145,False,pcr6_plus,max_plausibility,3,2,1.0,1.0,nan
145,False,pcr6_plus,min_belief_interval_distance,3,2,1.0,1.0,nan
146,True,dempster,betp,6,4,0.0,0.5,0.7923078353122394
146,True,dempster,dsmp_epsilon_0.001,6,4,0.0,0.5,1.4081747627192338
146,True,dempster,max_belief,6,4,0.0,0.5,nan
146,True,dempster,max_plausibility,6,4,0.0,0.5,nan
146,True,dempster,min_belief_interval_distance,6,4,0.0,0.5,nan
146,True,pcr6,betp,6,4,0.0,0.5,0.5466799770040115
146,True,pcr6,dsmp_epsilon_0.001,6,4,0.0,0.5,1.3400842950787168
146,True,pcr6,max_belief,6,4,0.0,0.5,nan
146,True,pcr6,max_plausibility,6,4,0.0,0.5,nan
146,True,pcr6,min_belief_interval_distance,6,4,0.0,0.5,nan
146,True,pcr6_plus,betp,6,4,0.0,0.5,0.599694475060543
146,True,pcr6_plus,dsmp_epsilon_0.001,6,4,0.0,0.5,1.2889291887772443
146,True,pcr6_plus,max_belief,6,4,0.0,0.5,nan
146,True,pcr6_plus,max_plausibility,6,4,0.0,0.5,nan
146,True,pcr6_plus,min_belief_interval_distance,6,4,0.0,0.5,nan
147,False,dempster,betp,6,2,1.0,1.0,0.21242336316046082
147,False,dempster,dsmp_epsilon_0.001,6,2,1.0,1.0,0.3994876772300333
147,False,dempster,max_belief,6,2,1.0,1.0,nan
147,False,dempster,max_plausibility,6,2,1.0,1.0,nan
147,False,dempster,min_belief_interval_distance,6,2,1.0,1.0,nan
147,False,pcr6,betp,6,2,1.0,1.0,0.1831706831778961
147,False,pcr6,dsmp_epsilon_0.001,6,2,1.0,1.0,0.3970199078533796
147,False,pcr6,max_belief,6,2,1.0,1.0,nan
147,False,pcr6,max_plausibility,6,2,1.0,1.0,nan
147,False,pcr6,min_belief_interval_distance,6,2,1.0,1.0,nan
147,False,pcr6_plus,betp,6,2,1.0,1.0,0.2174146592068507
147,False,pcr6_plus,dsmp_epsilon_0.001,6,2,1.0,1.0,0.3831155730033981
147,False,pcr6_plus,max_belief,6,2,1.0,1.0,nan
147,False,pcr6_plus,max_plausibility,6,2,1.0,1.0,nan
147,False,pcr6_plus,min_belief_interval_distance,6,2,1.0,1.0,nan
148,True,dempster,betp,6,3,0.0,0.5,0.16540109593906632
148,True,dempster,dsmp_epsilon_0.001,6,3,0.0,0.5,0.18248108052319217
148,True,dempster,max_belief,6,3,1.0,1.0,nan
148,True,dempster,max_plausibility,6,3,0.0,0.5,nan
148,True,dempster,min_belief_interval_distance,6,3,0.0,0.5,nan
148,True,pcr6,betp,6,3,0.0,0.5,0.16458073230238596
148,True,pcr6,dsmp_epsilon_0.001,6,3,0.0,0.5,0.17895470679497996
148,True,pcr6,max_belief,6,3,1.0,1.0,nan
148,True,pcr6,max_plausibility,6,3,0.0,0.5,nan
148,True,pcr6,min_belief_interval_distance,6,3,0.0,0.5,nan
148,True,pcr6_plus,betp,6,3,0.0,0.5,0.16573485981893238
148,True,pcr6_plus,dsmp_epsilon_0.001,6,3,1.0,1.0,0.16578422329546708
148,True,pcr6_plus,max_belief,6,3,1.0,1.0,nan
148,True,pcr6_plus,max_plausibility,6,3,0.0,0.5,nan
148,True,pcr6_plus,min_belief_interval_distance,6,3,0.0,0.5,nan
149,True,dempster,betp,6,3,1.0,1.0,0.024878992197892018
149,True,dempster,dsmp_epsilon_0.001,6,3,1.0,1.0,0.044027906918855234
149,True,dempster,max_belief,6,3,1.0,1.0,nan
149,True,dempster,max_plausibility,6,3,1.0,1.0,nan
149,True,dempster,min_belief_interval_distance,6,3,1.0,1.0,nan
149,True,pcr6,betp,6,3,1.0,1.0,0.028536441520323978
149,True,pcr6,dsmp_epsilon_0.001,6,3,1.0,1.0,0.0431054911450368
149,True,pcr6,max_belief,6,3,1.0,1.0,nan
149,True,pcr6,max_plausibility,6,3,1.0,1.0,nan
149,True,pcr6,min_belief_interval_distance,6,3,1.0,1.0,nan
149,True,pcr6_plus,betp,6,3,1.0,1.0,0.02349299097783989
149,True,pcr6_plus,dsmp_epsilon_0.001,6,3,1.0,1.0,0.03763789777600326
149,True,pcr6_plus,max_belief,6,3,1.0,1.0,nan
149,True,pcr6_plus,max_plausibility,6,3,1.0,1.0,nan
149,True,pcr6_plus,min_belief_interval_distance,6,3,1.0,1.0,nan
150,False,dempster,betp,4,2,1.0,1.0,0.05144329560194401
150,False,dempster,dsmp_epsilon_0.001,4,2,1.0,1.0,0.31061175402946406
150,False,dempster,max_belief,4,2,1.0,1.0,nan
150,False,dempster,max_plausibility,4,2,1.0,1.0,nan
150,False,dempster,min_belief_interval_distance,4,2,1.0,1.0,nan
150,False,pcr6,betp,4,2,1.0,1.0,0.049918173455136806
150,False,pcr6,dsmp_epsilon_0.001,4,2,1.0,1.0,0.3106159186048692
150,False,pcr6,max_belief,4,2,1.0,1.0,nan
150,False,pcr6,max_plausibility,4,2,1.0,1.0,nan
150,False,pcr6,min_belief_interval_distance,4,2,1.0,1.0,nan
150,False,pcr6_plus,betp,4,2,1.0,1.0,0.05507990094107654
150,False,pcr6_plus,dsmp_epsilon_0.001,4,2,1.0,1.0,0.3093144197872569
150,False,pcr6_plus,max_belief,4,2,1.0,1.0,nan
150,False,pcr6_plus,max_plausibility,4,2,1.0,1.0,nan
150,False,pcr6_plus,min_belief_interval_distance,4,2,1.0,1.0,nan
151,False,dempster,betp,3,2,1.0,1.0,0.44870412730033593
151,False,dempster,dsmp_epsilon_0.001,3,2,1.0,1.0,0.4948643170777778
151,False,dempster,max_belief,3,2,1.0,1.0,nan
151,False,dempster,max_plausibility,3,2,1.0,1.0,nan
151,False,dempster,min_belief_interval_distance,3,2,1.0,1.0,nan
151,False,pcr6,betp,3,2,1.0,1.0,0.42869489173960595
151,False,pcr6,dsmp_epsilon_0.001,3,2,1.0,1.0,0.4924326847816804
151,False,pcr6,max_belief,3,2,1.0,1.0,nan
151,False,pcr6,max_plausibility,3,2,1.0,1.0,nan
151,False,pcr6,min_belief_interval_distance,3,2,1.0,1.0,nan
151,False,pcr6_plus,betp,3,2,1.0,1.0,0.4467622424851598
151,False,pcr6_plus,dsmp_epsilon_0.001,3,2,1.0,1.0,0.49047989173782996
151,False,pcr6_plus,max_belief,3,2,1.0,1.0,nan
151,False,pcr6_plus,max_plausibility,3,2,1.0,1.0,nan
151,False,pcr6_plus,min_belief_interval_distance,3,2,1.0,1.0,nan
152,True,dempster,betp,5,3,0.0,0.5,0.7875285137004839
152,True,dempster,dsmp_epsilon_0.001,5,3,0.0,0.5,1.3080373861580294
152,True,dempster,max_belief,5,3,0.0,0.5,nan
152,True,dempster,max_plausibility,5,3,0.0,0.5,nan
152,True,dempster,min_belief_interval_distance,5,3,0.0,0.5,nan
152,True,pcr6,betp,5,3,0.0,0.5,0.7357403525612913
152,True,pcr6,dsmp_epsilon_0.001,5,3,0.0,0.5,1.3060756423428992
152,True,pcr6,max_belief,5,3,0.0,0.5,nan
152,True,pcr6,max_plausibility,5,3,0.0,0.5,nan
152,True,pcr6,min_belief_interval_distance,5,3,0.0,0.5,nan
152,True,pcr6_plus,betp,5,3,0.0,0.5,0.7637634121459977
152,True,pcr6_plus,dsmp_epsilon_0.001,5,3,0.0,0.5,1.3027880191898267
152,True,pcr6_plus,max_belief,5,3,0.0,0.5,nan
152,True,pcr6_plus,max_plausibility,5,3,0.0,0.5,nan
152,True,pcr6_plus,min_belief_interval_distance,5,3,0.0,0.5,nan
153,False,dempster,betp,5,2,0.0,0.5,0.8704530647026442
153,False,dempster,dsmp_epsilon_0.001,5,2,0.0,0.5,1.2698628504653695
153,False,dempster,max_belief,5,2,0.0,0.5,nan
153,False,dempster,max_plausibility,5,2,0.0,0.5,nan
153,False,dempster,min_belief_interval_distance,5,2,0.0,0.5,nan
153,False,pcr6,betp,5,2,0.0,0.5,0.8443447967444053
153,False,pcr6,dsmp_epsilon_0.001,5,2,0.0,0.5,1.2698672064983378
153,False,pcr6,max_belief,5,2,0.0,0.5,nan
153,False,pcr6,max_plausibility,5,2,0.0,0.5,nan
153,False,pcr6,min_belief_interval_distance,5,2,0.0,0.5,nan
153,False,pcr6_plus,betp,5,2,0.0,0.5,0.9034032164566907
153,False,pcr6_plus,dsmp_epsilon_0.001,5,2,0.0,0.5,1.2688882584188559
153,False,pcr6_plus,max_belief,5,2,0.0,0.5,nan
153,False,pcr6_plus,max_plausibility,5,2,0.0,0.5,nan
153,False,pcr6_plus,min_belief_interval_distance,5,2,0.0,0.5,nan
154,False,dempster,betp,5,2,1.0,1.0,0.0015503077546812247
154,False,dempster,dsmp_epsilon_0.001,5,2,1.0,1.0,0.10635341821230779
154,False,dempster,max_belief,5,2,1.0,1.0,nan
154,False,dempster,max_plausibility,5,2,1.0,1.0,nan
154,False,dempster,min_belief_interval_distance,5,2,1.0,1.0,nan
154,False,pcr6,betp,5,2,1.0,1.0,0.0015419377400188912
154,False,pcr6,dsmp_epsilon_0.001,5,2,1.0,1.0,0.10629768023698101
154,False,pcr6,max_belief,5,2,1.0,1.0,nan
154,False,pcr6,max_plausibility,5,2,1.0,1.0,nan
154,False,pcr6,min_belief_interval_distance,5,2,1.0,1.0,nan
154,False,pcr6_plus,betp,5,2,1.0,1.0,0.0015977568248678603
154,False,pcr6_plus,dsmp_epsilon_0.001,5,2,1.0,1.0,0.104781667126479
154,False,pcr6_plus,max_belief,5,2,1.0,1.0,nan
154,False,pcr6_plus,max_plausibility,5,2,1.0,1.0,nan
154,False,pcr6_plus,min_belief_interval_distance,5,2,1.0,1.0,nan
155,True,dempster,betp,6,3,1.0,1.0,0.11176387430117676
155,True,dempster,dsmp_epsilon_0.001,6,3,1.0,1.0,0.25693297375677665
155,True,dempster,max_belief,6,3,1.0,1.0,nan
155,True,dempster,max_plausibility,6,3,1.0,1.0,nan
155,True,dempster,min_belief_interval_distance,6,3,1.0,1.0,nan
155,True,pcr6,betp,6,3,1.0,1.0,0.10332625934454305
155,True,pcr6,dsmp_epsilon_0.001,6,3,1.0,1.0,0.2516363898022125
155,True,pcr6,max_belief,6,3,1.0,1.0,nan
155,True,pcr6,max_plausibility,6,3,1.0,1.0,nan
155,True,pcr6,min_belief_interval_distance,6,3,1.0,1.0,nan
155,True,pcr6_plus,betp,6,3,1.0,1.0,0.1049122311968014
155,True,pcr6_plus,dsmp_epsilon_0.001,6,3,1.0,1.0,0.21792706613233512
155,True,pcr6_plus,max_belief,6,3,1.0,1.0,nan
155,True,pcr6_plus,max_plausibility,6,3,1.0,1.0,nan
155,True,pcr6_plus,min_belief_interval_distance,6,3,1.0,1.0,nan
156,True,dempster,betp,6,4,0.0,0.5,0.3549266330258576
156,True,dempster,dsmp_epsilon_0.001,6,4,0.0,0.5,0.4020324563983445
156,True,dempster,max_belief,6,4,0.0,0.5,nan
156,True,dempster,max_plausibility,6,4,0.0,0.5,nan
156,True,dempster,min_belief_interval_distance,6,4,0.0,0.5,nan
156,True,pcr6,betp,6,4,0.0,0.5,0.22934730310345702
156,True,pcr6,dsmp_epsilon_0.001,6,4,0.0,0.5,0.36916552951386283
156,True,pcr6,max_belief,6,4,0.0,0.5,nan
156,True,pcr6,max_plausibility,6,4,0.0,0.5,nan
156,True,pcr6,min_belief_interval_distance,6,4,0.0,0.5,nan
156,True,pcr6_plus,betp,6,4,0.0,0.5,0.3383505241273984
156,True,pcr6_plus,dsmp_epsilon_0.001,6,4,0.0,0.5,0.3375708213322457
156,True,pcr6_plus,max_belief,6,4,0.0,0.5,nan
156,True,pcr6_plus,max_plausibility,6,4,0.0,0.5,nan
156,True,pcr6_plus,min_belief_interval_distance,6,4,0.0,0.5,nan
157,True,dempster,betp,5,3,1.0,1.0,0.0484267570985589
157,True,dempster,dsmp_epsilon_0.001,5,3,1.0,1.0,0.009401800377791706
157,True,dempster,max_belief,5,3,1.0,1.0,nan
157,True,dempster,max_plausibility,5,3,1.0,1.0,nan
157,True,dempster,min_belief_interval_distance,5,3,1.0,1.0,nan
157,True,pcr6,betp,5,3,1.0,1.0,0.04910631010640449
157,True,pcr6,dsmp_epsilon_0.001,5,3,1.0,1.0,0.009316574567596582
157,True,pcr6,max_belief,5,3,1.0,1.0,nan
157,True,pcr6,max_plausibility,5,3,1.0,1.0,nan
157,True,pcr6,min_belief_interval_distance,5,3,1.0,1.0,nan
157,True,pcr6_plus,betp,5,3,1.0,1.0,0.04795301868062896
157,True,pcr6_plus,dsmp_epsilon_0.001,5,3,1.0,1.0,0.0075058720963288176
157,True,pcr6_plus,max_belief,5,3,1.0,1.0,nan
157,True,pcr6_plus,max_plausibility,5,3,1.0,1.0,nan
157,True,pcr6_plus,min_belief_interval_distance,5,3,1.0,1.0,nan
158,False,dempster,betp,6,2,1.0,1.0,0.15552904245146512
158,False,dempster,dsmp_epsilon_0.001,6,2,1.0,1.0,0.20291739214534413
158,False,dempster,max_belief,6,2,1.0,1.0,nan
158,False,dempster,max_plausibility,6,2,1.0,1.0,nan
158,False,dempster,min_belief_interval_distance,6,2,1.0,1.0,nan
158,False,pcr6,betp,6,2,1.0,1.0,0.060424744481505074
158,False,pcr6,dsmp_epsilon_0.001,6,2,1.0,1.0,0.16391623052449927
158,False,pcr6,max_belief,6,2,1.0,1.0,nan
158,False,pcr6,max_plausibility,6,2,1.0,1.0,nan
158,False,pcr6,min_belief_interval_distance,6,2,1.0,1.0,nan
158,False,pcr6_plus,betp,6,2,1.0,1.0,0.1093898129378852
158,False,pcr6_plus,dsmp_epsilon_0.001,6,2,1.0,1.0,0.12516482131695308
158,False,pcr6_plus,max_belief,6,2,1.0,1.0,nan
158,False,pcr6_plus,max_plausibility,6,2,1.0,1.0,nan
158,False,pcr6_plus,min_belief_interval_distance,6,2,1.0,1.0,nan
159,False,dempster,betp,6,2,1.0,1.0,0.3399093169721449
159,False,dempster,dsmp_epsilon_0.001,6,2,1.0,1.0,0.4291849198740362
159,False,dempster,max_belief,6,2,1.0,1.0,nan
159,False,dempster,max_plausibility,6,2,1.0,1.0,nan
159,False,dempster,min_belief_interval_distance,6,2,1.0,1.0,nan
159,False,pcr6,betp,6,2,1.0,1.0,0.2380908232404182
159,False,pcr6,dsmp_epsilon_0.001,6,2,1.0,1.0,0.4193725039938819
159,False,pcr6,max_belief,6,2,1.0,1.0,nan
159,False,pcr6,max_plausibility,6,2,1.0,1.0,nan
159,False,pcr6,min_belief_interval_distance,6,2,1.0,1.0,nan
159,False,pcr6_plus,betp,6,2,1.0,1.0,0.32716737797812234
159,False,pcr6_plus,dsmp_epsilon_0.001,6,2,1.0,1.0,0.39318920156589227
159,False,pcr6_plus,max_belief,6,2,1.0,1.0,nan
159,False,pcr6_plus,max_plausibility,6,2,1.0,1.0,nan
159,False,pcr6_plus,min_belief_interval_distance,6,2,1.0,1.0,nan
160,True,dempster,betp,6,3,0.0,0.5,0.16038081406597776
160,True,dempster,dsmp_epsilon_0.001,6,3,0.0,0.5,0.16761774207384156
160,True,dempster,max_belief,6,3,0.0,0.5,nan
160,True,dempster,max_plausibility,6,3,1.0,1.0,nan
160,True,dempster,min_belief_interval_distance,6,3,0.0,0.5,nan
160,True,pcr6,betp,6,3,0.0,0.5,0.2513379529938872
160,True,pcr6,dsmp_epsilon_0.001,6,3,0.0,0.5,0.49180973763094116
160,True,pcr6,max_belief,6,3,0.0,0.5,nan
160,True,pcr6,max_plausibility,6,3,0.0,0.5,nan
160,True,pcr6,min_belief_interval_distance,6,3,0.0,0.5,nan
160,True,pcr6_plus,betp,6,3,0.0,0.5,0.3805223453667854
160,True,pcr6_plus,dsmp_epsilon_0.001,6,3,0.0,0.5,0.4060064811380189
160,True,pcr6_plus,max_belief,6,3,0.0,0.5,nan
160,True,pcr6_plus,max_plausibility,6,3,0.0,0.5,nan
160,True,pcr6_plus,min_belief_interval_distance,6,3,0.0,0.5,nan
162,False,dempster,betp,4,2,0.0,0.5,0.014579781229590461
162,False,dempster,dsmp_epsilon_0.001,4,2,0.0,0.5,1.319277120949088e-05
162,False,dempster,max_belief,4,2,0.0,0.5,nan
162,False,dempster,max_plausibility,4,2,0.0,0.5,nan
162,False,dempster,min_belief_interval_distance,4,2,0.0,0.5,nan
162,False,pcr6,betp,4,2,0.0,0.5,0.015480282077198471
162,False,pcr6,dsmp_epsilon_0.001,4,2,0.0,0.5,1.3709323391774396e-05
162,False,pcr6,max_belief,4,2,0.0,0.5,nan
162,False,pcr6,max_plausibility,4,2,0.0,0.5,nan
162,False,pcr6,min_belief_interval_distance,4,2,0.0,0.5,nan
162,False,pcr6_plus,betp,4,2,0.0,0.5,0.014349065855489875
162,False,pcr6_plus,dsmp_epsilon_0.001,4,2,0.0,0.5,1.4820881844357062e-05
162,False,pcr6_plus,max_belief,4,2,0.0,0.5,nan
162,False,pcr6_plus,max_plausibility,4,2,0.0,0.5,nan
162,False,pcr6_plus,min_belief_interval_distance,4,2,0.0,0.5,nan
163,True,dempster,betp,6,3,0.0,0.5,0.16832726690848207
163,True,dempster,dsmp_epsilon_0.001,6,3,0.0,0.5,0.3748010706531425
163,True,dempster,max_belief,6,3,0.0,0.5,nan
163,True,dempster,max_plausibility,6,3,0.0,0.5,nan
163,True,dempster,min_belief_interval_distance,6,3,0.0,0.5,nan
163,True,pcr6,betp,6,3,0.0,0.5,0.16726404479050092
163,True,pcr6,dsmp_epsilon_0.001,6,3,0.0,0.5,0.37463373541950357
163,True,pcr6,max_belief,6,3,0.0,0.5,nan
163,True,pcr6,max_plausibility,6,3,0.0,0.5,nan
163,True,pcr6,min_belief_interval_distance,6,3,0.0,0.5,nan
163,True,pcr6_plus,betp,6,3,0.0,0.5,0.17168762321019343
163,True,pcr6_plus,dsmp_epsilon_0.001,6,3,0.0,0.5,0.373578492265003
163,True,pcr6_plus,max_belief,6,3,0.0,0.5,nan
163,True,pcr6_plus,max_plausibility,6,3,0.0,0.5,nan
163,True,pcr6_plus,min_belief_interval_distance,6,3,0.0,0.5,nan
164,False,dempster,betp,4,2,0.0,0.5,1.612053799170775
164,False,dempster,dsmp_epsilon_0.001,4,2,0.0,0.5,1.947750573321738
164,False,dempster,max_belief,4,2,0.0,0.5,nan
164,False,dempster,max_plausibility,4,2,0.0,0.5,nan
164,False,dempster,min_belief_interval_distance,4,2,0.0,0.5,nan
164,False,pcr6,betp,4,2,0.0,0.5,1.5718081374090593
164,False,pcr6,dsmp_epsilon_0.001,4,2,0.0,0.5,1.9469559254492437
164,False,pcr6,max_belief,4,2,0.0,0.5,nan
164,False,pcr6,max_plausibility,4,2,0.0,0.5,nan
164,False,pcr6,min_belief_interval_distance,4,2,0.0,0.5,nan
164,False,pcr6_plus,betp,4,2,0.0,0.5,1.624762409099336
164,False,pcr6_plus,dsmp_epsilon_0.001,4,2,0.0,0.5,1.9457375632669849
164,False,pcr6_plus,max_belief,4,2,0.0,0.5,nan
164,False,pcr6_plus,max_plausibility,4,2,0.0,0.5,nan
164,False,pcr6_plus,min_belief_interval_distance,4,2,0.0,0.5,nan
166,False,dempster,betp,6,2,1.0,1.0,0.03284454545737675
166,False,dempster,dsmp_epsilon_0.001,6,2,1.0,1.0,0.05629259510042353
166,False,dempster,max_belief,6,2,1.0,1.0,nan
166,False,dempster,max_plausibility,6,2,1.0,1.0,nan
166,False,dempster,min_belief_interval_distance,6,2,1.0,1.0,nan
166,False,pcr6,betp,6,2,1.0,1.0,0.016779909641272815
166,False,pcr6,dsmp_epsilon_0.001,6,2,1.0,1.0,0.05069858698736169
166,False,pcr6,max_belief,6,2,1.0,1.0,nan
166,False,pcr6,max_plausibility,6,2,1.0,1.0,nan
166,False,pcr6,min_belief_interval_distance,6,2,1.0,1.0,nan
166,False,pcr6_plus,betp,6,2,1.0,1.0,0.029161169125165802
166,False,pcr6_plus,dsmp_epsilon_0.001,6,2,1.0,1.0,0.0406214515054462
166,False,pcr6_plus,max_belief,6,2,1.0,1.0,nan
166,False,pcr6_plus,max_plausibility,6,2,1.0,1.0,nan
166,False,pcr6_plus,min_belief_interval_distance,6,2,1.0,1.0,nan
167,False,dempster,betp,6,2,1.0,1.0,0.18998521554883113
167,False,dempster,dsmp_epsilon_0.001,6,2,1.0,1.0,0.4639383498010014
167,False,dempster,max_belief,6,2,1.0,1.0,nan
167,False,dempster,max_plausibility,6,2,1.0,1.0,nan
167,False,dempster,min_belief_interval_distance,6,2,1.0,1.0,nan
167,False,pcr6,betp,6,2,1.0,1.0,0.18402260624704742
167,False,pcr6,dsmp_epsilon_0.001,6,2,1.0,1.0,0.46378205119772675
167,False,pcr6,max_belief,6,2,1.0,1.0,nan
167,False,pcr6,max_plausibility,6,2,1.0,1.0,nan
167,False,pcr6,min_belief_interval_distance,6,2,1.0,1.0,nan
167,False,pcr6_plus,betp,6,2,1.0,1.0,0.19343547018350749
167,False,pcr6_plus,dsmp_epsilon_0.001,6,2,1.0,1.0,0.46219623764472223
167,False,pcr6_plus,max_belief,6,2,1.0,1.0,nan
167,False,pcr6_plus,max_plausibility,6,2,1.0,1.0,nan
167,False,pcr6_plus,min_belief_interval_distance,6,2,1.0,1.0,nan
168,True,dempster,betp,6,3,0.0,0.5,0.35452843789149396
168,True,dempster,dsmp_epsilon_0.001,6,3,0.0,0.5,0.44415951122688146
168,True,dempster,max_belief,6,3,0.0,0.5,nan
168,True,dempster,max_plausibility,6,3,0.0,0.5,nan
168,True,dempster,min_belief_interval_distance,6,3,0.0,0.5,nan
168,True,pcr6,betp,6,3,0.0,0.5,0.2716941080523756
168,True,pcr6,dsmp_epsilon_0.001,6,3,0.0,0.5,0.43773739952391855
168,True,pcr6,max_belief,6,3,0.0,0.5,nan
168,True,pcr6,max_plausibility,6,3,0.0,0.5,nan
168,True,pcr6,min_belief_interval_distance,6,3,0.0,0.5,nan
168,True,pcr6_plus,betp,6,3,0.0,0.5,0.3256650017633136
168,True,pcr6_plus,dsmp_epsilon_0.001,6,3,0.0,0.5,0.41695089287312825
168,True,pcr6_plus,max_belief,6,3,0.0,0.5,nan
168,True,pcr6_plus,max_plausibility,6,3,0.0,0.5,nan
168,True,pcr6_plus,min_belief_interval_distance,6,3,0.0,0.5,nan
169,True,dempster,betp,6,4,1.0,1.0,0.16421722522815793
169,True,dempster,dsmp_epsilon_0.001,6,4,1.0,1.0,0.4274272221549349
169,True,dempster,max_belief,6,4,1.0,1.0,nan
169,True,dempster,max_plausibility,6,4,1.0,1.0,nan
169,True,dempster,min_belief_interval_distance,6,4,1.0,1.0,nan
169,True,pcr6,betp,6,4,1.0,1.0,0.14422492133004916
169,True,pcr6,dsmp_epsilon_0.001,6,4,1.0,1.0,0.42480977620212135
169,True,pcr6,max_belief,6,4,1.0,1.0,nan
169,True,pcr6,max_plausibility,6,4,1.0,1.0,nan
169,True,pcr6,min_belief_interval_distance,6,4,1.0,1.0,nan
169,True,pcr6_plus,betp,6,4,1.0,1.0,0.14556157915924675
169,True,pcr6_plus,dsmp_epsilon_0.001,6,4,1.0,1.0,0.41714628359370054
169,True,pcr6_plus,max_belief,6,4,1.0,1.0,nan
169,True,pcr6_plus,max_plausibility,6,4,1.0,1.0,nan
169,True,pcr6_plus,min_belief_interval_distance,6,4,1.0,1.0,nan
171,False,dempster,betp,3,2,1.0,1.0,0.0017372488318475809
171,False,dempster,dsmp_epsilon_0.001,3,2,1.0,1.0,0.18693639251691233
171,False,dempster,max_belief,3,2,1.0,1.0,nan
171,False,dempster,max_plausibility,3,2,1.0,1.0,nan
171,False,dempster,min_belief_interval_distance,3,2,1.0,1.0,nan
171,False,pcr6,betp,3,2,1.0,1.0,0.0017348817915794899
171,False,pcr6,dsmp_epsilon_0.001,3,2,1.0,1.0,0.18678259490110236
171,False,pcr6,max_belief,3,2,1.0,1.0,nan
171,False,pcr6,max_plausibility,3,2,1.0,1.0,nan
171,False,pcr6,min_belief_interval_distance,3,2,1.0,1.0,nan
171,False,pcr6_plus,betp,3,2,1.0,1.0,0.0017635790158250849
171,False,pcr6_plus,dsmp_epsilon_0.001,3,2,1.0,1.0,0.18451283574350302
171,False,pcr6_plus,max_belief,3,2,1.0,1.0,nan
171,False,pcr6_plus,max_plausibility,3,2,1.0,1.0,nan
171,False,pcr6_plus,min_belief_interval_distance,3,2,1.0,1.0,nan
173,True,dempster,betp,6,3,1.0,1.0,0.2871424779838741
173,True,dempster,dsmp_epsilon_0.001,6,3,1.0,1.0,0.4050174367330921
173,True,dempster,max_belief,6,3,1.0,1.0,nan
173,True,dempster,max_plausibility,6,3,1.0,1.0,nan
173,True,dempster,min_belief_interval_distance,6,3,1.0,1.0,nan
173,True,pcr6,betp,6,3,1.0,1.0,0.20290910483879449
173,True,pcr6,dsmp_epsilon_0.001,6,3,1.0,1.0,0.39864809575542515
173,True,pcr6,max_belief,6,3,1.0,1.0,nan
173,True,pcr6,max_plausibility,6,3,1.0,1.0,nan
173,True,pcr6,min_belief_interval_distance,6,3,1.0,1.0,nan
173,True,pcr6_plus,betp,6,3,1.0,1.0,0.21122382805998074
173,True,pcr6_plus,dsmp_epsilon_0.001,6,3,1.0,1.0,0.39002339256054286
173,True,pcr6_plus,max_belief,6,3,1.0,1.0,nan
173,True,pcr6_plus,max_plausibility,6,3,1.0,1.0,nan
173,True,pcr6_plus,min_belief_interval_distance,6,3,1.0,1.0,nan
175,True,dempster,betp,6,3,0.0,0.5,0.3726934278815909
175,True,dempster,dsmp_epsilon_0.001,6,3,0.0,0.5,0.49047536792107405
175,True,dempster,max_belief,6,3,0.0,0.5,nan
175,True,dempster,max_plausibility,6,3,0.0,0.5,nan
175,True,dempster,min_belief_interval_distance,6,3,0.0,0.5,nan
175,True,pcr6,betp,6,3,0.0,0.5,0.3431865185295193
175,True,pcr6,dsmp_epsilon_0.001,6,3,0.0,0.5,0.47183622340777676
175,True,pcr6,max_belief,6,3,0.0,0.5,nan
175,True,pcr6,max_plausibility,6,3,0.0,0.5,nan
175,True,pcr6,min_belief_interval_distance,6,3,0.0,0.5,nan
175,True,pcr6_plus,betp,6,3,0.0,0.5,0.36004022411293707
175,True,pcr6_plus,dsmp_epsilon_0.001,6,3,0.0,0.5,0.45611359115194494
175,True,pcr6_plus,max_belief,6,3,0.0,0.5,nan
175,True,pcr6_plus,max_plausibility,6,3,0.0,0.5,nan
175,True,pcr6_plus,min_belief_interval_distance,6,3,0.0,0.5,nan
176,False,dempster,betp,6,2,1.0,1.0,0.03683814733320478
176,False,dempster,dsmp_epsilon_0.001,6,2,1.0,1.0,0.3341819150267704
176,False,dempster,max_belief,6,2,1.0,1.0,nan
176,False,dempster,max_plausibility,6,2,1.0,1.0,nan
176,False,dempster,min_belief_interval_distance,6,2,1.0,1.0,nan
176,False,pcr6,betp,6,2,1.0,1.0,0.035970688472432344
176,False,pcr6,dsmp_epsilon_0.001,6,2,1.0,1.0,0.3337610398203927
176,False,pcr6,max_belief,6,2,1.0,1.0,nan
176,False,pcr6,max_plausibility,6,2,1.0,1.0,nan
176,False,pcr6,min_belief_interval_distance,6,2,1.0,1.0,nan
176,False,pcr6_plus,betp,6,2,1.0,1.0,0.03768303567522438
176,False,pcr6_plus,dsmp_epsilon_0.001,6,2,1.0,1.0,0.3244530130095402
176,False,pcr6_plus,max_belief,6,2,1.0,1.0,nan
176,False,pcr6_plus,max_plausibility,6,2,1.0,1.0,nan
176,False,pcr6_plus,min_belief_interval_distance,6,2,1.0,1.0,nan
177,False,dempster,betp,5,2,1.0,1.0,0.00577945940915795
177,False,dempster,dsmp_epsilon_0.001,5,2,1.0,1.0,0.20687742908974183
177,False,dempster,max_belief,5,2,1.0,1.0,nan
177,False,dempster,max_plausibility,5,2,1.0,1.0,nan
177,False,dempster,min_belief_interval_distance,5,2,1.0,1.0,nan
177,False,pcr6,betp,5,2,1.0,1.0,0.00572673739543968
177,False,pcr6,dsmp_epsilon_0.001,5,2,1.0,1.0,0.20660398112599204
177,False,pcr6,max_belief,5,2,1.0,1.0,nan
177,False,pcr6,max_plausibility,5,2,1.0,1.0,nan
177,False,pcr6,min_belief_interval_distance,5,2,1.0,1.0,nan
177,False,pcr6_plus,betp,5,2,1.0,1.0,0.005769744341394099
177,False,pcr6_plus,dsmp_epsilon_0.001,5,2,1.0,1.0,0.19715097466634185
177,False,pcr6_plus,max_belief,5,2,1.0,1.0,nan
177,False,pcr6_plus,max_plausibility,5,2,1.0,1.0,nan
177,False,pcr6_plus,min_belief_interval_distance,5,2,1.0,1.0,nan
178,False,dempster,betp,2,2,1.0,1.0,6.0726344975482524e-06
178,False,dempster,dsmp_epsilon_0.001,2,2,1.0,1.0,0.0007882050181827325
178,False,dempster,max_belief,2,2,1.0,1.0,nan
178,False,dempster,max_plausibility,2,2,1.0,1.0,nan
178,False,dempster,min_belief_interval_distance,2,2,1.0,1.0,nan
178,False,pcr6,betp,2,2,1.0,1.0,6.322415981389962e-06
178,False,pcr6,dsmp_epsilon_0.001,2,2,1.0,1.0,0.000787335505256639
178,False,pcr6,max_belief,2,2,1.0,1.0,nan
178,False,pcr6,max_plausibility,2,2,1.0,1.0,nan
178,False,pcr6,min_belief_interval_distance,2,2,1.0,1.0,nan
178,False,pcr6_plus,betp,2,2,1.0,1.0,6.322415981389962e-06
178,False,pcr6_plus,dsmp_epsilon_0.001,2,2,1.0,1.0,0.000787335505256639
178,False,pcr6_plus,max_belief,2,2,1.0,1.0,nan
178,False,pcr6_plus,max_plausibility,2,2,1.0,1.0,nan
178,False,pcr6_plus,min_belief_interval_distance,2,2,1.0,1.0,nan
180,False,dempster,betp,6,2,1.0,1.0,0.47518925506199056
180,False,dempster,dsmp_epsilon_0.001,6,2,1.0,1.0,0.4837802826098683
180,False,dempster,max_belief,6,2,1.0,1.0,nan
180,False,dempster,max_plausibility,6,2,1.0,1.0,nan
180,False,dempster,min_belief_interval_distance,6,2,1.0,1.0,nan
180,False,pcr6,betp,6,2,1.0,1.0,0.191955727830048
180,False,pcr6,dsmp_epsilon_0.001,6,2,1.0,1.0,0.368263002359148
180,False,pcr6,max_belief,6,2,1.0,1.0,nan
180,False,pcr6,max_plausibility,6,2,1.0,1.0,nan
180,False,pcr6,min_belief_interval_distance,6,2,1.0,1.0,nan
180,False,pcr6_plus,betp,6,2,1.0,1.0,0.28661135580889247
180,False,pcr6_plus,dsmp_epsilon_0.001,6,2,1.0,1.0,0.2893350916547119
180,False,pcr6_plus,max_belief,6,2,1.0,1.0,nan
180,False,pcr6_plus,max_plausibility,6,2,1.0,1.0,nan
180,False,pcr6_plus,min_belief_interval_distance,6,2,1.0,1.0,nan
181,True,dempster,betp,6,3,1.0,1.0,0.1933344497123219
181,True,dempster,dsmp_epsilon_0.001,6,3,1.0,1.0,0.34057378838237606
181,True,dempster,max_belief,6,3,1.0,1.0,nan
181,True,dempster,max_plausibility,6,3,1.0,1.0,nan
181,True,dempster,min_belief_interval_distance,6,3,1.0,1.0,nan
181,True,pcr6,betp,6,3,1.0,1.0,0.15163753428990107
181,True,pcr6,dsmp_epsilon_0.001,6,3,1.0,1.0,0.3380970851499162
181,True,pcr6,max_belief,6,3,1.0,1.0,nan
181,True,pcr6,max_plausibility,6,3,1.0,1.0,nan
181,True,pcr6,min_belief_interval_distance,6,3,1.0,1.0,nan
181,True,pcr6_plus,betp,6,3,1.0,1.0,0.18698808381339588
181,True,pcr6_plus,dsmp_epsilon_0.001,6,3,1.0,1.0,0.31927964151134447
181,True,pcr6_plus,max_belief,6,3,1.0,1.0,nan
181,True,pcr6_plus,max_plausibility,6,3,1.0,1.0,nan
181,True,pcr6_plus,min_belief_interval_distance,6,3,1.0,1.0,nan
182,True,dempster,betp,6,3,0.0,0.5,1.1941144443739018
182,True,dempster,dsmp_epsilon_0.001,6,3,0.0,0.5,1.3002229233350393
182,True,dempster,max_belief,6,3,0.0,0.5,nan
182,True,dempster,max_plausibility,6,3,0.0,0.5,nan
182,True,dempster,min_belief_interval_distance,6,3,0.0,0.5,nan
182,True,pcr6,betp,6,3,0.0,0.5,0.7376198972348456
182,True,pcr6,dsmp_epsilon_0.001,6,3,0.0,0.5,1.2131269226943313
182,True,pcr6,max_belief,6,3,0.0,0.5,nan
182,True,pcr6,max_plausibility,6,3,0.0,0.5,nan
182,True,pcr6,min_belief_interval_distance,6,3,0.0,0.5,nan
182,True,pcr6_plus,betp,6,3,0.0,0.5,1.045333500900666
182,True,pcr6_plus,dsmp_epsilon_0.001,6,3,0.0,0.5,1.0936834235392174
182,True,pcr6_plus,max_belief,6,3,0.0,0.5,nan
182,True,pcr6_plus,max_plausibility,6,3,0.0,0.5,nan
182,True,pcr6_plus,min_belief_interval_distance,6,3,0.0,0.5,nan
183,True,dempster,betp,6,3,1.0,1.0,0.05251859613474394
183,True,dempster,dsmp_epsilon_0.001,6,3,1.0,1.0,0.4542169807262258
183,True,dempster,max_belief,6,3,1.0,1.0,nan
183,True,dempster,max_plausibility,6,3,1.0,1.0,nan
183,True,dempster,min_belief_interval_distance,6,3,1.0,1.0,nan
183,True,pcr6,betp,6,3,1.0,1.0,0.05198483443862791
183,True,pcr6,dsmp_epsilon_0.001,6,3,1.0,1.0,0.4541745429362406
183,True,pcr6,max_belief,6,3,1.0,1.0,nan
183,True,pcr6,max_plausibility,6,3,1.0,1.0,nan
183,True,pcr6,min_belief_interval_distance,6,3,1.0,1.0,nan
183,True,pcr6_plus,betp,6,3,1.0,1.0,0.052763735787771646
183,True,pcr6_plus,dsmp_epsilon_0.001,6,3,1.0,1.0,0.4540851507195297
183,True,pcr6_plus,max_belief,6,3,1.0,1.0,nan
183,True,pcr6_plus,max_plausibility,6,3,1.0,1.0,nan
183,True,pcr6_plus,min_belief_interval_distance,6,3,1.0,1.0,nan
184,False,dempster,betp,5,2,1.0,1.0,0.011116579650471643
184,False,dempster,dsmp_epsilon_0.001,5,2,1.0,1.0,0.032019646892931596
184,False,dempster,max_belief,5,2,1.0,1.0,nan
184,False,dempster,max_plausibility,5,2,1.0,1.0,nan
184,False,dempster,min_belief_interval_distance,5,2,1.0,1.0,nan
184,False,pcr6,betp,5,2,1.0,1.0,0.00822966883997439
184,False,pcr6,dsmp_epsilon_0.001,5,2,1.0,1.0,0.029581001980678256
184,False,pcr6,max_belief,5,2,1.0,1.0,nan
184,False,pcr6,max_plausibility,5,2,1.0,1.0,nan
184,False,pcr6,min_belief_interval_distance,5,2,1.0,1.0,nan
184,False,pcr6_plus,betp,5,2,1.0,1.0,0.009709093945286549
184,False,pcr6_plus,dsmp_epsilon_0.001,5,2,1.0,1.0,0.022509334104772568
184,False,pcr6_plus,max_belief,5,2,1.0,1.0,nan
184,False,pcr6_plus,max_plausibility,5,2,1.0,1.0,nan
184,False,pcr6_plus,min_belief_interval_distance,5,2,1.0,1.0,nan
185,False,dempster,betp,4,2,1.0,1.0,0.0025248430249970285
185,False,dempster,dsmp_epsilon_0.001,4,2,1.0,1.0,0.07623022037376895
185,False,dempster,max_belief,4,2,1.0,1.0,nan
185,False,dempster,max_plausibility,4,2,1.0,1.0,nan
185,False,dempster,min_belief_interval_distance,4,2,1.0,1.0,nan
185,False,pcr6,betp,4,2,1.0,1.0,0.0024985540033862254
185,False,pcr6,dsmp_epsilon_0.001,4,2,1.0,1.0,0.07621519247907461
185,False,pcr6,max_belief,4,2,1.0,1.0,nan
185,False,pcr6,max_plausibility,4,2,1.0,1.0,nan
185,False,pcr6,min_belief_interval_distance,4,2,1.0,1.0,nan
185,False,pcr6_plus,betp,4,2,1.0,1.0,0.002693553229200396
185,False,pcr6_plus,dsmp_epsilon_0.001,4,2,1.0,1.0,0.07557192134934101
185,False,pcr6_plus,max_belief,4,2,1.0,1.0,nan
185,False,pcr6_plus,max_plausibility,4,2,1.0,1.0,nan
185,False,pcr6_plus,min_belief_interval_distance,4,2,1.0,1.0,nan
186,False,dempster,betp,6,2,1.0,1.0,0.4336187606042917
186,False,dempster,dsmp_epsilon_0.001,6,2,1.0,1.0,0.4540401391164808
186,False,dempster,max_belief,6,2,1.0,1.0,nan
186,False,dempster,max_plausibility,6,2,1.0,1.0,nan
186,False,dempster,min_belief_interval_distance,6,2,1.0,1.0,nan
186,False,pcr6,betp,6,2,1.0,1.0,0.15095435740759683
186,False,pcr6,dsmp_epsilon_0.001,6,2,1.0,1.0,0.33106469456811893
186,False,pcr6,max_belief,6,2,1.0,1.0,nan
186,False,pcr6,max_plausibility,6,2,1.0,1.0,nan
186,False,pcr6,min_belief_interval_distance,6,2,1.0,1.0,nan
186,False,pcr6_plus,betp,6,2,1.0,1.0,0.22702432411066398
186,False,pcr6_plus,dsmp_epsilon_0.001,6,2,1.0,1.0,0.23238180592932955
186,False,pcr6_plus,max_belief,6,2,1.0,1.0,nan
186,False,pcr6_plus,max_plausibility,6,2,1.0,1.0,nan
186,False,pcr6_plus,min_belief_interval_distance,6,2,1.0,1.0,nan
187,False,dempster,betp,6,2,1.0,1.0,0.024632309261878316
187,False,dempster,dsmp_epsilon_0.001,6,2,1.0,1.0,0.04273328598087191
187,False,dempster,max_belief,6,2,1.0,1.0,nan
187,False,dempster,max_plausibility,6,2,1.0,1.0,nan
187,False,dempster,min_belief_interval_distance,6,2,1.0,1.0,nan
187,False,pcr6,betp,6,2,1.0,1.0,0.011427526340217828
187,False,pcr6,dsmp_epsilon_0.001,6,2,1.0,1.0,0.03479232568171036
187,False,pcr6,max_belief,6,2,1.0,1.0,nan
187,False,pcr6,max_plausibility,6,2,1.0,1.0,nan
187,False,pcr6,min_belief_interval_distance,6,2,1.0,1.0,nan
187,False,pcr6_plus,betp,6,2,1.0,1.0,0.014899864999447532
187,False,pcr6_plus,dsmp_epsilon_0.001,6,2,1.0,1.0,0.020906620416389902
187,False,pcr6_plus,max_belief,6,2,1.0,1.0,nan
187,False,pcr6_plus,max_plausibility,6,2,1.0,1.0,nan
187,False,pcr6_plus,min_belief_interval_distance,6,2,1.0,1.0,nan
188,False,dempster,betp,3,2,1.0,1.0,0.018557431016483602
188,False,dempster,dsmp_epsilon_0.001,3,2,1.0,1.0,0.22985265475469116
188,False,dempster,max_belief,3,2,1.0,1.0,nan
188,False,dempster,max_plausibility,3,2,1.0,1.0,nan
188,False,dempster,min_belief_interval_distance,3,2,1.0,1.0,nan
188,False,pcr6,betp,3,2,1.0,1.0,0.01834643377739083
188,False,pcr6,dsmp_epsilon_0.001,3,2,1.0,1.0,0.22828361526377222
188,False,pcr6,max_belief,3,2,1.0,1.0,nan
188,False,pcr6,max_plausibility,3,2,1.0,1.0,nan
188,False,pcr6,min_belief_interval_distance,3,2,1.0,1.0,nan
188,False,pcr6_plus,betp,3,2,1.0,1.0,0.01924850395050094
188,False,pcr6_plus,dsmp_epsilon_0.001,3,2,1.0,1.0,0.2216864797019889
188,False,pcr6_plus,max_belief,3,2,1.0,1.0,nan
188,False,pcr6_plus,max_plausibility,3,2,1.0,1.0,nan
188,False,pcr6_plus,min_belief_interval_distance,3,2,1.0,1.0,nan
189,False,dempster,betp,4,2,0.0,0.0,1.8924432240722084
189,False,dempster,dsmp_epsilon_0.001,4,2,0.0,0.0,1.99976983131145
189,False,dempster,max_belief,4,2,0.0,0.0,nan
189,False,dempster,max_plausibility,4,2,0.0,0.0,nan
189,False,dempster,min_belief_interval_distance,4,2,0.0,0.0,nan
189,False,pcr6,betp,4,2,0.0,0.0,1.8924432240722084
189,False,pcr6,dsmp_epsilon_0.001,4,2,0.0,0.0,1.99976983131145
189,False,pcr6,max_belief,4,2,0.0,0.0,nan
189,False,pcr6,max_plausibility,4,2,0.0,0.0,nan
189,False,pcr6,min_belief_interval_distance,4,2,0.0,0.0,nan
189,False,pcr6_plus,betp,4,2,0.0,0.0,1.8924432240722084
189,False,pcr6_plus,dsmp_epsilon_0.001,4,2,0.0,0.0,1.99976983131145
189,False,pcr6_plus,max_belief,4,2,0.0,0.0,nan
189,False,pcr6_plus,max_plausibility,4,2,0.0,0.0,nan
189,False,pcr6_plus,min_belief_interval_distance,4,2,0.0,0.0,nan
190,True,dempster,betp,5,3,0.0,0.5,0.3893477455417844
190,True,dempster,dsmp_epsilon_0.001,5,3,0.0,0.5,0.4528987765612753
190,True,dempster,max_belief,5,3,0.0,0.5,nan
190,True,dempster,max_plausibility,5,3,0.0,0.5,nan
190,True,dempster,min_belief_interval_distance,5,3,0.0,0.5,nan
190,True,pcr6,betp,5,3,0.0,0.5,0.2580083753235249
190,True,pcr6,dsmp_epsilon_0.001,5,3,0.0,0.5,0.43939520999908754
190,True,pcr6,max_belief,5,3,0.0,0.5,nan
190,True,pcr6,max_plausibility,5,3,0.0,0.5,nan
190,True,pcr6,min_belief_interval_distance,5,3,0.0,0.5,nan
190,True,pcr6_plus,betp,5,3,0.0,0.5,0.2817907241276738
190,True,pcr6_plus,dsmp_epsilon_0.001,5,3,0.0,0.5,0.42252837877584837
190,True,pcr6_plus,max_belief,5,3,0.0,0.5,nan
190,True,pcr6_plus,max_plausibility,5,3,0.0,0.5,nan
190,True,pcr6_plus,min_belief_interval_distance,5,3,0.0,0.5,nan
191,False,dempster,betp,2,2,1.0,1.0,0.0007122720215427282
191,False,dempster,dsmp_epsilon_0.001,2,2,1.0,1.0,0.4527486264407023
191,False,dempster,max_belief,2,2,1.0,1.0,nan
191,False,dempster,max_plausibility,2,2,1.0,1.0,nan
191,False,dempster,min_belief_interval_distance,2,2,1.0,1.0,nan
191,False,pcr6,betp,2,2,1.0,1.0,0.0007122720215427282
191,False,pcr6,dsmp_epsilon_0.001,2,2,1.0,1.0,0.4527486264407023
191,False,pcr6,max_belief,2,2,1.0,1.0,nan
191,False,pcr6,max_plausibility,2,2,1.0,1.0,nan
191,False,pcr6,min_belief_interval_distance,2,2,1.0,1.0,nan
191,False,pcr6_plus,betp,2,2,1.0,1.0,0.0007122720215427282
191,False,pcr6_plus,dsmp_epsilon_0.001,2,2,1.0,1.0,0.4527486264407023
191,False,pcr6_plus,max_belief,2,2,1.0,1.0,nan
191,False,pcr6_plus,max_plausibility,2,2,1.0,1.0,nan
191,False,pcr6_plus,min_belief_interval_distance,2,2,1.0,1.0,nan
192,False,dempster,betp,5,2,1.0,1.0,0.15533353888534218
192,False,dempster,dsmp_epsilon_0.001,5,2,1.0,1.0,0.20864569213924433
192,False,dempster,max_belief,5,2,1.0,1.0,nan
192,False,dempster,max_plausibility,5,2,1.0,1.0,nan
192,False,dempster,min_belief_interval_distance,5,2,1.0,1.0,nan
192,False,pcr6,betp,5,2,1.0,1.0,0.0605097362281155
192,False,pcr6,dsmp_epsilon_0.001,5,2,1.0,1.0,0.15531064198332012
192,False,pcr6,max_belief,5,2,1.0,1.0,nan
192,False,pcr6,max_plausibility,5,2,1.0,1.0,nan
192,False,pcr6,min_belief_interval_distance,5,2,1.0,1.0,nan
192,False,pcr6_plus,betp,5,2,1.0,1.0,0.09033403126323461
192,False,pcr6_plus,dsmp_epsilon_0.001,5,2,1.0,1.0,0.10596657548272045
192,False,pcr6_plus,max_belief,5,2,1.0,1.0,nan
192,False,pcr6_plus,max_plausibility,5,2,1.0,1.0,nan
192,False,pcr6_plus,min_belief_interval_distance,5,2,1.0,1.0,nan
193,True,dempster,betp,5,3,0.0,0.5,0.2215583872062615
193,True,dempster,dsmp_epsilon_0.001,5,3,0.0,0.5,0.39608461538015827
193,True,dempster,max_belief,5,3,0.0,0.5,nan
193,True,dempster,max_plausibility,5,3,1.0,1.0,nan
193,True,dempster,min_belief_interval_distance,5,3,0.0,0.5,nan
193,True,pcr6,betp,5,3,0.0,0.5,0.24115204957996578
193,True,pcr6,dsmp_epsilon_0.001,5,3,0.0,0.5,0.545691640000389
193,True,pcr6,max_belief,5,3,0.0,0.5,nan
193,True,pcr6,max_plausibility,5,3,1.0,1.0,nan
193,True,pcr6,min_belief_interval_distance,5,3,0.0,0.5,nan
193,True,pcr6_plus,betp,5,3,0.0,0.5,0.2892042218452075
193,True,pcr6_plus,dsmp_epsilon_0.001,5,3,0.0,0.5,0.4392259350701914
193,True,pcr6_plus,max_belief,5,3,0.0,0.5,nan
193,True,pcr6_plus,max_plausibility,5,3,1.0,1.0,nan
193,True,pcr6_plus,min_belief_interval_distance,5,3,0.0,0.5,nan
194,True,dempster,betp,5,3,0.0,0.5,0.4591556559134777
194,True,dempster,dsmp_epsilon_0.001,5,3,0.0,0.5,0.8561959698510611
194,True,dempster,max_belief,5,3,0.0,0.5,nan
194,True,dempster,max_plausibility,5,3,0.0,0.5,nan
194,True,dempster,min_belief_interval_distance,5,3,0.0,0.5,nan
194,True,pcr6,betp,5,3,0.0,0.5,0.45073516201367564
194,True,pcr6,dsmp_epsilon_0.001,5,3,0.0,0.5,0.8535266376564444
194,True,pcr6,max_belief,5,3,0.0,0.5,nan
194,True,pcr6,max_plausibility,5,3,0.0,0.5,nan
194,True,pcr6,min_belief_interval_distance,5,3,0.0,0.5,nan
194,True,pcr6_plus,betp,5,3,0.0,0.5,0.4587313820486877
194,True,pcr6_plus,dsmp_epsilon_0.001,5,3,0.0,0.5,0.8457670226576226
194,True,pcr6_plus,max_belief,5,3,0.0,0.5,nan
194,True,pcr6_plus,max_plausibility,5,3,0.0,0.5,nan
194,True,pcr6_plus,min_belief_interval_distance,5,3,0.0,0.5,nan
196,False,dempster,betp,2,2,1.0,1.0,0.002929803305322779
196,False,dempster,dsmp_epsilon_0.001,2,2,1.0,1.0,0.4767633913198258
196,False,dempster,max_belief,2,2,1.0,1.0,nan
196,False,dempster,max_plausibility,2,2,1.0,1.0,nan
196,False,dempster,min_belief_interval_distance,2,2,1.0,1.0,nan
196,False,pcr6,betp,2,2,1.0,1.0,0.002929803305322779
196,False,pcr6,dsmp_epsilon_0.001,2,2,1.0,1.0,0.4767633913198258
196,False,pcr6,max_belief,2,2,1.0,1.0,nan
196,False,pcr6,max_plausibility,2,2,1.0,1.0,nan
196,False,pcr6,min_belief_interval_distance,2,2,1.0,1.0,nan
196,False,pcr6_plus,betp,2,2,1.0,1.0,0.002929803305322779
196,False,pcr6_plus,dsmp_epsilon_0.001,2,2,1.0,1.0,0.4767633913198258
196,False,pcr6_plus,max_belief,2,2,1.0,1.0,nan
196,False,pcr6_plus,max_plausibility,2,2,1.0,1.0,nan
196,False,pcr6_plus,min_belief_interval_distance,2,2,1.0,1.0,nan
197,False,dempster,betp,2,2,1.0,1.0,0.002635619762072852
197,False,dempster,dsmp_epsilon_0.001,2,2,1.0,1.0,0.4754469799190953
197,False,dempster,max_belief,2,2,1.0,1.0,nan
197,False,dempster,max_plausibility,2,2,1.0,1.0,nan
197,False,dempster,min_belief_interval_distance,2,2,1.0,1.0,nan
197,False,pcr6,betp,2,2,1.0,1.0,0.002635619762072852
197,False,pcr6,dsmp_epsilon_0.001,2,2,1.0,1.0,0.4754469799190953
197,False,pcr6,max_belief,2,2,1.0,1.0,nan
197,False,pcr6,max_plausibility,2,2,1.0,1.0,nan
197,False,pcr6,min_belief_interval_distance,2,2,1.0,1.0,nan
197,False,pcr6_plus,betp,2,2,1.0,1.0,0.002635619762072852
197,False,pcr6_plus,dsmp_epsilon_0.001,2,2,1.0,1.0,0.4754469799190953
197,False,pcr6_plus,max_belief,2,2,1.0,1.0,nan
197,False,pcr6_plus,max_plausibility,2,2,1.0,1.0,nan
197,False,pcr6_plus,min_belief_interval_distance,2,2,1.0,1.0,nan
198,True,dempster,betp,6,3,0.0,0.5,1.3574064565675215
198,True,dempster,dsmp_epsilon_0.001,6,3,0.0,0.5,1.4758590310396937
198,True,dempster,max_belief,6,3,0.0,0.5,nan
198,True,dempster,max_plausibility,6,3,0.0,0.5,nan
198,True,dempster,min_belief_interval_distance,6,3,0.0,0.5,nan
198,True,pcr6,betp,6,3,0.0,0.5,1.2516216842307093
198,True,pcr6,dsmp_epsilon_0.001,6,3,0.0,0.5,1.4742597118789114
198,True,pcr6,max_belief,6,3,0.0,0.5,nan
198,True,pcr6,max_plausibility,6,3,0.0,0.5,nan
198,True,pcr6,min_belief_interval_distance,6,3,0.0,0.5,nan
198,True,pcr6_plus,betp,6,3,0.0,0.5,1.3301907978805563
198,True,pcr6_plus,dsmp_epsilon_0.001,6,3,0.0,0.5,1.4705673474081467
198,True,pcr6_plus,max_belief,6,3,0.0,0.5,nan
198,True,pcr6_plus,max_plausibility,6,3,0.0,0.5,nan
198,True,pcr6_plus,min_belief_interval_distance,6,3,0.0,0.5,nan
199,True,dempster,betp,4,3,1.0,1.0,0.0640982124310443
199,True,dempster,dsmp_epsilon_0.001,4,3,0.0,0.5,0.46916071327397035
199,True,dempster,max_belief,4,3,0.0,0.5,nan
199,True,dempster,max_plausibility,4,3,1.0,1.0,nan
199,True,dempster,min_belief_interval_distance,4,3,1.0,1.0,nan
199,True,pcr6,betp,4,3,1.0,1.0,0.06414720543703424
199,True,pcr6,dsmp_epsilon_0.001,4,3,0.0,0.5,0.4691166484797391
199,True,pcr6,max_belief,4,3,0.0,0.5,nan
199,True,pcr6,max_plausibility,4,3,1.0,1.0,nan
199,True,pcr6,min_belief_interval_distance,4,3,1.0,1.0,nan
199,True,pcr6_plus,betp,4,3,1.0,1.0,0.06397341187531148
199,True,pcr6_plus,dsmp_epsilon_0.001,4,3,0.0,0.5,0.46904398276229664
199,True,pcr6_plus,max_belief,4,3,0.0,0.5,nan
199,True,pcr6_plus,max_plausibility,4,3,1.0,1.0,nan
199,True,pcr6_plus,min_belief_interval_distance,4,3,1.0,1.0,nan
200,False,dempster,betp,3,2,1.0,1.0,9.246783437076583e-05
200,False,dempster,dsmp_epsilon_0.001,3,2,1.0,1.0,0.018880617252322693
200,False,dempster,max_belief,3,2,1.0,1.0,nan
200,False,dempster,max_plausibility,3,2,1.0,1.0,nan
200,False,dempster,min_belief_interval_distance,3,2,1.0,1.0,nan
200,False,pcr6,betp,3,2,1.0,1.0,9.218244079512793e-05
200,False,pcr6,dsmp_epsilon_0.001,3,2,1.0,1.0,0.018828304089249626
200,False,pcr6,max_belief,3,2,1.0,1.0,nan
200,False,pcr6,max_plausibility,3,2,1.0,1.0,nan
200,False,pcr6,min_belief_interval_distance,3,2,1.0,1.0,nan
200,False,pcr6_plus,betp,3,2,1.0,1.0,9.017495560754708e-05
200,False,pcr6_plus,dsmp_epsilon_0.001,3,2,1.0,1.0,0.017841779661959628
200,False,pcr6_plus,max_belief,3,2,1.0,1.0,nan
200,False,pcr6_plus,max_plausibility,3,2,1.0,1.0,nan
200,False,pcr6_plus,min_belief_interval_distance,3,2,1.0,1.0,nan
201,True,dempster,betp,6,3,1.0,1.0,0.3053290329830472
201,True,dempster,dsmp_epsilon_0.001,6,3,1.0,1.0,0.4748239378986233
201,True,dempster,max_belief,6,3,1.0,1.0,nan
201,True,dempster,max_plausibility,6,3,1.0,1.0,nan
201,True,dempster,min_belief_interval_distance,6,3,1.0,1.0,nan
201,True,pcr6,betp,6,3,1.0,1.0,0.28535486796455967
201,True,pcr6,dsmp_epsilon_0.001,6,3,1.0,1.0,0.4741462370736045
201,True,pcr6,max_belief,6,3,1.0,1.0,nan
201,True,pcr6,max_plausibility,6,3,1.0,1.0,nan
201,True,pcr6,min_belief_interval_distance,6,3,1.0,1.0,nan
201,True,pcr6_plus,betp,6,3,1.0,1.0,0.29074454535672706
201,True,pcr6_plus,dsmp_epsilon_0.001,6,3,1.0,1.0,0.4727955481785059
201,True,pcr6_plus,max_belief,6,3,1.0,1.0,nan
201,True,pcr6_plus,max_plausibility,6,3,1.0,1.0,nan
201,True,pcr6_plus,min_belief_interval_distance,6,3,1.0,1.0,nan
202,False,dempster,betp,5,2,1.0,1.0,0.0031529039901829806
202,False,dempster,dsmp_epsilon_0.001,5,2,1.0,1.0,0.1148287275132487
202,False,dempster,max_belief,5,2,1.0,1.0,nan
202,False,dempster,max_plausibility,5,2,1.0,1.0,nan
202,False,dempster,min_belief_interval_distance,5,2,1.0,1.0,nan
202,False,pcr6,betp,5,2,1.0,1.0,0.0031137155422906668
202,False,pcr6,dsmp_epsilon_0.001,5,2,1.0,1.0,0.11451906445306767
202,False,pcr6,max_belief,5,2,1.0,1.0,nan
202,False,pcr6,max_plausibility,5,2,1.0,1.0,nan
202,False,pcr6,min_belief_interval_distance,5,2,1.0,1.0,nan
202,False,pcr6_plus,betp,5,2,1.0,1.0,0.0030763170558027165
202,False,pcr6_plus,dsmp_epsilon_0.001,5,2,1.0,1.0,0.10543792951527212
202,False,pcr6_plus,max_belief,5,2,1.0,1.0,nan
202,False,pcr6_plus,max_plausibility,5,2,1.0,1.0,nan
202,False,pcr6_plus,min_belief_interval_distance,5,2,1.0,1.0,nan
203,False,dempster,betp,6,2,1.0,1.0,0.41261141263794543
203,False,dempster,dsmp_epsilon_0.001,6,2,1.0,1.0,0.49059706621275756
203,False,dempster,max_belief,6,2,1.0,1.0,nan
203,False,dempster,max_plausibility,6,2,1.0,1.0,nan
203,False,dempster,min_belief_interval_distance,6,2,1.0,1.0,nan
203,False,pcr6,betp,6,2,1.0,1.0,0.38668114275377635
203,False,pcr6,dsmp_epsilon_0.001,6,2,1.0,1.0,0.4893263085088942
203,False,pcr6,max_belief,6,2,1.0,1.0,nan
203,False,pcr6,max_plausibility,6,2,1.0,1.0,nan
203,False,pcr6,min_belief_interval_distance,6,2,1.0,1.0,nan
203,False,pcr6_plus,betp,6,2,1.0,1.0,0.4117287466331722
203,False,pcr6_plus,dsmp_epsilon_0.001,6,2,1.0,1.0,0.48562353544534803
203,False,pcr6_plus,max_belief,6,2,1.0,1.0,nan
203,False,pcr6_plus,max_plausibility,6,2,1.0,1.0,nan
203,False,pcr6_plus,min_belief_interval_distance,6,2,1.0,1.0,nan
204,True,dempster,betp,6,3,0.0,0.5,0.2507940232763935
204,True,dempster,dsmp_epsilon_0.001,6,3,0.0,0.5,0.37813714464361964
204,True,dempster,max_belief,6,3,0.0,0.5,nan
204,True,dempster,max_plausibility,6,3,0.0,0.5,nan
204,True,dempster,min_belief_interval_distance,6,3,0.0,0.5,nan
204,True,pcr6,betp,6,3,0.0,0.5,0.23163867464697313
204,True,pcr6,dsmp_epsilon_0.001,6,3,0.0,0.5,0.43758070211937994
204,True,pcr6,max_belief,6,3,0.0,0.5,nan
204,True,pcr6,max_plausibility,6,3,0.0,0.5,nan
204,True,pcr6,min_belief_interval_distance,6,3,0.0,0.5,nan
204,True,pcr6_plus,betp,6,3,0.0,0.5,0.30865128188592017
204,True,pcr6_plus,dsmp_epsilon_0.001,6,3,0.0,0.5,0.4336612284273114
204,True,pcr6_plus,max_belief,6,3,0.0,0.5,nan
204,True,pcr6_plus,max_plausibility,6,3,0.0,0.5,nan
204,True,pcr6_plus,min_belief_interval_distance,6,3,0.0,0.5,nan
205,False,dempster,betp,6,2,1.0,1.0,0.06423599886028564
205,False,dempster,dsmp_epsilon_0.001,6,2,1.0,1.0,0.46633834574704597
205,False,dempster,max_belief,6,2,1.0,1.0,nan
205,False,dempster,max_plausibility,6,2,1.0,1.0,nan
205,False,dempster,min_belief_interval_distance,6,2,1.0,1.0,nan
205,False,pcr6,betp,6,2,1.0,1.0,0.06389364865334207
205,False,pcr6,dsmp_epsilon_0.001,6,2,1.0,1.0,0.466306974352931
205,False,pcr6,max_belief,6,2,1.0,1.0,nan
205,False,pcr6,max_plausibility,6,2,1.0,1.0,nan
205,False,pcr6,min_belief_interval_distance,6,2,1.0,1.0,nan
205,False,pcr6_plus,betp,6,2,1.0,1.0,0.0648599107578281
205,False,pcr6_plus,dsmp_epsilon_0.001,6,2,1.0,1.0,0.4656481460256262
205,False,pcr6_plus,max_belief,6,2,1.0,1.0,nan
205,False,pcr6_plus,max_plausibility,6,2,1.0,1.0,nan
205,False,pcr6_plus,min_belief_interval_distance,6,2,1.0,1.0,nan
206,False,dempster,betp,6,2,0.0,0.5,0.41721667040178784
206,False,dempster,dsmp_epsilon_0.001,6,2,0.0,0.5,0.00021294742879158124
206,False,dempster,max_belief,6,2,0.0,0.5,nan
206,False,dempster,max_plausibility,6,2,0.0,0.5,nan
206,False,dempster,min_belief_interval_distance,6,2,0.0,0.5,nan
206,False,pcr6,betp,6,2,0.0,0.5,0.41721667040178784
206,False,pcr6,dsmp_epsilon_0.001,6,2,0.0,0.5,0.00021294742879158124
206,False,pcr6,max_belief,6,2,0.0,0.5,nan
206,False,pcr6,max_plausibility,6,2,0.0,0.5,nan
206,False,pcr6,min_belief_interval_distance,6,2,0.0,0.5,nan
206,False,pcr6_plus,betp,6,2,0.0,0.5,0.41721667040178784
206,False,pcr6_plus,dsmp_epsilon_0.001,6,2,0.0,0.5,0.00021294742879158124
206,False,pcr6_plus,max_belief,6,2,0.0,0.5,nan
206,False,pcr6_plus,max_plausibility,6,2,0.0,0.5,nan
206,False,pcr6_plus,min_belief_interval_distance,6,2,0.0,0.5,nan
207,True,dempster,betp,6,3,1.0,1.0,0.0905302910505042
207,True,dempster,dsmp_epsilon_0.001,6,3,1.0,1.0,0.17653352441284742
207,True,dempster,max_belief,6,3,1.0,1.0,nan
207,True,dempster,max_plausibility,6,3,1.0,1.0,nan
207,True,dempster,min_belief_interval_distance,6,3,1.0,1.0,nan
207,True,pcr6,betp,6,3,1.0,1.0,0.09126668510536248
207,True,pcr6,dsmp_epsilon_0.001,6,3,1.0,1.0,0.17607881430598232
207,True,pcr6,max_belief,6,3,1.0,1.0,nan
207,True,pcr6,max_plausibility,6,3,1.0,1.0,nan
207,True,pcr6,min_belief_interval_distance,6,3,1.0,1.0,nan
207,True,pcr6_plus,betp,6,3,1.0,1.0,0.08878453294909017
207,True,pcr6_plus,dsmp_epsilon_0.001,6,3,1.0,1.0,0.16770751750271568
207,True,pcr6_plus,max_belief,6,3,1.0,1.0,nan
207,True,pcr6_plus,max_plausibility,6,3,1.0,1.0,nan
207,True,pcr6_plus,min_belief_interval_distance,6,3,1.0,1.0,nan
208,False,dempster,betp,6,2,1.0,1.0,8.395358761359731e-05
208,False,dempster,dsmp_epsilon_0.001,6,2,1.0,1.0,0.0002076999197526872
208,False,dempster,max_belief,6,2,1.0,1.0,nan
208,False,dempster,max_plausibility,6,2,1.0,1.0,nan
208,False,dempster,min_belief_interval_distance,6,2,1.0,1.0,nan
208,False,pcr6,betp,6,2,1.0,1.0,2.813380875123037e-05
208,False,pcr6,dsmp_epsilon_0.001,6,2,1.0,1.0,9.762749988692944e-05
208,False,pcr6,max_belief,6,2,1.0,1.0,nan
208,False,pcr6,max_plausibility,6,2,1.0,1.0,nan
208,False,pcr6,min_belief_interval_distance,6,2,1.0,1.0,nan
208,False,pcr6_plus,betp,6,2,1.0,1.0,3.80257336015916e-05
208,False,pcr6_plus,dsmp_epsilon_0.001,6,2,1.0,1.0,7.44678767818237e-05
208,False,pcr6_plus,max_belief,6,2,1.0,1.0,nan
208,False,pcr6_plus,max_plausibility,6,2,1.0,1.0,nan
208,False,pcr6_plus,min_belief_interval_distance,6,2,1.0,1.0,nan
209,True,dempster,betp,4,3,0.0,0.5,0.1862759442721703
209,True,dempster,dsmp_epsilon_0.001,4,3,0.0,0.5,0.3415410604414584
209,True,dempster,max_belief,4,3,0.0,0.5,nan
209,True,dempster,max_plausibility,4,3,0.0,0.5,nan
209,True,dempster,min_belief_interval_distance,4,3,0.0,0.5,nan
209,True,pcr6,betp,4,3,0.0,0.5,0.18620951673528613
209,True,pcr6,dsmp_epsilon_0.001,4,3,0.0,0.5,0.34145469181399046
209,True,pcr6,max_belief,4,3,0.0,0.5,nan
209,True,pcr6,max_plausibility,4,3,0.0,0.5,nan
209,True,pcr6,min_belief_interval_distance,4,3,0.0,0.5,nan
209,True,pcr6_plus,betp,4,3,0.0,0.5,0.18629315101017543
209,True,pcr6_plus,dsmp_epsilon_0.001,4,3,0.0,0.5,0.3415528977050551
209,True,pcr6_plus,max_belief,4,3,0.0,0.5,nan
209,True,pcr6_plus,max_plausibility,4,3,0.0,0.5,nan
209,True,pcr6_plus,min_belief_interval_distance,4,3,0.0,0.5,nan
210,False,dempster,betp,2,2,1.0,1.0,0.00010583969221793311
210,False,dempster,dsmp_epsilon_0.001,2,2,1.0,1.0,0.11759664077276215
210,False,dempster,max_belief,2,2,1.0,1.0,nan
210,False,dempster,max_plausibility,2,2,1.0,1.0,nan
210,False,dempster,min_belief_interval_distance,2,2,1.0,1.0,nan
210,False,pcr6,betp,2,2,1.0,1.0,0.00010691632956499119
210,False,pcr6,dsmp_epsilon_0.001,2,2,1.0,1.0,0.117663618121462
210,False,pcr6,max_belief,2,2,1.0,1.0,nan
210,False,pcr6,max_plausibility,2,2,1.0,1.0,nan
210,False,pcr6,min_belief_interval_distance,2,2,1.0,1.0,nan
210,False,pcr6_plus,betp,2,2,1.0,1.0,0.00010691632956499119
210,False,pcr6_plus,dsmp_epsilon_0.001,2,2,1.0,1.0,0.117663618121462
210,False,pcr6_plus,max_belief,2,2,1.0,1.0,nan
210,False,pcr6_plus,max_plausibility,2,2,1.0,1.0,nan
210,False,pcr6_plus,min_belief_interval_distance,2,2,1.0,1.0,nan
211,True,dempster,betp,3,3,1.0,1.0,0.05778924180205839
211,True,dempster,dsmp_epsilon_0.001,3,3,1.0,1.0,0.34238473391597657
211,True,dempster,max_belief,3,3,1.0,1.0,nan
211,True,dempster,max_plausibility,3,3,1.0,1.0,nan
211,True,dempster,min_belief_interval_distance,3,3,1.0,1.0,nan
211,True,pcr6,betp,3,3,1.0,1.0,0.058388975161582646
211,True,pcr6,dsmp_epsilon_0.001,3,3,1.0,1.0,0.34351381967436406
211,True,pcr6,max_belief,3,3,1.0,1.0,nan
211,True,pcr6,max_plausibility,3,3,1.0,1.0,nan
211,True,pcr6,min_belief_interval_distance,3,3,1.0,1.0,nan
211,True,pcr6_plus,betp,3,3,1.0,1.0,0.06107090684469787
211,True,pcr6_plus,dsmp_epsilon_0.001,3,3,1.0,1.0,0.3451916645868629
211,True,pcr6_plus,max_belief,3,3,1.0,1.0,nan
211,True,pcr6_plus,max_plausibility,3,3,1.0,1.0,nan
211,True,pcr6_plus,min_belief_interval_distance,3,3,1.0,1.0,nan
212,False,dempster,betp,6,2,1.0,1.0,0.3206024901396188
212,False,dempster,dsmp_epsilon_0.001,6,2,1.0,1.0,0.4779609621760582
212,False,dempster,max_belief,6,2,1.0,1.0,nan
212,False,dempster,max_plausibility,6,2,1.0,1.0,nan
212,False,dempster,min_belief_interval_distance,6,2,1.0,1.0,nan
212,False,pcr6,betp,6,2,1.0,1.0,0.30193567394374166
212,False,pcr6,dsmp_epsilon_0.001,6,2,1.0,1.0,0.47731097437501724
212,False,pcr6,max_belief,6,2,1.0,1.0,nan
212,False,pcr6,max_plausibility,6,2,1.0,1.0,nan
212,False,pcr6,min_belief_interval_distance,6,2,1.0,1.0,nan
212,False,pcr6_plus,betp,6,2,1.0,1.0,0.32355831187074613
212,False,pcr6_plus,dsmp_epsilon_0.001,6,2,1.0,1.0,0.47428249210963785
212,False,pcr6_plus,max_belief,6,2,1.0,1.0,nan
212,False,pcr6_plus,max_plausibility,6,2,1.0,1.0,nan
212,False,pcr6_plus,min_belief_interval_distance,6,2,1.0,1.0,nan
213,True,dempster,betp,6,3,0.0,0.5,0.502083523746718
213,True,dempster,dsmp_epsilon_0.001,6,3,0.0,0.5,0.6349537272667582
213,True,dempster,max_belief,6,3,0.0,0.5,nan
213,True,dempster,max_plausibility,6,3,0.0,0.5,nan
213,True,dempster,min_belief_interval_distance,6,3,0.0,0.5,nan
213,True,pcr6,betp,6,3,0.0,0.5,0.41762205026222976
213,True,pcr6,dsmp_epsilon_0.001,6,3,0.0,0.5,0.6116234435354841
213,True,pcr6,max_belief,6,3,0.0,0.5,nan
213,True,pcr6,max_plausibility,6,3,0.0,0.5,nan
213,True,pcr6,min_belief_interval_distance,6,3,0.0,0.5,nan
213,True,pcr6_plus,betp,6,3,0.0,0.5,0.45882500399710957
213,True,pcr6_plus,dsmp_epsilon_0.001,6,3,0.0,0.5,0.5611690677526046
213,True,pcr6_plus,max_belief,6,3,0.0,0.5,nan
213,True,pcr6_plus,max_plausibility,6,3,0.0,0.5,nan
213,True,pcr6_plus,min_belief_interval_distance,6,3,0.0,0.5,nan
214,True,dempster,betp,6,3,0.0,0.5,0.46420420177851796
214,True,dempster,dsmp_epsilon_0.001,6,3,0.0,0.5,0.496557971763786
214,True,dempster,max_belief,6,3,0.0,0.5,nan
214,True,dempster,max_plausibility,6,3,0.0,0.5,nan
214,True,dempster,min_belief_interval_distance,6,3,0.0,0.5,nan
214,True,pcr6,betp,6,3,0.0,0.5,0.4339841250132248
214,True,pcr6,dsmp_epsilon_0.001,6,3,0.0,0.5,0.49598833829835476
214,True,pcr6,max_belief,6,3,0.0,0.5,nan
214,True,pcr6,max_plausibility,6,3,0.0,0.5,nan
214,True,pcr6,min_belief_interval_distance,6,3,0.0,0.5,nan
214,True,pcr6_plus,betp,6,3,0.0,0.5,0.4409134381205376
214,True,pcr6_plus,dsmp_epsilon_0.001,6,3,0.0,0.5,0.4954159834610351
214,True,pcr6_plus,max_belief,6,3,0.0,0.5,nan
214,True,pcr6_plus,max_plausibility,6,3,0.0,0.5,nan
214,True,pcr6_plus,min_belief_interval_distance,6,3,0.0,0.5,nan
215,False,dempster,betp,4,2,1.0,1.0,0.020138452467886456
215,False,dempster,dsmp_epsilon_0.001,4,2,1.0,1.0,0.25841814093366056
215,False,dempster,max_belief,4,2,1.0,1.0,nan
215,False,dempster,max_plausibility,4,2,1.0,1.0,nan
215,False,dempster,min_belief_interval_distance,4,2,1.0,1.0,nan
215,False,pcr6,betp,4,2,1.0,1.0,0.0197283454458086
215,False,pcr6,dsmp_epsilon_0.001,4,2,1.0,1.0,0.2574458846556864
215,False,pcr6,max_belief,4,2,1.0,1.0,nan
215,False,pcr6,max_plausibility,4,2,1.0,1.0,nan
215,False,pcr6,min_belief_interval_distance,4,2,1.0,1.0,nan
215,False,pcr6_plus,betp,4,2,1.0,1.0,0.020497051044498
215,False,pcr6_plus,dsmp_epsilon_0.001,4,2,1.0,1.0,0.24671249457835348
215,False,pcr6_plus,max_belief,4,2,1.0,1.0,nan
215,False,pcr6_plus,max_plausibility,4,2,1.0,1.0,nan
215,False,pcr6_plus,min_belief_interval_distance,4,2,1.0,1.0,nan
217,False,dempster,betp,2,2,1.0,1.0,0.0005585771078079275
217,False,dempster,dsmp_epsilon_0.001,2,2,1.0,1.0,0.19668539750931804
217,False,dempster,max_belief,2,2,1.0,1.0,nan
217,False,dempster,max_plausibility,2,2,1.0,1.0,nan
217,False,dempster,min_belief_interval_distance,2,2,1.0,1.0,nan
217,False,pcr6,betp,2,2,1.0,1.0,0.0005667534473956463
217,False,pcr6,dsmp_epsilon_0.001,2,2,1.0,1.0,0.1967468584259199
217,False,pcr6,max_belief,2,2,1.0,1.0,nan
217,False,pcr6,max_plausibility,2,2,1.0,1.0,nan
217,False,pcr6,min_belief_interval_distance,2,2,1.0,1.0,nan
217,False,pcr6_plus,betp,2,2,1.0,1.0,0.0005667534473956463
217,False,pcr6_plus,dsmp_epsilon_0.001,2,2,1.0,1.0,0.1967468584259199
217,False,pcr6_plus,max_belief,2,2,1.0,1.0,nan
217,False,pcr6_plus,max_plausibility,2,2,1.0,1.0,nan
217,False,pcr6_plus,min_belief_interval_distance,2,2,1.0,1.0,nan
218,True,dempster,betp,5,4,1.0,1.0,0.20543970576017523
218,True,dempster,dsmp_epsilon_0.001,5,4,1.0,1.0,0.41492101204098064
218,True,dempster,max_belief,5,4,1.0,1.0,nan
218,True,dempster,max_plausibility,5,4,1.0,1.0,nan
218,True,dempster,min_belief_interval_distance,5,4,1.0,1.0,nan
218,True,pcr6,betp,5,4,1.0,1.0,0.16723819283691305
218,True,pcr6,dsmp_epsilon_0.001,5,4,1.0,1.0,0.41212956029071834
218,True,pcr6,max_belief,5,4,1.0,1.0,nan
218,True,pcr6,max_plausibility,5,4,1.0,1.0,nan
218,True,pcr6,min_belief_interval_distance,5,4,1.0,1.0,nan
218,True,pcr6_plus,betp,5,4,1.0,1.0,0.17412771221251633
218,True,pcr6_plus,dsmp_epsilon_0.001,5,4,1.0,1.0,0.4010291453635755
218,True,pcr6_plus,max_belief,5,4,1.0,1.0,nan
218,True,pcr6_plus,max_plausibility,5,4,1.0,1.0,nan
218,True,pcr6_plus,min_belief_interval_distance,5,4,1.0,1.0,nan
219,False,dempster,betp,3,2,1.0,1.0,0.19607933125039267
219,False,dempster,dsmp_epsilon_0.001,3,2,1.0,1.0,0.4988107717609667
219,False,dempster,max_belief,3,2,1.0,1.0,nan
219,False,dempster,max_plausibility,3,2,1.0,1.0,nan
219,False,dempster,min_belief_interval_distance,3,2,1.0,1.0,nan
219,False,pcr6,betp,3,2,1.0,1.0,0.19607933125039267
219,False,pcr6,dsmp_epsilon_0.001,3,2,1.0,1.0,0.4988107717609667
219,False,pcr6,max_belief,3,2,1.0,1.0,nan
219,False,pcr6,max_plausibility,3,2,1.0,1.0,nan
219,False,pcr6,min_belief_interval_distance,3,2,1.0,1.0,nan
219,False,pcr6_plus,betp,3,2,1.0,1.0,0.19607933125039267
219,False,pcr6_plus,dsmp_epsilon_0.001,3,2,1.0,1.0,0.4988107717609667
219,False,pcr6_plus,max_belief,3,2,1.0,1.0,nan
219,False,pcr6_plus,max_plausibility,3,2,1.0,1.0,nan
219,False,pcr6_plus,min_belief_interval_distance,3,2,1.0,1.0,nan
220,False,dempster,betp,5,2,1.0,1.0,0.38794193284833595
220,False,dempster,dsmp_epsilon_0.001,5,2,1.0,1.0,0.4929501869242157
220,False,dempster,max_belief,5,2,1.0,1.0,nan
220,False,dempster,max_plausibility,5,2,1.0,1.0,nan
220,False,dempster,min_belief_interval_distance,5,2,1.0,1.0,nan
220,False,pcr6,betp,5,2,1.0,1.0,0.37484982061764915
220,False,pcr6,dsmp_epsilon_0.001,5,2,1.0,1.0,0.4925793363228977
220,False,pcr6,max_belief,5,2,1.0,1.0,nan
220,False,pcr6,max_plausibility,5,2,1.0,1.0,nan
220,False,pcr6,min_belief_interval_distance,5,2,1.0,1.0,nan
220,False,pcr6_plus,betp,5,2,1.0,1.0,0.3890921036609941
220,False,pcr6_plus,dsmp_epsilon_0.001,5,2,1.0,1.0,0.49151863246245275
220,False,pcr6_plus,max_belief,5,2,1.0,1.0,nan
220,False,pcr6_plus,max_plausibility,5,2,1.0,1.0,nan
220,False,pcr6_plus,min_belief_interval_distance,5,2,1.0,1.0,nan
221,True,dempster,betp,6,4,0.0,0.5,0.2964427518266877
221,True,dempster,dsmp_epsilon_0.001,6,4,0.0,0.5,0.607414194564694
221,True,dempster,max_belief,6,4,0.0,0.5,nan
221,True,dempster,max_plausibility,6,4,0.0,0.0,nan
221,True,dempster,min_belief_interval_distance,6,4,0.0,0.5,nan
221,True,pcr6,betp,6,4,0.0,0.5,0.2956897776001345
221,True,pcr6,dsmp_epsilon_0.001,6,4,0.0,0.5,0.6061858647957263
221,True,pcr6,max_belief,6,4,0.0,0.5,nan
221,True,pcr6,max_plausibility,6,4,0.0,0.0,nan
221,True,pcr6,min_belief_interval_distance,6,4,0.0,0.5,nan
221,True,pcr6_plus,betp,6,4,0.0,0.5,0.2945520054602405
221,True,pcr6_plus,dsmp_epsilon_0.001,6,4,0.0,0.5,0.5748498846052321
221,True,pcr6_plus,max_belief,6,4,0.0,0.5,nan
221,True,pcr6_plus,max_plausibility,6,4,0.0,0.0,nan
221,True,pcr6_plus,min_belief_interval_distance,6,4,0.0,0.5,nan
222,False,dempster,betp,4,2,1.0,1.0,0.033321627010439336
222,False,dempster,dsmp_epsilon_0.001,4,2,1.0,1.0,0.2596328207179457
222,False,dempster,max_belief,4,2,1.0,1.0,nan
222,False,dempster,max_plausibility,4,2,1.0,1.0,nan
222,False,dempster,min_belief_interval_distance,4,2,1.0,1.0,nan
222,False,pcr6,betp,4,2,1.0,1.0,0.032283348963322994
222,False,pcr6,dsmp_epsilon_0.001,4,2,1.0,1.0,0.25840133818129674
222,False,pcr6,max_belief,4,2,1.0,1.0,nan
222,False,pcr6,max_plausibility,4,2,1.0,1.0,nan
222,False,pcr6,min_belief_interval_distance,4,2,1.0,1.0,nan
222,False,pcr6_plus,betp,4,2,1.0,1.0,0.03464514014669678
222,False,pcr6_plus,dsmp_epsilon_0.001,4,2,1.0,1.0,0.24893143059162245
222,False,pcr6_plus,max_belief,4,2,1.0,1.0,nan
222,False,pcr6_plus,max_plausibility,4,2,1.0,1.0,nan
222,False,pcr6_plus,min_belief_interval_distance,4,2,1.0,1.0,nan
223,True,dempster,betp,6,3,0.0,0.5,0.48823806562644834
223,True,dempster,dsmp_epsilon_0.001,6,3,0.0,0.5,0.49164646035385845
223,True,dempster,max_belief,6,3,0.0,0.5,nan
223,True,dempster,max_plausibility,6,3,0.0,0.5,nan
223,True,dempster,min_belief_interval_distance,6,3,0.0,0.5,nan
223,True,pcr6,betp,6,3,0.0,0.5,0.17039226826857545
223,True,pcr6,dsmp_epsilon_0.001,6,3,0.0,0.5,0.42098393348034235
223,True,pcr6,max_belief,6,3,0.0,0.5,nan
223,True,pcr6,max_plausibility,6,3,0.0,0.5,nan
223,True,pcr6,min_belief_interval_distance,6,3,0.0,0.5,nan
223,True,pcr6_plus,betp,6,3,0.0,0.5,0.17631749968867205
223,True,pcr6_plus,dsmp_epsilon_0.001,6,3,0.0,0.5,0.4101821473860501
223,True,pcr6_plus,max_belief,6,3,0.0,0.5,nan
223,True,pcr6_plus,max_plausibility,6,3,0.0,0.5,nan
223,True,pcr6_plus,min_belief_interval_distance,6,3,0.0,0.5,nan
224,False,dempster,betp,3,2,0.0,0.5,0.5242745728780988
224,False,dempster,dsmp_epsilon_0.001,3,2,0.0,0.5,0.5249529407911132
224,False,dempster,max_belief,3,2,0.0,0.5,nan
224,False,dempster,max_plausibility,3,2,0.0,0.5,nan
224,False,dempster,min_belief_interval_distance,3,2,0.0,0.5,nan
224,False,pcr6,betp,3,2,0.0,0.5,0.5034134530126761
224,False,pcr6,dsmp_epsilon_0.001,3,2,0.0,0.5,0.5049554638501479
224,False,pcr6,max_belief,3,2,0.0,0.5,nan
224,False,pcr6,max_plausibility,3,2,0.0,0.5,nan
224,False,pcr6,min_belief_interval_distance,3,2,0.0,0.5,nan
224,False,pcr6_plus,betp,3,2,0.0,0.5,0.5038493827321309
224,False,pcr6_plus,dsmp_epsilon_0.001,3,2,0.0,0.5,0.5038599988689384
224,False,pcr6_plus,max_belief,3,2,0.0,0.5,nan
224,False,pcr6_plus,max_plausibility,3,2,0.0,0.5,nan
224,False,pcr6_plus,min_belief_interval_distance,3,2,0.0,0.5,nan
225,True,dempster,betp,6,3,0.0,0.5,0.5064388404151225
225,True,dempster,dsmp_epsilon_0.001,6,3,0.0,0.5,0.571047691803434
225,True,dempster,max_belief,6,3,0.0,0.5,nan
225,True,dempster,max_plausibility,6,3,0.0,0.5,nan
225,True,dempster,min_belief_interval_distance,6,3,0.0,0.5,nan
225,True,pcr6,betp,6,3,0.0,0.5,0.31956893163353667
225,True,pcr6,dsmp_epsilon_0.001,6,3,0.0,0.5,0.5094236052630285
225,True,pcr6,max_belief,6,3,0.0,0.5,nan
225,True,pcr6,max_plausibility,6,3,0.0,0.5,nan
225,True,pcr6,min_belief_interval_distance,6,3,0.0,0.5,nan
225,True,pcr6_plus,betp,6,3,0.0,0.5,0.3394576623206723
225,True,pcr6_plus,dsmp_epsilon_0.001,6,3,0.0,0.5,0.4459697454185663
225,True,pcr6_plus,max_belief,6,3,0.0,0.5,nan
225,True,pcr6_plus,max_plausibility,6,3,0.0,0.5,nan
225,True,pcr6_plus,min_belief_interval_distance,6,3,0.0,0.5,nan
226,False,dempster,betp,4,2,1.0,1.0,0.01768612787864151
226,False,dempster,dsmp_epsilon_0.001,4,2,1.0,1.0,0.491493293890343
226,False,dempster,max_belief,4,2,1.0,1.0,nan
226,False,dempster,max_plausibility,4,2,1.0,1.0,nan
226,False,dempster,min_belief_interval_distance,4,2,1.0,1.0,nan
226,False,pcr6,betp,4,2,1.0,1.0,0.01768612787864151
226,False,pcr6,dsmp_epsilon_0.001,4,2,1.0,1.0,0.491493293890343
226,False,pcr6,max_belief,4,2,1.0,1.0,nan
226,False,pcr6,max_plausibility,4,2,1.0,1.0,nan
226,False,pcr6,min_belief_interval_distance,4,2,1.0,1.0,nan
226,False,pcr6_plus,betp,4,2,1.0,1.0,0.01768612787864151
226,False,pcr6_plus,dsmp_epsilon_0.001,4,2,1.0,1.0,0.491493293890343
226,False,pcr6_plus,max_belief,4,2,1.0,1.0,nan
226,False,pcr6_plus,max_plausibility,4,2,1.0,1.0,nan
226,False,pcr6_plus,min_belief_interval_distance,4,2,1.0,1.0,nan
227,False,dempster,betp,6,2,1.0,1.0,0.08423146889749611
227,False,dempster,dsmp_epsilon_0.001,6,2,1.0,1.0,0.425988041298899
227,False,dempster,max_belief,6,2,1.0,1.0,nan
227,False,dempster,max_plausibility,6,2,1.0,1.0,nan
227,False,dempster,min_belief_interval_distance,6,2,1.0,1.0,nan
227,False,pcr6,betp,6,2,1.0,1.0,0.08254377824620845
227,False,pcr6,dsmp_epsilon_0.001,6,2,1.0,1.0,0.42585109914386565
227,False,pcr6,max_belief,6,2,1.0,1.0,nan
227,False,pcr6,max_plausibility,6,2,1.0,1.0,nan
227,False,pcr6,min_belief_interval_distance,6,2,1.0,1.0,nan
227,False,pcr6_plus,betp,6,2,1.0,1.0,0.08645960470579288
227,False,pcr6_plus,dsmp_epsilon_0.001,6,2,1.0,1.0,0.42386840345791077
227,False,pcr6_plus,max_belief,6,2,1.0,1.0,nan
227,False,pcr6_plus,max_plausibility,6,2,1.0,1.0,nan
227,False,pcr6_plus,min_belief_interval_distance,6,2,1.0,1.0,nan
229,True,dempster,betp,5,3,0.0,0.5,0.3958606153688584
229,True,dempster,dsmp_epsilon_0.001,5,3,0.0,0.5,0.4279233096422054
229,True,dempster,max_belief,5,3,0.0,0.5,nan
229,True,dempster,max_plausibility,5,3,0.0,0.5,nan
229,True,dempster,min_belief_interval_distance,5,3,0.0,0.5,nan
229,True,pcr6,betp,5,3,0.0,0.5,0.2983168791335619
229,True,pcr6,dsmp_epsilon_0.001,5,3,0.0,0.5,0.4042238609280455
229,True,pcr6,max_belief,5,3,0.0,0.5,nan
229,True,pcr6,max_plausibility,5,3,0.0,0.5,nan
229,True,pcr6,min_belief_interval_distance,5,3,0.0,0.5,nan
229,True,pcr6_plus,betp,5,3,0.0,0.5,0.3834723580155345
229,True,pcr6_plus,dsmp_epsilon_0.001,5,3,0.0,0.5,0.40919977080916514
229,True,pcr6_plus,max_belief,5,3,0.0,0.5,nan
229,True,pcr6_plus,max_plausibility,5,3,0.0,0.5,nan
229,True,pcr6_plus,min_belief_interval_distance,5,3,0.0,0.5,nan
230,False,dempster,betp,5,2,1.0,1.0,0.06665795575662804
230,False,dempster,dsmp_epsilon_0.001,5,2,1.0,1.0,0.36608891662388054
230,False,dempster,max_belief,5,2,1.0,1.0,nan
230,False,dempster,max_plausibility,5,2,1.0,1.0,nan
230,False,dempster,min_belief_interval_distance,5,2,1.0,1.0,nan
230,False,pcr6,betp,5,2,1.0,1.0,0.06446694487724197
230,False,pcr6,dsmp_epsilon_0.001,5,2,1.0,1.0,0.36521464142088234
230,False,pcr6,max_belief,5,2,1.0,1.0,nan
230,False,pcr6,max_plausibility,5,2,1.0,1.0,nan
230,False,pcr6,min_belief_interval_distance,5,2,1.0,1.0,nan
230,False,pcr6_plus,betp,5,2,1.0,1.0,0.06833549800861552
230,False,pcr6_plus,dsmp_epsilon_0.001,5,2,1.0,1.0,0.3555697046378515
230,False,pcr6_plus,max_belief,5,2,1.0,1.0,nan
230,False,pcr6_plus,max_plausibility,5,2,1.0,1.0,nan
230,False,pcr6_plus,min_belief_interval_distance,5,2,1.0,1.0,nan
231,False,dempster,betp,2,2,1.0,1.0,0.0004230744151150805
231,False,dempster,dsmp_epsilon_0.001,2,2,1.0,1.0,0.26891855079640437
231,False,dempster,max_belief,2,2,1.0,1.0,nan
231,False,dempster,max_plausibility,2,2,1.0,1.0,nan
231,False,dempster,min_belief_interval_distance,2,2,1.0,1.0,nan
231,False,pcr6,betp,2,2,1.0,1.0,0.0004262952404449968
231,False,pcr6,dsmp_epsilon_0.001,2,2,1.0,1.0,0.26900500739672606
231,False,pcr6,max_belief,2,2,1.0,1.0,nan
231,False,pcr6,max_plausibility,2,2,1.0,1.0,nan
231,False,pcr6,min_belief_interval_distance,2,2,1.0,1.0,nan
231,False,pcr6_plus,betp,2,2,1.0,1.0,0.0004262952404449968
231,False,pcr6_plus,dsmp_epsilon_0.001,2,2,1.0,1.0,0.26900500739672606
231,False,pcr6_plus,max_belief,2,2,1.0,1.0,nan
231,False,pcr6_plus,max_plausibility,2,2,1.0,1.0,nan
231,False,pcr6_plus,min_belief_interval_distance,2,2,1.0,1.0,nan
232,False,dempster,betp,4,2,1.0,1.0,0.1142656959521041
232,False,dempster,dsmp_epsilon_0.001,4,2,1.0,1.0,0.2323652146300307
232,False,dempster,max_belief,4,2,1.0,1.0,nan
232,False,dempster,max_plausibility,4,2,1.0,1.0,nan
232,False,dempster,min_belief_interval_distance,4,2,1.0,1.0,nan
232,False,pcr6,betp,4,2,1.0,1.0,0.0914335784729299
232,False,pcr6,dsmp_epsilon_0.001,4,2,1.0,1.0,0.22837581205277935
232,False,pcr6,max_belief,4,2,1.0,1.0,nan
232,False,pcr6,max_plausibility,4,2,1.0,1.0,nan
232,False,pcr6,min_belief_interval_distance,4,2,1.0,1.0,nan
232,False,pcr6_plus,betp,4,2,1.0,1.0,0.12777262877159887
232,False,pcr6_plus,dsmp_epsilon_0.001,4,2,1.0,1.0,0.22418416249397577
232,False,pcr6_plus,max_belief,4,2,1.0,1.0,nan
232,False,pcr6_plus,max_plausibility,4,2,1.0,1.0,nan
232,False,pcr6_plus,min_belief_interval_distance,4,2,1.0,1.0,nan
233,True,dempster,betp,6,3,0.0,0.5,0.1574781322539088
233,True,dempster,dsmp_epsilon_0.001,6,3,1.0,1.0,0.23637403746201147
233,True,dempster,max_belief,6,3,1.0,1.0,nan
233,True,dempster,max_plausibility,6,3,0.0,0.5,nan
233,True,dempster,min_belief_interval_distance,6,3,0.0,0.5,nan
233,True,pcr6,betp,6,3,0.0,0.5,0.15477958939501268
233,True,pcr6,dsmp_epsilon_0.001,6,3,1.0,1.0,0.23533523691491318
233,True,pcr6,max_belief,6,3,1.0,1.0,nan
233,True,pcr6,max_plausibility,6,3,0.0,0.5,nan
233,True,pcr6,min_belief_interval_distance,6,3,0.0,0.5,nan
233,True,pcr6_plus,betp,6,3,0.0,0.5,0.15888548482013262
233,True,pcr6_plus,dsmp_epsilon_0.001,6,3,1.0,1.0,0.2399956496025054
233,True,pcr6_plus,max_belief,6,3,1.0,1.0,nan
233,True,pcr6_plus,max_plausibility,6,3,0.0,0.5,nan
233,True,pcr6_plus,min_belief_interval_distance,6,3,0.0,0.5,nan
234,True,dempster,betp,6,3,1.0,1.0,0.24007345609907554
234,True,dempster,dsmp_epsilon_0.001,6,3,1.0,1.0,0.4990615499952097
234,True,dempster,max_belief,6,3,0.0,0.5,nan
234,True,dempster,max_plausibility,6,3,1.0,1.0,nan
234,True,dempster,min_belief_interval_distance,6,3,1.0,1.0,nan
234,True,pcr6,betp,6,3,1.0,1.0,0.24007345609907554
234,True,pcr6,dsmp_epsilon_0.001,6,3,1.0,1.0,0.4990615499952097
234,True,pcr6,max_belief,6,3,0.0,0.5,nan
234,True,pcr6,max_plausibility,6,3,1.0,1.0,nan
234,True,pcr6,min_belief_interval_distance,6,3,1.0,1.0,nan
234,True,pcr6_plus,betp,6,3,1.0,1.0,0.24007345609907554
234,True,pcr6_plus,dsmp_epsilon_0.001,6,3,1.0,1.0,0.4990615499952097
234,True,pcr6_plus,max_belief,6,3,0.0,0.5,nan
234,True,pcr6_plus,max_plausibility,6,3,1.0,1.0,nan
234,True,pcr6_plus,min_belief_interval_distance,6,3,1.0,1.0,nan
235,False,dempster,betp,6,2,1.0,1.0,0.04627346001614917
235,False,dempster,dsmp_epsilon_0.001,6,2,1.0,1.0,0.16899273037915621
235,False,dempster,max_belief,6,2,1.0,1.0,nan
235,False,dempster,max_plausibility,6,2,1.0,1.0,nan
235,False,dempster,min_belief_interval_distance,6,2,1.0,1.0,nan
235,False,pcr6,betp,6,2,1.0,1.0,0.039739206326415394
235,False,pcr6,dsmp_epsilon_0.001,6,2,1.0,1.0,0.16680565159918032
235,False,pcr6,max_belief,6,2,1.0,1.0,nan
235,False,pcr6,max_plausibility,6,2,1.0,1.0,nan
235,False,pcr6,min_belief_interval_distance,6,2,1.0,1.0,nan
235,False,pcr6_plus,betp,6,2,1.0,1.0,0.04859863380496941
235,False,pcr6_plus,dsmp_epsilon_0.001,6,2,1.0,1.0,0.1525749710122728
235,False,pcr6_plus,max_belief,6,2,1.0,1.0,nan
235,False,pcr6_plus,max_plausibility,6,2,1.0,1.0,nan
235,False,pcr6_plus,min_belief_interval_distance,6,2,1.0,1.0,nan
236,False,dempster,betp,5,2,1.0,1.0,0.028345462886301347
236,False,dempster,dsmp_epsilon_0.001,5,2,1.0,1.0,0.21585398762462904
236,False,dempster,max_belief,5,2,1.0,1.0,nan
236,False,dempster,max_plausibility,5,2,1.0,1.0,nan
236,False,dempster,min_belief_interval_distance,5,2,1.0,1.0,nan
236,False,pcr6,betp,5,2,1.0,1.0,0.027201254336561533
236,False,pcr6,dsmp_epsilon_0.001,5,2,1.0,1.0,0.21545917180958107
236,False,pcr6,max_belief,5,2,1.0,1.0,nan
236,False,pcr6,max_plausibility,5,2,1.0,1.0,nan
236,False,pcr6,min_belief_interval_distance,5,2,1.0,1.0,nan
236,False,pcr6_plus,betp,5,2,1.0,1.0,0.0304938025603586
236,False,pcr6_plus,dsmp_epsilon_0.001,5,2,1.0,1.0,0.21089642212595358
236,False,pcr6_plus,max_belief,5,2,1.0,1.0,nan
236,False,pcr6_plus,max_plausibility,5,2,1.0,1.0,nan
236,False,pcr6_plus,min_belief_interval_distance,5,2,1.0,1.0,nan
237,False,dempster,betp,3,2,1.0,1.0,9.89390722485595e-08
237,False,dempster,dsmp_epsilon_0.001,3,2,1.0,1.0,1.7969349940881997e-05
237,False,dempster,max_belief,3,2,1.0,1.0,nan
237,False,dempster,max_plausibility,3,2,1.0,1.0,nan
237,False,dempster,min_belief_interval_distance,3,2,1.0,1.0,nan
237,False,pcr6,betp,3,2,1.0,1.0,1.0380559093898664e-07
237,False,pcr6,dsmp_epsilon_0.001,3,2,1.0,1.0,1.8856979440181408e-05
237,False,pcr6,max_belief,3,2,1.0,1.0,nan
237,False,pcr6,max_plausibility,3,2,1.0,1.0,nan
237,False,pcr6,min_belief_interval_distance,3,2,1.0,1.0,nan
237,False,pcr6_plus,betp,3,2,1.0,1.0,2.2146852749154718e-07
237,False,pcr6_plus,dsmp_epsilon_0.001,3,2,1.0,1.0,3.8845714221469386e-05
237,False,pcr6_plus,max_belief,3,2,1.0,1.0,nan
237,False,pcr6_plus,max_plausibility,3,2,1.0,1.0,nan
237,False,pcr6_plus,min_belief_interval_distance,3,2,1.0,1.0,nan
238,True,dempster,betp,6,3,0.0,0.5,0.27751573969786003
238,True,dempster,dsmp_epsilon_0.001,6,3,0.0,0.5,0.3221842111957599
238,True,dempster,max_belief,6,3,0.0,0.5,nan
238,True,dempster,max_plausibility,6,3,0.0,0.5,nan
238,True,dempster,min_belief_interval_distance,6,3,0.0,0.5,nan
238,True,pcr6,betp,6,3,0.0,0.5,0.20620843535176492
238,True,pcr6,dsmp_epsilon_0.001,6,3,0.0,0.5,0.3240813486352122
238,True,pcr6,max_belief,6,3,0.0,0.5,nan
238,True,pcr6,max_plausibility,6,3,0.0,0.5,nan
238,True,pcr6,min_belief_interval_distance,6,3,0.0,0.5,nan
238,True,pcr6_plus,betp,6,3,0.0,0.5,0.26191716361492257
238,True,pcr6_plus,dsmp_epsilon_0.001,6,3,0.0,0.5,0.33182503611300496
238,True,pcr6_plus,max_belief,6,3,0.0,0.5,nan
238,True,pcr6_plus,max_plausibility,6,3,0.0,0.5,nan
238,True,pcr6_plus,min_belief_interval_distance,6,3,0.0,0.5,nan
239,False,dempster,betp,2,2,1.0,1.0,0.0007484248604652859
239,False,dempster,dsmp_epsilon_0.001,2,2,1.0,1.0,0.4538648822147924
239,False,dempster,max_belief,2,2,1.0,1.0,nan
239,False,dempster,max_plausibility,2,2,1.0,1.0,nan
239,False,dempster,min_belief_interval_distance,2,2,1.0,1.0,nan
239,False,pcr6,betp,2,2,1.0,1.0,0.0007484248604652859
239,False,pcr6,dsmp_epsilon_0.001,2,2,1.0,1.0,0.4538648822147924
239,False,pcr6,max_belief,2,2,1.0,1.0,nan
239,False,pcr6,max_plausibility,2,2,1.0,1.0,nan
239,False,pcr6,min_belief_interval_distance,2,2,1.0,1.0,nan
239,False,pcr6_plus,betp,2,2,1.0,1.0,0.0007484248604652859
239,False,pcr6_plus,dsmp_epsilon_0.001,2,2,1.0,1.0,0.4538648822147924
239,False,pcr6_plus,max_belief,2,2,1.0,1.0,nan
239,False,pcr6_plus,max_plausibility,2,2,1.0,1.0,nan
239,False,pcr6_plus,min_belief_interval_distance,2,2,1.0,1.0,nan
240,False,dempster,betp,6,2,0.0,0.5,1.3192456629504086
240,False,dempster,dsmp_epsilon_0.001,6,2,0.0,0.5,1.469791455901352
240,False,dempster,max_belief,6,2,0.0,0.5,nan
240,False,dempster,max_plausibility,6,2,0.0,0.5,nan
240,False,dempster,min_belief_interval_distance,6,2,0.0,0.5,nan
240,False,pcr6,betp,6,2,0.0,0.5,0.9869169115096336
240,False,pcr6,dsmp_epsilon_0.001,6,2,0.0,0.5,1.377228569628478
240,False,pcr6,max_belief,6,2,0.0,0.5,nan
240,False,pcr6,max_plausibility,6,2,0.0,0.5,nan
240,False,pcr6,min_belief_interval_distance,6,2,0.0,0.5,nan
240,False,pcr6_plus,betp,6,2,0.0,0.5,1.1807791553585714
240,False,pcr6_plus,dsmp_epsilon_0.001,6,2,0.0,0.5,1.2462513067009262
240,False,pcr6_plus,max_belief,6,2,0.0,0.5,nan
240,False,pcr6_plus,max_plausibility,6,2,0.0,0.5,nan
240,False,pcr6_plus,min_belief_interval_distance,6,2,0.0,0.5,nan
241,True,dempster,betp,5,4,0.0,0.0,1.4036938143376838
241,True,dempster,dsmp_epsilon_0.001,5,4,0.0,0.0,1.4862567949934582
241,True,dempster,max_belief,5,4,0.0,0.0,nan
241,True,dempster,max_plausibility,5,4,0.0,0.0,nan
241,True,dempster,min_belief_interval_distance,5,4,0.0,0.0,nan
241,True,pcr6,betp,5,4,0.0,0.0,0.9304325252050178
241,True,pcr6,dsmp_epsilon_0.001,5,4,0.0,0.5,1.363309505434366
241,True,pcr6,max_belief,5,4,0.0,0.5,nan
241,True,pcr6,max_plausibility,5,4,0.0,0.0,nan
241,True,pcr6,min_belief_interval_distance,5,4,0.0,0.0,nan
241,True,pcr6_plus,betp,5,4,0.0,0.0,1.0322224191387204
241,True,pcr6_plus,dsmp_epsilon_0.001,5,4,0.0,0.5,1.3082955653833728
241,True,pcr6_plus,max_belief,5,4,0.0,0.5,nan
241,True,pcr6_plus,max_plausibility,5,4,0.0,0.0,nan
241,True,pcr6_plus,min_belief_interval_distance,5,4,0.0,0.0,nan
242,False,dempster,betp,6,2,1.0,1.0,0.3581891146695325
242,False,dempster,dsmp_epsilon_0.001,6,2,1.0,1.0,0.4869255676793354
242,False,dempster,max_belief,6,2,1.0,1.0,nan
242,False,dempster,max_plausibility,6,2,1.0,1.0,nan
242,False,dempster,min_belief_interval_distance,6,2,1.0,1.0,nan
242,False,pcr6,betp,6,2,1.0,1.0,0.3401986736542799
242,False,pcr6,dsmp_epsilon_0.001,6,2,1.0,1.0,0.4863590962682305
242,False,pcr6,max_belief,6,2,1.0,1.0,nan
242,False,pcr6,max_plausibility,6,2,1.0,1.0,nan
242,False,pcr6,min_belief_interval_distance,6,2,1.0,1.0,nan
242,False,pcr6_plus,betp,6,2,1.0,1.0,0.35965654516674705
242,False,pcr6_plus,dsmp_epsilon_0.001,6,2,1.0,1.0,0.48379791886276136
242,False,pcr6_plus,max_belief,6,2,1.0,1.0,nan
242,False,pcr6_plus,max_plausibility,6,2,1.0,1.0,nan
242,False,pcr6_plus,min_belief_interval_distance,6,2,1.0,1.0,nan
243,False,dempster,betp,2,2,1.0,1.0,0.0007764293687999951
243,False,dempster,dsmp_epsilon_0.001,2,2,1.0,1.0,0.22186244909310635
243,False,dempster,max_belief,2,2,1.0,1.0,nan
243,False,dempster,max_plausibility,2,2,1.0,1.0,nan
243,False,dempster,min_belief_interval_distance,2,2,1.0,1.0,nan
243,False,pcr6,betp,2,2,1.0,1.0,0.0007879811548260978
243,False,pcr6,dsmp_epsilon_0.001,2,2,1.0,1.0,0.22191902440407643
243,False,pcr6,max_belief,2,2,1.0,1.0,nan
243,False,pcr6,max_plausibility,2,2,1.0,1.0,nan
243,False,pcr6,min_belief_interval_distance,2,2,1.0,1.0,nan
243,False,pcr6_plus,betp,2,2,1.0,1.0,0.0007879811548260978
243,False,pcr6_plus,dsmp_epsilon_0.001,2,2,1.0,1.0,0.22191902440407643
243,False,pcr6_plus,max_belief,2,2,1.0,1.0,nan
243,False,pcr6_plus,max_plausibility,2,2,1.0,1.0,nan
243,False,pcr6_plus,min_belief_interval_distance,2,2,1.0,1.0,nan
244,False,dempster,betp,4,2,1.0,1.0,0.1533353054923766
244,False,dempster,dsmp_epsilon_0.001,4,2,1.0,1.0,0.4983955361160239
244,False,dempster,max_belief,4,2,1.0,1.0,nan
244,False,dempster,max_plausibility,4,2,1.0,1.0,nan
244,False,dempster,min_belief_interval_distance,4,2,1.0,1.0,nan
244,False,pcr6,betp,4,2,1.0,1.0,0.1533353054923766
244,False,pcr6,dsmp_epsilon_0.001,4,2,1.0,1.0,0.4983955361160239
244,False,pcr6,max_belief,4,2,1.0,1.0,nan
244,False,pcr6,max_plausibility,4,2,1.0,1.0,nan
244,False,pcr6,min_belief_interval_distance,4,2,1.0,1.0,nan
244,False,pcr6_plus,betp,4,2,1.0,1.0,0.1533353054923766
244,False,pcr6_plus,dsmp_epsilon_0.001,4,2,1.0,1.0,0.4983955361160239
244,False,pcr6_plus,max_belief,4,2,1.0,1.0,nan
244,False,pcr6_plus,max_plausibility,4,2,1.0,1.0,nan
244,False,pcr6_plus,min_belief_interval_distance,4,2,1.0,1.0,nan
245,False,dempster,betp,6,2,1.0,1.0,0.059039379551287505
245,False,dempster,dsmp_epsilon_0.001,6,2,1.0,1.0,0.25217487758551327
245,False,dempster,max_belief,6,2,1.0,1.0,nan
245,False,dempster,max_plausibility,6,2,1.0,1.0,nan
245,False,dempster,min_belief_interval_distance,6,2,1.0,1.0,nan
245,False,pcr6,betp,6,2,1.0,1.0,0.05460705722316439
245,False,pcr6,dsmp_epsilon_0.001,6,2,1.0,1.0,0.2533034724888649
245,False,pcr6,max_belief,6,2,1.0,1.0,nan
245,False,pcr6,max_plausibility,6,2,1.0,1.0,nan
245,False,pcr6,min_belief_interval_distance,6,2,1.0,1.0,nan
245,False,pcr6_plus,betp,6,2,1.0,1.0,0.06857253241490309
245,False,pcr6_plus,dsmp_epsilon_0.001,6,2,1.0,1.0,0.2625550893036569
245,False,pcr6_plus,max_belief,6,2,1.0,1.0,nan
245,False,pcr6_plus,max_plausibility,6,2,1.0,1.0,nan
245,False,pcr6_plus,min_belief_interval_distance,6,2,1.0,1.0,nan
246,False,dempster,betp,4,2,1.0,1.0,0.12947210136503265
246,False,dempster,dsmp_epsilon_0.001,4,2,1.0,1.0,0.49600213509516994
246,False,dempster,max_belief,4,2,1.0,1.0,nan
246,False,dempster,max_plausibility,4,2,1.0,1.0,nan
246,False,dempster,min_belief_interval_distance,4,2,1.0,1.0,nan
246,False,pcr6,betp,4,2,1.0,1.0,0.12938475178606726
246,False,pcr6,dsmp_epsilon_0.001,4,2,1.0,1.0,0.49600030278806057
246,False,pcr6,max_belief,4,2,1.0,1.0,nan
246,False,pcr6,max_plausibility,4,2,1.0,1.0,nan
246,False,pcr6,min_belief_interval_distance,4,2,1.0,1.0,nan
246,False,pcr6_plus,betp,4,2,1.0,1.0,0.12960860169807312
246,False,pcr6_plus,dsmp_epsilon_0.001,4,2,1.0,1.0,0.49599787342494006
246,False,pcr6_plus,max_belief,4,2,1.0,1.0,nan
246,False,pcr6_plus,max_plausibility,4,2,1.0,1.0,nan
246,False,pcr6_plus,min_belief_interval_distance,4,2,1.0,1.0,nan
248,False,dempster,betp,5,2,1.0,1.0,0.0017930447095400926
248,False,dempster,dsmp_epsilon_0.001,5,2,1.0,1.0,0.04250025550645685
248,False,dempster,max_belief,5,2,1.0,1.0,nan
248,False,dempster,max_plausibility,5,2,1.0,1.0,nan
248,False,dempster,min_belief_interval_distance,5,2,1.0,1.0,nan
248,False,pcr6,betp,5,2,1.0,1.0,0.0017551576822474524
248,False,pcr6,dsmp_epsilon_0.001,5,2,1.0,1.0,0.04240959142071859
248,False,pcr6,max_belief,5,2,1.0,1.0,nan
248,False,pcr6,max_plausibility,5,2,1.0,1.0,nan
248,False,pcr6,min_belief_interval_distance,5,2,1.0,1.0,nan
248,False,pcr6_plus,betp,5,2,1.0,1.0,0.0018392315437913065
248,False,pcr6_plus,dsmp_epsilon_0.001,5,2,1.0,1.0,0.039878622679618884
248,False,pcr6_plus,max_belief,5,2,1.0,1.0,nan
248,False,pcr6_plus,max_plausibility,5,2,1.0,1.0,nan
248,False,pcr6_plus,min_belief_interval_distance,5,2,1.0,1.0,nan
249,False,dempster,betp,5,2,1.0,1.0,1.639023397175996e-05
249,False,dempster,dsmp_epsilon_0.001,5,2,1.0,1.0,1.875144756498988e-05
249,False,dempster,max_belief,5,2,1.0,1.0,nan
249,False,dempster,max_plausibility,5,2,1.0,1.0,nan
249,False,dempster,min_belief_interval_distance,5,2,1.0,1.0,nan
249,False,pcr6,betp,5,2,1.0,1.0,0.00010034885568911961
249,False,pcr6,dsmp_epsilon_0.001,5,2,1.0,1.0,0.0003005324256204072
249,False,pcr6,max_belief,5,2,1.0,1.0,nan
249,False,pcr6,max_plausibility,5,2,1.0,1.0,nan
249,False,pcr6,min_belief_interval_distance,5,2,1.0,1.0,nan
249,False,pcr6_plus,betp,5,2,1.0,1.0,9.622019125388097e-05
249,False,pcr6_plus,dsmp_epsilon_0.001,5,2,1.0,1.0,9.916510929704994e-05
249,False,pcr6_plus,max_belief,5,2,1.0,1.0,nan
249,False,pcr6_plus,max_plausibility,5,2,1.0,1.0,nan
249,False,pcr6_plus,min_belief_interval_distance,5,2,1.0,1.0,nan
250,True,dempster,betp,4,3,0.0,0.5,0.43962986048332164
250,True,dempster,dsmp_epsilon_0.001,4,3,0.0,0.5,0.4642611364068191
250,True,dempster,max_belief,4,3,1.0,1.0,nan
250,True,dempster,max_plausibility,4,3,0.0,0.5,nan
250,True,dempster,min_belief_interval_distance,4,3,0.0,0.5,nan
250,True,pcr6,betp,4,3,0.0,0.5,0.417800153168813
250,True,pcr6,dsmp_epsilon_0.001,4,3,0.0,0.5,0.45012141817895
250,True,pcr6,max_belief,4,3,1.0,1.0,nan
250,True,pcr6,max_plausibility,4,3,0.0,0.5,nan
250,True,pcr6,min_belief_interval_distance,4,3,0.0,0.5,nan
250,True,pcr6_plus,betp,4,3,0.0,0.5,0.4386937674332325
250,True,pcr6_plus,dsmp_epsilon_0.001,4,3,0.0,0.5,0.4525111659026618
250,True,pcr6_plus,max_belief,4,3,1.0,1.0,nan
250,True,pcr6_plus,max_plausibility,4,3,0.0,0.5,nan
250,True,pcr6_plus,min_belief_interval_distance,4,3,0.0,0.5,nan
251,False,dempster,betp,5,2,1.0,1.0,0.03132562660644662
251,False,dempster,dsmp_epsilon_0.001,5,2,1.0,1.0,0.22683646512437042
251,False,dempster,max_belief,5,2,1.0,1.0,nan
251,False,dempster,max_plausibility,5,2,1.0,1.0,nan
251,False,dempster,min_belief_interval_distance,5,2,1.0,1.0,nan
251,False,pcr6,betp,5,2,1.0,1.0,0.029885953116824
251,False,pcr6,dsmp_epsilon_0.001,5,2,1.0,1.0,0.22560220819771942
251,False,pcr6,max_belief,5,2,1.0,1.0,nan
251,False,pcr6,max_plausibility,5,2,1.0,1.0,nan
251,False,pcr6,min_belief_interval_distance,5,2,1.0,1.0,nan
251,False,pcr6_plus,betp,5,2,1.0,1.0,0.03210862566928349
251,False,pcr6_plus,dsmp_epsilon_0.001,5,2,1.0,1.0,0.21145729585377865
251,False,pcr6_plus,max_belief,5,2,1.0,1.0,nan
251,False,pcr6_plus,max_plausibility,5,2,1.0,1.0,nan
251,False,pcr6_plus,min_belief_interval_distance,5,2,1.0,1.0,nan
252,True,dempster,betp,6,3,0.0,0.5,0.3206875900841193
252,True,dempster,dsmp_epsilon_0.001,6,3,0.0,0.5,0.4497462293319546
252,True,dempster,max_belief,6,3,0.0,0.5,nan
252,True,dempster,max_plausibility,6,3,1.0,1.0,nan
252,True,dempster,min_belief_interval_distance,6,3,0.0,0.5,nan
252,True,pcr6,betp,6,3,0.0,0.5,0.24965943658301773
252,True,pcr6,dsmp_epsilon_0.001,6,3,0.0,0.5,0.44650813863272065
252,True,pcr6,max_belief,6,3,0.0,0.5,nan
252,True,pcr6,max_plausibility,6,3,1.0,1.0,nan
252,True,pcr6,min_belief_interval_distance,6,3,0.0,0.5,nan
252,True,pcr6_plus,betp,6,3,0.0,0.5,0.33033366588098806
252,True,pcr6_plus,dsmp_epsilon_0.001,6,3,0.0,0.5,0.4341966806950318
252,True,pcr6_plus,max_belief,6,3,0.0,0.5,nan
252,True,pcr6_plus,max_plausibility,6,3,0.0,0.5,nan
252,True,pcr6_plus,min_belief_interval_distance,6,3,0.0,0.5,nan
253,True,dempster,betp,4,3,1.0,1.0,0.12194288651627884
253,True,dempster,dsmp_epsilon_0.001,4,3,1.0,1.0,0.48782405792078765
253,True,dempster,max_belief,4,3,1.0,1.0,nan
253,True,dempster,max_plausibility,4,3,1.0,1.0,nan
253,True,dempster,min_belief_interval_distance,4,3,1.0,1.0,nan
253,True,pcr6,betp,4,3,1.0,1.0,0.12194288651627884
253,True,pcr6,dsmp_epsilon_0.001,4,3,1.0,1.0,0.48782405792078765
253,True,pcr6,max_belief,4,3,1.0,1.0,nan
253,True,pcr6,max_plausibility,4,3,1.0,1.0,nan
253,True,pcr6,min_belief_interval_distance,4,3,1.0,1.0,nan
253,True,pcr6_plus,betp,4,3,1.0,1.0,0.12194288651627884
253,True,pcr6_plus,dsmp_epsilon_0.001,4,3,1.0,1.0,0.48782405792078765
253,True,pcr6_plus,max_belief,4,3,1.0,1.0,nan
253,True,pcr6_plus,max_plausibility,4,3,1.0,1.0,nan
253,True,pcr6_plus,min_belief_interval_distance,4,3,1.0,1.0,nan
254,True,dempster,betp,6,4,0.0,0.0,0.9973104300243029
254,True,dempster,dsmp_epsilon_0.001,6,4,0.0,0.0,1.0291875791651217
254,True,dempster,max_belief,6,4,0.0,0.0,nan
254,True,dempster,max_plausibility,6,4,0.0,0.0,nan
254,True,dempster,min_belief_interval_distance,6,4,0.0,0.0,nan
254,True,pcr6,betp,6,4,0.0,0.0,0.5298915784754725
254,True,pcr6,dsmp_epsilon_0.001,6,4,0.0,0.5,0.45103749981802277
254,True,pcr6,max_belief,6,4,0.0,0.5,nan
254,True,pcr6,max_plausibility,6,4,0.0,0.0,nan
254,True,pcr6,min_belief_interval_distance,6,4,0.0,0.0,nan
254,True,pcr6_plus,betp,6,4,0.0,0.0,0.6502372020993317
254,True,pcr6_plus,dsmp_epsilon_0.001,6,4,0.0,0.0,0.6637256321713644
254,True,pcr6_plus,max_belief,6,4,0.0,0.5,nan
254,True,pcr6_plus,max_plausibility,6,4,0.0,0.0,nan
254,True,pcr6_plus,min_belief_interval_distance,6,4,0.0,0.0,nan
255,False,dempster,betp,5,2,1.0,1.0,0.014575819399400745
255,False,dempster,dsmp_epsilon_0.001,5,2,1.0,1.0,0.15153291579636652
255,False,dempster,max_belief,5,2,1.0,1.0,nan
255,False,dempster,max_plausibility,5,2,1.0,1.0,nan
255,False,dempster,min_belief_interval_distance,5,2,1.0,1.0,nan
255,False,pcr6,betp,5,2,1.0,1.0,0.014149392469808866
255,False,pcr6,dsmp_epsilon_0.001,5,2,1.0,1.0,0.15193666369369527
255,False,pcr6,max_belief,5,2,1.0,1.0,nan
255,False,pcr6,max_plausibility,5,2,1.0,1.0,nan
255,False,pcr6,min_belief_interval_distance,5,2,1.0,1.0,nan
255,False,pcr6_plus,betp,5,2,1.0,1.0,0.01663040647922668
255,False,pcr6_plus,dsmp_epsilon_0.001,5,2,1.0,1.0,0.15622375020674334
255,False,pcr6_plus,max_belief,5,2,1.0,1.0,nan
255,False,pcr6_plus,max_plausibility,5,2,1.0,1.0,nan
255,False,pcr6_plus,min_belief_interval_distance,5,2,1.0,1.0,nan
256,True,dempster,betp,4,3,0.0,0.5,0.1534119264794659
256,True,dempster,dsmp_epsilon_0.001,4,3,0.0,0.5,0.19974900379946214
256,True,dempster,max_belief,4,3,0.0,0.5,nan
256,True,dempster,max_plausibility,4,3,1.0,1.0,nan
256,True,dempster,min_belief_interval_distance,4,3,0.0,0.5,nan
256,True,pcr6,betp,4,3,0.0,0.5,0.15348543560521716
256,True,pcr6,dsmp_epsilon_0.001,4,3,0.0,0.5,0.19983926095778867
256,True,pcr6,max_belief,4,3,0.0,0.5,nan
256,True,pcr6,max_plausibility,4,3,1.0,1.0,nan
256,True,pcr6,min_belief_interval_distance,4,3,0.0,0.5,nan
256,True,pcr6_plus,betp,4,3,0.0,0.5,0.15352956016621205
256,True,pcr6_plus,dsmp_epsilon_0.001,4,3,0.0,0.5,0.2016427126267205
256,True,pcr6_plus,max_belief,4,3,0.0,0.5,nan
256,True,pcr6_plus,max_plausibility,4,3,1.0,1.0,nan
256,True,pcr6_plus,min_belief_interval_distance,4,3,0.0,0.5,nan
257,False,dempster,betp,3,2,1.0,1.0,0.00784018121431187
257,False,dempster,dsmp_epsilon_0.001,3,2,1.0,1.0,0.48634247496170413
257,False,dempster,max_belief,3,2,1.0,1.0,nan
257,False,dempster,max_plausibility,3,2,1.0,1.0,nan
257,False,dempster,min_belief_interval_distance,3,2,1.0,1.0,nan
257,False,pcr6,betp,3,2,1.0,1.0,0.00784018121431187
257,False,pcr6,dsmp_epsilon_0.001,3,2,1.0,1.0,0.48634247496170413
257,False,pcr6,max_belief,3,2,1.0,1.0,nan
257,False,pcr6,max_plausibility,3,2,1.0,1.0,nan
257,False,pcr6,min_belief_interval_distance,3,2,1.0,1.0,nan
257,False,pcr6_plus,betp,3,2,1.0,1.0,0.00784018121431187
257,False,pcr6_plus,dsmp_epsilon_0.001,3,2,1.0,1.0,0.48634247496170413
257,False,pcr6_plus,max_belief,3,2,1.0,1.0,nan
257,False,pcr6_plus,max_plausibility,3,2,1.0,1.0,nan
257,False,pcr6_plus,min_belief_interval_distance,3,2,1.0,1.0,nan
258,True,dempster,betp,6,3,1.0,1.0,0.04383899922711303
258,True,dempster,dsmp_epsilon_0.001,6,3,1.0,1.0,0.04603286204917752
258,True,dempster,max_belief,6,3,1.0,1.0,nan
258,True,dempster,max_plausibility,6,3,1.0,1.0,nan
258,True,dempster,min_belief_interval_distance,6,3,1.0,1.0,nan
258,True,pcr6,betp,6,3,1.0,1.0,0.07073905051832104
258,True,pcr6,dsmp_epsilon_0.001,6,3,1.0,1.0,0.03640972612243973
258,True,pcr6,max_belief,6,3,1.0,1.0,nan
258,True,pcr6,max_plausibility,6,3,1.0,1.0,nan
258,True,pcr6,min_belief_interval_distance,6,3,1.0,1.0,nan
258,True,pcr6_plus,betp,6,3,1.0,1.0,0.05329384343665097
258,True,pcr6_plus,dsmp_epsilon_0.001,6,3,1.0,1.0,0.041354763352087015
258,True,pcr6_plus,max_belief,6,3,1.0,1.0,nan
258,True,pcr6_plus,max_plausibility,6,3,1.0,1.0,nan
258,True,pcr6_plus,min_belief_interval_distance,6,3,1.0,1.0,nan
259,False,dempster,betp,2,2,1.0,1.0,0.0008249496387064746
259,False,dempster,dsmp_epsilon_0.001,2,2,1.0,1.0,0.3499646575452091
259,False,dempster,max_belief,2,2,1.0,1.0,nan
259,False,dempster,max_plausibility,2,2,1.0,1.0,nan
259,False,dempster,min_belief_interval_distance,2,2,1.0,1.0,nan
259,False,pcr6,betp,2,2,1.0,1.0,0.0008295793801363196
259,False,pcr6,dsmp_epsilon_0.001,2,2,1.0,1.0,0.350033433219392
259,False,pcr6,max_belief,2,2,1.0,1.0,nan
259,False,pcr6,max_plausibility,2,2,1.0,1.0,nan
259,False,pcr6,min_belief_interval_distance,2,2,1.0,1.0,nan
259,False,pcr6_plus,betp,2,2,1.0,1.0,0.0008295793801363196
259,False,pcr6_plus,dsmp_epsilon_0.001,2,2,1.0,1.0,0.350033433219392
259,False,pcr6_plus,max_belief,2,2,1.0,1.0,nan
259,False,pcr6_plus,max_plausibility,2,2,1.0,1.0,nan
259,False,pcr6_plus,min_belief_interval_distance,2,2,1.0,1.0,nan
260,False,dempster,betp,2,2,1.0,1.0,0.00035585680071932894
260,False,dempster,dsmp_epsilon_0.001,2,2,1.0,1.0,0.06861775838645703
260,False,dempster,max_belief,2,2,1.0,1.0,nan
260,False,dempster,max_plausibility,2,2,1.0,1.0,nan
260,False,dempster,min_belief_interval_distance,2,2,1.0,1.0,nan
260,False,pcr6,betp,2,2,1.0,1.0,0.0003662389649245264
260,False,pcr6,dsmp_epsilon_0.001,2,2,1.0,1.0,0.0686057900879243
260,False,pcr6,max_belief,2,2,1.0,1.0,nan
260,False,pcr6,max_plausibility,2,2,1.0,1.0,nan
260,False,pcr6,min_belief_interval_distance,2,2,1.0,1.0,nan
260,False,pcr6_plus,betp,2,2,1.0,1.0,0.0003662389649245264
260,False,pcr6_plus,dsmp_epsilon_0.001,2,2,1.0,1.0,0.0686057900879243
260,False,pcr6_plus,max_belief,2,2,1.0,1.0,nan
260,False,pcr6_plus,max_plausibility,2,2,1.0,1.0,nan
260,False,pcr6_plus,min_belief_interval_distance,2,2,1.0,1.0,nan
261,True,dempster,betp,5,3,0.0,0.5,0.1891688586877593
261,True,dempster,dsmp_epsilon_0.001,5,3,0.0,0.5,0.41202426328742536
261,True,dempster,max_belief,5,3,0.0,0.5,nan
261,True,dempster,max_plausibility,5,3,0.0,0.5,nan
261,True,dempster,min_belief_interval_distance,5,3,0.0,0.5,nan
261,True,pcr6,betp,5,3,0.0,0.5,0.18804846922736254
261,True,pcr6,dsmp_epsilon_0.001,5,3,0.0,0.5,0.41038499425847363
261,True,pcr6,max_belief,5,3,0.0,0.5,nan
261,True,pcr6,max_plausibility,5,3,0.0,0.5,nan
261,True,pcr6,min_belief_interval_distance,5,3,0.0,0.5,nan
261,True,pcr6_plus,betp,5,3,0.0,0.5,0.18747756180176522
261,True,pcr6_plus,dsmp_epsilon_0.001,5,3,0.0,0.5,0.40389435342116536
261,True,pcr6_plus,max_belief,5,3,0.0,0.5,nan
261,True,pcr6_plus,max_plausibility,5,3,0.0,0.5,nan
261,True,pcr6_plus,min_belief_interval_distance,5,3,0.0,0.5,nan
262,False,dempster,betp,5,2,1.0,1.0,0.08991311027865156
262,False,dempster,dsmp_epsilon_0.001,5,2,1.0,1.0,0.21659236039845822
262,False,dempster,max_belief,5,2,1.0,1.0,nan
262,False,dempster,max_plausibility,5,2,1.0,1.0,nan
262,False,dempster,min_belief_interval_distance,5,2,1.0,1.0,nan
262,False,pcr6,betp,5,2,1.0,1.0,0.0709902746240829
262,False,pcr6,dsmp_epsilon_0.001,5,2,1.0,1.0,0.20805059036737017
262,False,pcr6,max_belief,5,2,1.0,1.0,nan
262,False,pcr6,max_plausibility,5,2,1.0,1.0,nan
262,False,pcr6,min_belief_interval_distance,5,2,1.0,1.0,nan
262,False,pcr6_plus,betp,5,2,1.0,1.0,0.08814548895982502
262,False,pcr6_plus,dsmp_epsilon_0.001,5,2,1.0,1.0,0.182736204967401
262,False,pcr6_plus,max_belief,5,2,1.0,1.0,nan
262,False,pcr6_plus,max_plausibility,5,2,1.0,1.0,nan
262,False,pcr6_plus,min_belief_interval_distance,5,2,1.0,1.0,nan
263,True,dempster,betp,4,3,0.0,0.5,0.16161724100923455
263,True,dempster,dsmp_epsilon_0.001,4,3,0.0,0.5,0.4628644894846573
263,True,dempster,max_belief,4,3,0.0,0.5,nan
263,True,dempster,max_plausibility,4,3,0.0,0.5,nan
263,True,dempster,min_belief_interval_distance,4,3,0.0,0.5,nan
263,True,pcr6,betp,4,3,0.0,0.5,0.16161715363636708
263,True,pcr6,dsmp_epsilon_0.001,4,3,0.0,0.5,0.4628639321681166
263,True,pcr6,max_belief,4,3,0.0,0.5,nan
263,True,pcr6,max_plausibility,4,3,0.0,0.5,nan
263,True,pcr6,min_belief_interval_distance,4,3,0.0,0.5,nan
263,True,pcr6_plus,betp,4,3,0.0,0.5,0.16161344903118657
263,True,pcr6_plus,dsmp_epsilon_0.001,4,3,0.0,0.5,0.4628691905724003
263,True,pcr6_plus,max_belief,4,3,0.0,0.5,nan
263,True,pcr6_plus,max_plausibility,4,3,0.0,0.5,nan
263,True,pcr6_plus,min_belief_interval_distance,4,3,0.0,0.5,nan
266,False,dempster,betp,5,2,0.0,0.5,0.0343153891719858
266,False,dempster,dsmp_epsilon_0.001,5,2,0.0,0.5,0.0005537182926918342
266,False,dempster,max_belief,5,2,0.0,0.5,nan
266,False,dempster,max_plausibility,5,2,0.0,0.5,nan
266,False,dempster,min_belief_interval_distance,5,2,0.0,0.5,nan
266,False,pcr6,betp,5,2,0.0,0.5,0.04001823152229892
266,False,pcr6,dsmp_epsilon_0.001,5,2,0.0,0.5,0.0005926153862262399
266,False,pcr6,max_belief,5,2,0.0,0.5,nan
266,False,pcr6,max_plausibility,5,2,0.0,0.5,nan
266,False,pcr6,min_belief_interval_distance,5,2,0.0,0.5,nan
266,False,pcr6_plus,betp,5,2,0.0,0.5,0.03325671729337873
266,False,pcr6_plus,dsmp_epsilon_0.001,5,2,0.0,0.5,0.0007701877368210643
266,False,pcr6_plus,max_belief,5,2,0.0,0.5,nan
266,False,pcr6_plus,max_plausibility,5,2,0.0,0.5,nan
266,False,pcr6_plus,min_belief_interval_distance,5,2,0.0,0.5,nan
267,True,dempster,betp,5,3,0.0,0.5,0.36606200529448807
267,True,dempster,dsmp_epsilon_0.001,5,3,0.0,0.5,0.39881967658488093
267,True,dempster,max_belief,5,3,0.0,0.5,nan
267,True,dempster,max_plausibility,5,3,0.0,0.5,nan
267,True,dempster,min_belief_interval_distance,5,3,0.0,0.5,nan
267,True,pcr6,betp,5,3,0.0,0.5,0.3481174924027357
267,True,pcr6,dsmp_epsilon_0.001,5,3,0.0,0.5,0.3989953612114045
267,True,pcr6,max_belief,5,3,0.0,0.5,nan
267,True,pcr6,max_plausibility,5,3,0.0,0.5,nan
267,True,pcr6,min_belief_interval_distance,5,3,0.0,0.5,nan
267,True,pcr6_plus,betp,5,3,0.0,0.5,0.36082753145960933
267,True,pcr6_plus,dsmp_epsilon_0.001,5,3,0.0,0.5,0.4018372771609726
267,True,pcr6_plus,max_belief,5,3,0.0,0.5,nan
267,True,pcr6_plus,max_plausibility,5,3,0.0,0.5,nan
267,True,pcr6_plus,min_belief_interval_distance,5,3,0.0,0.5,nan
268,False,dempster,betp,3,2,1.0,1.0,0.005021271596646697
268,False,dempster,dsmp_epsilon_0.001,3,2,1.0,1.0,0.4825487749671573
268,False,dempster,max_belief,3,2,1.0,1.0,nan
268,False,dempster,max_plausibility,3,2,1.0,1.0,nan
268,False,dempster,min_belief_interval_distance,3,2,1.0,1.0,nan
268,False,pcr6,betp,3,2,1.0,1.0,0.005021271596646697
268,False,pcr6,dsmp_epsilon_0.001,3,2,1.0,1.0,0.4825487749671573
268,False,pcr6,max_belief,3,2,1.0,1.0,nan
268,False,pcr6,max_plausibility,3,2,1.0,1.0,nan
268,False,pcr6,min_belief_interval_distance,3,2,1.0,1.0,nan
268,False,pcr6_plus,betp,3,2,1.0,1.0,0.005021271596646697
268,False,pcr6_plus,dsmp_epsilon_0.001,3,2,1.0,1.0,0.4825487749671573
268,False,pcr6_plus,max_belief,3,2,1.0,1.0,nan
268,False,pcr6_plus,max_plausibility,3,2,1.0,1.0,nan
268,False,pcr6_plus,min_belief_interval_distance,3,2,1.0,1.0,nan
270,False,dempster,betp,6,2,1.0,1.0,0.03070816123923671
270,False,dempster,dsmp_epsilon_0.001,6,2,1.0,1.0,0.1319725671664098
270,False,dempster,max_belief,6,2,1.0,1.0,nan
270,False,dempster,max_plausibility,6,2,1.0,1.0,nan
270,False,dempster,min_belief_interval_distance,6,2,1.0,1.0,nan
270,False,pcr6,betp,6,2,1.0,1.0,0.026577828748907694
270,False,pcr6,dsmp_epsilon_0.001,6,2,1.0,1.0,0.12949718127729856
270,False,pcr6,max_belief,6,2,1.0,1.0,nan
270,False,pcr6,max_plausibility,6,2,1.0,1.0,nan
270,False,pcr6,min_belief_interval_distance,6,2,1.0,1.0,nan
270,False,pcr6_plus,betp,6,2,1.0,1.0,0.029733196232259056
270,False,pcr6_plus,dsmp_epsilon_0.001,6,2,1.0,1.0,0.10927136024564565
270,False,pcr6_plus,max_belief,6,2,1.0,1.0,nan
270,False,pcr6_plus,max_plausibility,6,2,1.0,1.0,nan
270,False,pcr6_plus,min_belief_interval_distance,6,2,1.0,1.0,nan
271,True,dempster,betp,6,3,0.0,0.5,0.3096720275945486
271,True,dempster,dsmp_epsilon_0.001,6,3,0.0,0.5,0.4421805321730937
271,True,dempster,max_belief,6,3,0.0,0.5,nan
271,True,dempster,max_plausibility,6,3,0.0,0.5,nan
271,True,dempster,min_belief_interval_distance,6,3,0.0,0.5,nan
271,True,pcr6,betp,6,3,0.0,0.5,0.25798332654533407
271,True,pcr6,dsmp_epsilon_0.001,6,3,0.0,0.5,0.44074837204092376
271,True,pcr6,max_belief,6,3,0.0,0.5,nan
271,True,pcr6,max_plausibility,6,3,0.0,0.5,nan
271,True,pcr6,min_belief_interval_distance,6,3,0.0,0.5,nan
271,True,pcr6_plus,betp,6,3,0.0,0.5,0.32018991618926673
271,True,pcr6_plus,dsmp_epsilon_0.001,6,3,0.0,0.5,0.4332209456533862
271,True,pcr6_plus,max_belief,6,3,0.0,0.5,nan
271,True,pcr6_plus,max_plausibility,6,3,0.0,0.5,nan
271,True,pcr6_plus,min_belief_interval_distance,6,3,0.0,0.5,nan
272,False,dempster,betp,5,2,1.0,1.0,0.10834777912412491
272,False,dempster,dsmp_epsilon_0.001,5,2,1.0,1.0,0.3739322629255648
272,False,dempster,max_belief,5,2,1.0,1.0,nan
272,False,dempster,max_plausibility,5,2,1.0,1.0,nan
272,False,dempster,min_belief_interval_distance,5,2,1.0,1.0,nan
272,False,pcr6,betp,5,2,1.0,1.0,0.10255285692410128
272,False,pcr6,dsmp_epsilon_0.001,5,2,1.0,1.0,0.3736194590637348
272,False,pcr6,max_belief,5,2,1.0,1.0,nan
272,False,pcr6,max_plausibility,5,2,1.0,1.0,nan
272,False,pcr6,min_belief_interval_distance,5,2,1.0,1.0,nan
272,False,pcr6_plus,betp,5,2,1.0,1.0,0.11438041559553713
272,False,pcr6_plus,dsmp_epsilon_0.001,5,2,1.0,1.0,0.3705431683086681
272,False,pcr6_plus,max_belief,5,2,1.0,1.0,nan
272,False,pcr6_plus,max_plausibility,5,2,1.0,1.0,nan
272,False,pcr6_plus,min_belief_interval_distance,5,2,1.0,1.0,nan
273,False,dempster,betp,6,2,1.0,1.0,0.02229827276446723
273,False,dempster,dsmp_epsilon_0.001,6,2,1.0,1.0,0.03045839974016913
273,False,dempster,max_belief,6,2,1.0,1.0,nan
273,False,dempster,max_plausibility,6,2,1.0,1.0,nan
273,False,dempster,min_belief_interval_distance,6,2,1.0,1.0,nan
273,False,pcr6,betp,6,2,1.0,1.0,0.006357496743896223
273,False,pcr6,dsmp_epsilon_0.001,6,2,1.0,1.0,0.020001052505679715
273,False,pcr6,max_belief,6,2,1.0,1.0,nan
273,False,pcr6,max_plausibility,6,2,1.0,1.0,nan
273,False,pcr6,min_belief_interval_distance,6,2,1.0,1.0,nan
273,False,pcr6_plus,betp,6,2,1.0,1.0,0.010053108922192439
273,False,pcr6_plus,dsmp_epsilon_0.001,6,2,1.0,1.0,0.011524335807454324
273,False,pcr6_plus,max_belief,6,2,1.0,1.0,nan
273,False,pcr6_plus,max_plausibility,6,2,1.0,1.0,nan
273,False,pcr6_plus,min_belief_interval_distance,6,2,1.0,1.0,nan
274,False,dempster,betp,4,2,1.0,1.0,2.7092327518752662e-05
274,False,dempster,dsmp_epsilon_0.001,4,2,1.0,1.0,0.00023706527172487134
274,False,dempster,max_belief,4,2,1.0,1.0,nan
274,False,dempster,max_plausibility,4,2,1.0,1.0,nan
274,False,dempster,min_belief_interval_distance,4,2,1.0,1.0,nan
274,False,pcr6,betp,4,2,1.0,1.0,1.7091734605957583e-05
274,False,pcr6,dsmp_epsilon_0.001,4,2,1.0,1.0,0.00015643332046383625
274,False,pcr6,max_belief,4,2,1.0,1.0,nan
274,False,pcr6,max_plausibility,4,2,1.0,1.0,nan
274,False,pcr6,min_belief_interval_distance,4,2,1.0,1.0,nan
274,False,pcr6_plus,betp,4,2,1.0,1.0,2.866255858420178e-06
274,False,pcr6_plus,dsmp_epsilon_0.001,4,2,1.0,1.0,2.149377703042559e-05
274,False,pcr6_plus,max_belief,4,2,1.0,1.0,nan
274,False,pcr6_plus,max_plausibility,4,2,1.0,1.0,nan
274,False,pcr6_plus,min_belief_interval_distance,4,2,1.0,1.0,nan
275,False,dempster,betp,5,2,1.0,1.0,0.018512520870914838
275,False,dempster,dsmp_epsilon_0.001,5,2,1.0,1.0,0.08572166307451906
275,False,dempster,max_belief,5,2,1.0,1.0,nan
275,False,dempster,max_plausibility,5,2,1.0,1.0,nan
275,False,dempster,min_belief_interval_distance,5,2,1.0,1.0,nan
275,False,pcr6,betp,5,2,1.0,1.0,0.016856859341777164
275,False,pcr6,dsmp_epsilon_0.001,5,2,1.0,1.0,0.0869021272639465
275,False,pcr6,max_belief,5,2,1.0,1.0,nan
275,False,pcr6,max_plausibility,5,2,1.0,1.0,nan
275,False,pcr6,min_belief_interval_distance,5,2,1.0,1.0,nan
275,False,pcr6_plus,betp,5,2,1.0,1.0,0.023852622712941255
275,False,pcr6_plus,dsmp_epsilon_0.001,5,2,1.0,1.0,0.09326724501533026
275,False,pcr6_plus,max_belief,5,2,1.0,1.0,nan
275,False,pcr6_plus,max_plausibility,5,2,1.0,1.0,nan
275,False,pcr6_plus,min_belief_interval_distance,5,2,1.0,1.0,nan
276,False,dempster,betp,6,2,1.0,1.0,0.0003592253655643489
276,False,dempster,dsmp_epsilon_0.001,6,2,1.0,1.0,0.0009117687717340596
276,False,dempster,max_belief,6,2,1.0,1.0,nan
276,False,dempster,max_plausibility,6,2,1.0,1.0,nan
276,False,dempster,min_belief_interval_distance,6,2,1.0,1.0,nan
276,False,pcr6,betp,6,2,1.0,1.0,0.0004814583223532987
276,False,pcr6,dsmp_epsilon_0.001,6,2,1.0,1.0,0.0017036599580898034
276,False,pcr6,max_belief,6,2,1.0,1.0,nan
276,False,pcr6,max_plausibility,6,2,1.0,1.0,nan
276,False,pcr6,min_belief_interval_distance,6,2,1.0,1.0,nan
276,False,pcr6_plus,betp,6,2,1.0,1.0,0.0036165027889932017
276,False,pcr6_plus,dsmp_epsilon_0.001,6,2,1.0,1.0,0.007272306389381091
276,False,pcr6_plus,max_belief,6,2,1.0,1.0,nan
276,False,pcr6_plus,max_plausibility,6,2,1.0,1.0,nan
276,False,pcr6_plus,min_belief_interval_distance,6,2,1.0,1.0,nan
278,True,dempster,betp,4,3,0.0,0.5,0.45064907080663497
278,True,dempster,dsmp_epsilon_0.001,4,3,0.0,0.5,0.3987681538949245
278,True,dempster,max_belief,4,3,0.0,0.5,nan
278,True,dempster,max_plausibility,4,3,0.0,0.5,nan
278,True,dempster,min_belief_interval_distance,4,3,0.0,0.5,nan
278,True,pcr6,betp,4,3,0.0,0.5,0.4504762801548555
278,True,pcr6,dsmp_epsilon_0.001,4,3,0.0,0.5,0.39873679758972036
278,True,pcr6,max_belief,4,3,0.0,0.5,nan
278,True,pcr6,max_plausibility,4,3,0.0,0.5,nan
278,True,pcr6,min_belief_interval_distance,4,3,0.0,0.5,nan
278,True,pcr6_plus,betp,4,3,0.0,0.5,0.45064980582137426
278,True,pcr6_plus,dsmp_epsilon_0.001,4,3,0.0,0.5,0.3980554529666456
278,True,pcr6_plus,max_belief,4,3,0.0,0.5,nan
278,True,pcr6_plus,max_plausibility,4,3,0.0,0.5,nan
278,True,pcr6_plus,min_belief_interval_distance,4,3,0.0,0.5,nan
279,False,dempster,betp,5,2,1.0,1.0,0.004343906192313967
279,False,dempster,dsmp_epsilon_0.001,5,2,1.0,1.0,0.249945163279549
279,False,dempster,max_belief,5,2,1.0,1.0,nan
279,False,dempster,max_plausibility,5,2,1.0,1.0,nan
279,False,dempster,min_belief_interval_distance,5,2,1.0,1.0,nan
279,False,pcr6,betp,5,2,1.0,1.0,0.004324692900447542
279,False,pcr6,dsmp_epsilon_0.001,5,2,1.0,1.0,0.2498214801060351
279,False,pcr6,max_belief,5,2,1.0,1.0,nan
279,False,pcr6,max_plausibility,5,2,1.0,1.0,nan
279,False,pcr6,min_belief_interval_distance,5,2,1.0,1.0,nan
279,False,pcr6_plus,betp,5,2,1.0,1.0,0.004378270197517368
279,False,pcr6_plus,dsmp_epsilon_0.001,5,2,1.0,1.0,0.2442656948783994
279,False,pcr6_plus,max_belief,5,2,1.0,1.0,nan
279,False,pcr6_plus,max_plausibility,5,2,1.0,1.0,nan
279,False,pcr6_plus,min_belief_interval_distance,5,2,1.0,1.0,nan
281,False,dempster,betp,4,2,1.0,1.0,0.0592251509049943
281,False,dempster,dsmp_epsilon_0.001,4,2,1.0,1.0,0.2157302518720351
281,False,dempster,max_belief,4,2,1.0,1.0,nan
281,False,dempster,max_plausibility,4,2,1.0,1.0,nan
281,False,dempster,min_belief_interval_distance,4,2,1.0,1.0,nan
281,False,pcr6,betp,4,2,1.0,1.0,0.053679690305006016
281,False,pcr6,dsmp_epsilon_0.001,4,2,1.0,1.0,0.21310323744295306
281,False,pcr6,max_belief,4,2,1.0,1.0,nan
281,False,pcr6,max_plausibility,4,2,1.0,1.0,nan
281,False,pcr6,min_belief_interval_distance,4,2,1.0,1.0,nan
281,False,pcr6_plus,betp,4,2,1.0,1.0,0.06391761425735598
281,False,pcr6_plus,dsmp_epsilon_0.001,4,2,1.0,1.0,0.2040048675192737
281,False,pcr6_plus,max_belief,4,2,1.0,1.0,nan
281,False,pcr6_plus,max_plausibility,4,2,1.0,1.0,nan
281,False,pcr6_plus,min_belief_interval_distance,4,2,1.0,1.0,nan
282,True,dempster,betp,6,3,0.0,0.5,0.35784039284465585
282,True,dempster,dsmp_epsilon_0.001,6,3,0.0,0.5,0.33828380761667776
282,True,dempster,max_belief,6,3,0.0,0.5,nan
282,True,dempster,max_plausibility,6,3,0.0,0.5,nan
282,True,dempster,min_belief_interval_distance,6,3,0.0,0.5,nan
282,True,pcr6,betp,6,3,0.0,0.5,0.33690436803602436
282,True,pcr6,dsmp_epsilon_0.001,6,3,0.0,0.5,0.32664514497851416
282,True,pcr6,max_belief,6,3,0.0,0.5,nan
282,True,pcr6,max_plausibility,6,3,0.0,0.5,nan
282,True,pcr6,min_belief_interval_distance,6,3,0.0,0.5,nan
282,True,pcr6_plus,betp,6,3,0.0,0.5,0.3590313289106064
282,True,pcr6_plus,dsmp_epsilon_0.001,6,3,0.0,0.5,0.3269061689272017
282,True,pcr6_plus,max_belief,6,3,0.0,0.5,nan
282,True,pcr6_plus,max_plausibility,6,3,0.0,0.5,nan
282,True,pcr6_plus,min_belief_interval_distance,6,3,0.0,0.5,nan
283,False,dempster,betp,6,2,0.0,0.5,0.18649473477565137
283,False,dempster,dsmp_epsilon_0.001,6,2,0.0,0.5,0.019111642966831387
283,False,dempster,max_belief,6,2,0.0,0.5,nan
283,False,dempster,max_plausibility,6,2,0.0,0.5,nan
283,False,dempster,min_belief_interval_distance,6,2,0.0,0.5,nan
283,False,pcr6,betp,6,2,0.0,0.5,0.19405463141944396
283,False,pcr6,dsmp_epsilon_0.001,6,2,0.0,0.5,0.019175302464093366
283,False,pcr6,max_belief,6,2,0.0,0.5,nan
283,False,pcr6,max_plausibility,6,2,0.0,0.5,nan
283,False,pcr6,min_belief_interval_distance,6,2,0.0,0.5,nan
283,False,pcr6_plus,betp,6,2,0.0,0.5,0.178662107050296
283,False,pcr6_plus,dsmp_epsilon_0.001,6,2,0.0,0.5,0.020212470671163524
283,False,pcr6_plus,max_belief,6,2,0.0,0.5,nan
283,False,pcr6_plus,max_plausibility,6,2,0.0,0.5,nan
283,False,pcr6_plus,min_belief_interval_distance,6,2,0.0,0.5,nan
284,True,dempster,betp,4,3,0.0,0.5,0.1688282150608836
284,True,dempster,dsmp_epsilon_0.001,4,3,1.0,1.0,0.31076949881286886
284,True,dempster,max_belief,4,3,1.0,1.0,nan
284,True,dempster,max_plausibility,4,3,0.0,0.5,nan
284,True,dempster,min_belief_interval_distance,4,3,0.0,0.5,nan
284,True,pcr6,betp,4,3,0.0,0.5,0.16505863607172697
284,True,pcr6,dsmp_epsilon_0.001,4,3,1.0,1.0,0.30768971509958387
284,True,pcr6,max_belief,4,3,1.0,1.0,nan
284,True,pcr6,max_plausibility,4,3,0.0,0.5,nan
284,True,pcr6,min_belief_interval_distance,4,3,0.0,0.5,nan
284,True,pcr6_plus,betp,4,3,0.0,0.5,0.17106936321450308
284,True,pcr6_plus,dsmp_epsilon_0.001,4,3,1.0,1.0,0.3078979175739254
284,True,pcr6_plus,max_belief,4,3,1.0,1.0,nan
284,True,pcr6_plus,max_plausibility,4,3,0.0,0.5,nan
284,True,pcr6_plus,min_belief_interval_distance,4,3,0.0,0.5,nan
285,True,dempster,betp,6,3,1.0,1.0,0.1882202360479805
285,True,dempster,dsmp_epsilon_0.001,6,3,1.0,1.0,0.21709820719386955
285,True,dempster,max_belief,6,3,1.0,1.0,nan
285,True,dempster,max_plausibility,6,3,1.0,1.0,nan
285,True,dempster,min_belief_interval_distance,6,3,1.0,1.0,nan
285,True,pcr6,betp,6,3,1.0,1.0,0.05161395470905385
285,True,pcr6,dsmp_epsilon_0.001,6,3,1.0,1.0,0.06227250863866164
285,True,pcr6,max_belief,6,3,1.0,1.0,nan
285,True,pcr6,max_plausibility,6,3,1.0,1.0,nan
285,True,pcr6,min_belief_interval_distance,6,3,1.0,1.0,nan
285,True,pcr6_plus,betp,6,3,1.0,1.0,0.03538334808661979
285,True,pcr6_plus,dsmp_epsilon_0.001,6,3,1.0,1.0,0.04372635819559391
285,True,pcr6_plus,max_belief,6,3,1.0,1.0,nan
285,True,pcr6_plus,max_plausibility,6,3,1.0,1.0,nan
285,True,pcr6_plus,min_belief_interval_distance,6,3,1.0,1.0,nan
286,False,dempster,betp,6,2,1.0,1.0,0.43670678873666824
286,False,dempster,dsmp_epsilon_0.001,6,2,1.0,1.0,0.4743539216669037
286,False,dempster,max_belief,6,2,1.0,1.0,nan
286,False,dempster,max_plausibility,6,2,1.0,1.0,nan
286,False,dempster,min_belief_interval_distance,6,2,1.0,1.0,nan
286,False,pcr6,betp,6,2,1.0,1.0,0.2995520952820864
286,False,pcr6,dsmp_epsilon_0.001,6,2,1.0,1.0,0.44974445681677877
286,False,pcr6,max_belief,6,2,1.0,1.0,nan
286,False,pcr6,max_plausibility,6,2,1.0,1.0,nan
286,False,pcr6,min_belief_interval_distance,6,2,1.0,1.0,nan
286,False,pcr6_plus,betp,6,2,1.0,1.0,0.38263521045334553
286,False,pcr6_plus,dsmp_epsilon_0.001,6,2,1.0,1.0,0.40784512459638667
286,False,pcr6_plus,max_belief,6,2,1.0,1.0,nan
286,False,pcr6_plus,max_plausibility,6,2,1.0,1.0,nan
286,False,pcr6_plus,min_belief_interval_distance,6,2,1.0,1.0,nan
287,True,dempster,betp,5,3,0.0,0.5,0.3695336273875547
287,True,dempster,dsmp_epsilon_0.001,5,3,0.0,0.5,0.46389725548095306
287,True,dempster,max_belief,5,3,0.0,0.5,nan
287,True,dempster,max_plausibility,5,3,0.0,0.5,nan
287,True,dempster,min_belief_interval_distance,5,3,0.0,0.5,nan
287,True,pcr6,betp,5,3,0.0,0.5,0.3194900436881938
287,True,pcr6,dsmp_epsilon_0.001,5,3,0.0,0.5,0.46225058636702965
287,True,pcr6,max_belief,5,3,0.0,0.5,nan
287,True,pcr6,max_plausibility,5,3,0.0,0.5,nan
287,True,pcr6,min_belief_interval_distance,5,3,0.0,0.5,nan
287,True,pcr6_plus,betp,5,3,0.0,0.5,0.35729936237754123
287,True,pcr6_plus,dsmp_epsilon_0.001,5,3,0.0,0.5,0.47342382252949644
287,True,pcr6_plus,max_belief,5,3,0.0,0.5,nan
287,True,pcr6_plus,max_plausibility,5,3,0.0,0.5,nan
287,True,pcr6_plus,min_belief_interval_distance,5,3,0.0,0.5,nan
288,False,dempster,betp,6,2,0.0,0.5,0.30592768300647155
288,False,dempster,dsmp_epsilon_0.001,6,2,0.0,0.5,0.30111862117650223
288,False,dempster,max_belief,6,2,0.0,0.5,nan
288,False,dempster,max_plausibility,6,2,0.0,0.5,nan
288,False,dempster,min_belief_interval_distance,6,2,0.0,0.5,nan
288,False,pcr6,betp,6,2,0.0,0.5,0.47307297357371364
288,False,pcr6,dsmp_epsilon_0.001,6,2,0.0,0.5,0.43567274095644787
288,False,pcr6,max_belief,6,2,0.0,0.5,nan
288,False,pcr6,max_plausibility,6,2,0.0,0.5,nan
288,False,pcr6,min_belief_interval_distance,6,2,0.0,0.5,nan
288,False,pcr6_plus,betp,6,2,0.0,0.5,0.46753622463555705
288,False,pcr6_plus,dsmp_epsilon_0.001,6,2,0.0,0.5,0.4674395911406605
288,False,pcr6_plus,max_belief,6,2,0.0,0.5,nan
288,False,pcr6_plus,max_plausibility,6,2,0.0,0.5,nan
288,False,pcr6_plus,min_belief_interval_distance,6,2,0.0,0.5,nan
289,True,dempster,betp,6,3,0.0,0.5,0.37619641599377207
289,True,dempster,dsmp_epsilon_0.001,6,3,0.0,0.5,0.49950135657621764
289,True,dempster,max_belief,6,3,0.0,0.5,nan
289,True,dempster,max_plausibility,6,3,0.0,0.5,nan
289,True,dempster,min_belief_interval_distance,6,3,0.0,0.5,nan
289,True,pcr6,betp,6,3,0.0,0.5,0.37619641599377207
289,True,pcr6,dsmp_epsilon_0.001,6,3,0.0,0.5,0.49950135657621764
289,True,pcr6,max_belief,6,3,0.0,0.5,nan
289,True,pcr6,max_plausibility,6,3,0.0,0.5,nan
289,True,pcr6,min_belief_interval_distance,6,3,0.0,0.5,nan
289,True,pcr6_plus,betp,6,3,0.0,0.5,0.37619641599377207
289,True,pcr6_plus,dsmp_epsilon_0.001,6,3,0.0,0.5,0.49950135657621764
289,True,pcr6_plus,max_belief,6,3,0.0,0.5,nan
289,True,pcr6_plus,max_plausibility,6,3,0.0,0.5,nan
289,True,pcr6_plus,min_belief_interval_distance,6,3,0.0,0.5,nan
290,False,dempster,betp,6,2,1.0,1.0,0.49235139621834295
290,False,dempster,dsmp_epsilon_0.001,6,2,1.0,1.0,0.49977448825527376
290,False,dempster,max_belief,6,2,1.0,1.0,nan
290,False,dempster,max_plausibility,6,2,1.0,1.0,nan
290,False,dempster,min_belief_interval_distance,6,2,1.0,1.0,nan
290,False,pcr6,betp,6,2,1.0,1.0,0.4839112997987146
290,False,pcr6,dsmp_epsilon_0.001,6,2,1.0,1.0,0.4996703611851976
290,False,pcr6,max_belief,6,2,1.0,1.0,nan
290,False,pcr6,max_plausibility,6,2,1.0,1.0,nan
290,False,pcr6,min_belief_interval_distance,6,2,1.0,1.0,nan
290,False,pcr6_plus,betp,6,2,1.0,1.0,0.49220914270530997
290,False,pcr6_plus,dsmp_epsilon_0.001,6,2,1.0,1.0,0.4995273566051281
290,False,pcr6_plus,max_belief,6,2,1.0,1.0,nan
290,False,pcr6_plus,max_plausibility,6,2,1.0,1.0,nan
290,False,pcr6_plus,min_belief_interval_distance,6,2,1.0,1.0,nan
291,True,dempster,betp,4,3,0.0,0.5,0.17526344473961983
291,True,dempster,dsmp_epsilon_0.001,4,3,0.0,0.5,0.39270805771211903
291,True,dempster,max_belief,4,3,0.0,0.5,nan
291,True,dempster,max_plausibility,4,3,0.0,0.5,nan
291,True,dempster,min_belief_interval_distance,4,3,0.0,0.5,nan
291,True,pcr6,betp,4,3,0.0,0.5,0.17524271964145408
291,True,pcr6,dsmp_epsilon_0.001,4,3,0.0,0.5,0.39277191409843143
291,True,pcr6,max_belief,4,3,0.0,0.5,nan
291,True,pcr6,max_plausibility,4,3,0.0,0.5,nan
291,True,pcr6,min_belief_interval_distance,4,3,0.0,0.5,nan
291,True,pcr6_plus,betp,4,3,0.0,0.5,0.17546122406248638
291,True,pcr6_plus,dsmp_epsilon_0.001,4,3,0.0,0.5,0.39614065522551406
291,True,pcr6_plus,max_belief,4,3,0.0,0.5,nan
291,True,pcr6_plus,max_plausibility,4,3,0.0,0.5,nan
291,True,pcr6_plus,min_belief_interval_distance,4,3,0.0,0.5,nan
292,False,dempster,betp,3,2,1.0,1.0,0.385787217128375
292,False,dempster,dsmp_epsilon_0.001,3,2,1.0,1.0,0.47656414847426765
292,False,dempster,max_belief,3,2,1.0,1.0,nan
292,False,dempster,max_plausibility,3,2,1.0,1.0,nan
292,False,dempster,min_belief_interval_distance,3,2,1.0,1.0,nan
292,False,pcr6,betp,3,2,1.0,1.0,0.35213307255745374
292,False,pcr6,dsmp_epsilon_0.001,3,2,1.0,1.0,0.46777160630693276
292,False,pcr6,max_belief,3,2,1.0,1.0,nan
292,False,pcr6,max_plausibility,3,2,1.0,1.0,nan
292,False,pcr6,min_belief_interval_distance,3,2,1.0,1.0,nan
292,False,pcr6_plus,betp,3,2,1.0,1.0,0.38012747995217516
292,False,pcr6_plus,dsmp_epsilon_0.001,3,2,1.0,1.0,0.46074838508296767
292,False,pcr6_plus,max_belief,3,2,1.0,1.0,nan
292,False,pcr6_plus,max_plausibility,3,2,1.0,1.0,nan
292,False,pcr6_plus,min_belief_interval_distance,3,2,1.0,1.0,nan
294,True,dempster,betp,6,3,0.0,0.5,0.2687466716962634
294,True,dempster,dsmp_epsilon_0.001,6,3,0.0,0.5,0.33513885368726415
294,True,dempster,max_belief,6,3,0.0,0.5,nan
294,True,dempster,max_plausibility,6,3,0.0,0.5,nan
294,True,dempster,min_belief_interval_distance,6,3,0.0,0.5,nan
294,True,pcr6,betp,6,3,0.0,0.5,0.26547253068859294
294,True,pcr6,dsmp_epsilon_0.001,6,3,0.0,0.5,0.3315744508863648
294,True,pcr6,max_belief,6,3,0.0,0.5,nan
294,True,pcr6,max_plausibility,6,3,0.0,0.5,nan
294,True,pcr6,min_belief_interval_distance,6,3,0.0,0.5,nan
294,True,pcr6_plus,betp,6,3,0.0,0.5,0.26896837815522384
294,True,pcr6_plus,dsmp_epsilon_0.001,6,3,0.0,0.5,0.3226339204968591
294,True,pcr6_plus,max_belief,6,3,0.0,0.5,nan
294,True,pcr6_plus,max_plausibility,6,3,0.0,0.5,nan
294,True,pcr6_plus,min_belief_interval_distance,6,3,0.0,0.5,nan
295,True,dempster,betp,6,3,0.0,0.5,0.3522289268788653
295,True,dempster,dsmp_epsilon_0.001,6,3,0.0,0.5,0.42397757649108037
295,True,dempster,max_belief,6,3,0.0,0.5,nan
295,True,dempster,max_plausibility,6,3,0.0,0.5,nan
295,True,dempster,min_belief_interval_distance,6,3,0.0,0.5,nan
295,True,pcr6,betp,6,3,0.0,0.5,0.2667363436470791
295,True,pcr6,dsmp_epsilon_0.001,6,3,0.0,0.5,0.4136033821270635
295,True,pcr6,max_belief,6,3,0.0,0.5,nan
295,True,pcr6,max_plausibility,6,3,0.0,0.5,nan
295,True,pcr6,min_belief_interval_distance,6,3,0.0,0.5,nan
295,True,pcr6_plus,betp,6,3,0.0,0.5,0.2910307814372615
295,True,pcr6_plus,dsmp_epsilon_0.001,6,3,0.0,0.5,0.4025382157852154
295,True,pcr6_plus,max_belief,6,3,0.0,0.5,nan
295,True,pcr6_plus,max_plausibility,6,3,0.0,0.5,nan
295,True,pcr6_plus,min_belief_interval_distance,6,3,0.0,0.5,nan
296,True,dempster,betp,6,3,0.0,0.5,0.38264452345040456
296,True,dempster,dsmp_epsilon_0.001,6,3,0.0,0.5,0.4816433002353356
296,True,dempster,max_belief,6,3,0.0,0.5,nan
296,True,dempster,max_plausibility,6,3,0.0,0.5,nan
296,True,dempster,min_belief_interval_distance,6,3,0.0,0.5,nan
296,True,pcr6,betp,6,3,0.0,0.5,0.2978489666053567
296,True,pcr6,dsmp_epsilon_0.001,6,3,0.0,0.5,0.7936206517647812
296,True,pcr6,max_belief,6,3,0.0,0.5,nan
296,True,pcr6,max_plausibility,6,3,0.0,0.5,nan
296,True,pcr6,min_belief_interval_distance,6,3,0.0,0.5,nan
296,True,pcr6_plus,betp,6,3,0.0,0.5,0.5438271056165197
296,True,pcr6_plus,dsmp_epsilon_0.001,6,3,0.0,0.5,0.6029433181992977
296,True,pcr6_plus,max_belief,6,3,0.0,0.5,nan
296,True,pcr6_plus,max_plausibility,6,3,0.0,0.5,nan
296,True,pcr6_plus,min_belief_interval_distance,6,3,0.0,0.5,nan
297,True,dempster,betp,6,3,1.0,1.0,0.003558274995336525
297,True,dempster,dsmp_epsilon_0.001,6,3,1.0,1.0,0.05100425830247719
297,True,dempster,max_belief,6,3,1.0,1.0,nan
297,True,dempster,max_plausibility,6,3,1.0,1.0,nan
297,True,dempster,min_belief_interval_distance,6,3,1.0,1.0,nan
297,True,pcr6,betp,6,3,1.0,1.0,0.004148817394021157
297,True,pcr6,dsmp_epsilon_0.001,6,3,1.0,1.0,0.05108426340022344
297,True,pcr6,max_belief,6,3,1.0,1.0,nan
297,True,pcr6,max_plausibility,6,3,1.0,1.0,nan
297,True,pcr6,min_belief_interval_distance,6,3,1.0,1.0,nan
297,True,pcr6_plus,betp,6,3,1.0,1.0,0.003822741187923
297,True,pcr6_plus,dsmp_epsilon_0.001,6,3,1.0,1.0,0.054843891662737364
297,True,pcr6_plus,max_belief,6,3,1.0,1.0,nan
297,True,pcr6_plus,max_plausibility,6,3,1.0,1.0,nan
297,True,pcr6_plus,min_belief_interval_distance,6,3,1.0,1.0,nan
298,True,dempster,betp,4,3,1.0,1.0,0.07975106724333679
298,True,dempster,dsmp_epsilon_0.001,4,3,1.0,1.0,0.20396282376305452
298,True,dempster,max_belief,4,3,1.0,1.0,nan
298,True,dempster,max_plausibility,4,3,1.0,1.0,nan
298,True,dempster,min_belief_interval_distance,4,3,1.0,1.0,nan
298,True,pcr6,betp,4,3,1.0,1.0,0.07071122583672111
298,True,pcr6,dsmp_epsilon_0.001,4,3,1.0,1.0,0.20498295060200936
298,True,pcr6,max_belief,4,3,1.0,1.0,nan
298,True,pcr6,max_plausibility,4,3,1.0,1.0,nan
298,True,pcr6,min_belief_interval_distance,4,3,1.0,1.0,nan
298,True,pcr6_plus,betp,4,3,1.0,1.0,0.09342120712872293
298,True,pcr6_plus,dsmp_epsilon_0.001,4,3,1.0,1.0,0.2057739047479974
298,True,pcr6_plus,max_belief,4,3,1.0,1.0,nan
298,True,pcr6_plus,max_plausibility,4,3,1.0,1.0,nan
298,True,pcr6_plus,min_belief_interval_distance,4,3,1.0,1.0,nan
300,True,dempster,betp,6,4,0.0,0.6666666666666666,1.2271635247367292
300,True,dempster,dsmp_epsilon_0.001,6,4,0.0,0.6666666666666666,1.3113194810381417
300,True,dempster,max_belief,6,4,0.0,0.6666666666666666,nan
300,True,dempster,max_plausibility,6,4,0.0,0.6666666666666666,nan
300,True,dempster,min_belief_interval_distance,6,4,0.0,0.6666666666666666,nan
300,True,pcr6,betp,6,4,0.0,0.6666666666666666,1.1122587614914305
300,True,pcr6,dsmp_epsilon_0.001,6,4,0.0,0.6666666666666666,1.3038925927112492
300,True,pcr6,max_belief,6,4,0.0,0.6666666666666666,nan
300,True,pcr6,max_plausibility,6,4,0.0,0.6666666666666666,nan
300,True,pcr6,min_belief_interval_distance,6,4,0.0,0.6666666666666666,nan
300,True,pcr6_plus,betp,6,4,0.0,0.6666666666666666,1.1201034125155223
300,True,pcr6_plus,dsmp_epsilon_0.001,6,4,0.0,0.6666666666666666,1.2952316325261715
300,True,pcr6_plus,max_belief,6,4,0.0,0.6666666666666666,nan
300,True,pcr6_plus,max_plausibility,6,4,0.0,0.6666666666666666,nan
300,True,pcr6_plus,min_belief_interval_distance,6,4,0.0,0.6666666666666666,nan
301,True,dempster,betp,3,3,1.0,1.0,0.1504907036014635
301,True,dempster,dsmp_epsilon_0.001,3,3,1.0,1.0,0.1666240114887901
301,True,dempster,max_belief,3,3,1.0,1.0,nan
301,True,dempster,max_plausibility,3,3,1.0,1.0,nan
301,True,dempster,min_belief_interval_distance,3,3,1.0,1.0,nan
301,True,pcr6,betp,3,3,1.0,1.0,0.1492640735063186
301,True,pcr6,dsmp_epsilon_0.001,3,3,1.0,1.0,0.16664924703424908
301,True,pcr6,max_belief,3,3,1.0,1.0,nan
301,True,pcr6,max_plausibility,3,3,1.0,1.0,nan
301,True,pcr6,min_belief_interval_distance,3,3,1.0,1.0,nan
301,True,pcr6_plus,betp,3,3,1.0,1.0,0.14929680411371665
301,True,pcr6_plus,dsmp_epsilon_0.001,3,3,1.0,1.0,0.16679317007995367
301,True,pcr6_plus,max_belief,3,3,1.0,1.0,nan
301,True,pcr6_plus,max_plausibility,3,3,1.0,1.0,nan
301,True,pcr6_plus,min_belief_interval_distance,3,3,1.0,1.0,nan
302,True,dempster,betp,5,3,1.0,1.0,0.12266778373832202
302,True,dempster,dsmp_epsilon_0.001,5,3,1.0,1.0,0.274795781691646
302,True,dempster,max_belief,5,3,1.0,1.0,nan
302,True,dempster,max_plausibility,5,3,1.0,1.0,nan
302,True,dempster,min_belief_interval_distance,5,3,1.0,1.0,nan
302,True,pcr6,betp,5,3,1.0,1.0,0.10700004824868573
302,True,pcr6,dsmp_epsilon_0.001,5,3,1.0,1.0,0.27484802448125023
302,True,pcr6,max_belief,5,3,1.0,1.0,nan
302,True,pcr6,max_plausibility,5,3,1.0,1.0,nan
302,True,pcr6,min_belief_interval_distance,5,3,1.0,1.0,nan
302,True,pcr6_plus,betp,5,3,1.0,1.0,0.12490392797657146
302,True,pcr6_plus,dsmp_epsilon_0.001,5,3,1.0,1.0,0.29133196120122495
302,True,pcr6_plus,max_belief,5,3,1.0,1.0,nan
302,True,pcr6_plus,max_plausibility,5,3,1.0,1.0,nan
302,True,pcr6_plus,min_belief_interval_distance,5,3,1.0,1.0,nan
303,True,dempster,betp,6,3,0.0,0.6666666666666666,0.45880547345262285
303,True,dempster,dsmp_epsilon_0.001,6,3,0.0,0.6666666666666666,0.4852185711224988
303,True,dempster,max_belief,6,3,0.0,0.6666666666666666,nan
303,True,dempster,max_plausibility,6,3,0.0,0.6666666666666666,nan
303,True,dempster,min_belief_interval_distance,6,3,0.0,0.6666666666666666,nan
303,True,pcr6,betp,6,3,0.0,0.6666666666666666,0.20987987776057715
303,True,pcr6,dsmp_epsilon_0.001,6,3,0.0,0.6666666666666666,0.44777982933931193
303,True,pcr6,max_belief,6,3,0.0,0.6666666666666666,nan
303,True,pcr6,max_plausibility,6,3,0.0,0.6666666666666666,nan
303,True,pcr6,min_belief_interval_distance,6,3,0.0,0.6666666666666666,nan
303,True,pcr6_plus,betp,6,3,0.0,0.6666666666666666,0.2259285162860522
303,True,pcr6_plus,dsmp_epsilon_0.001,6,3,0.0,0.6666666666666666,0.4230626387062188
303,True,pcr6_plus,max_belief,6,3,0.0,0.6666666666666666,nan
303,True,pcr6_plus,max_plausibility,6,3,0.0,0.6666666666666666,nan
303,True,pcr6_plus,min_belief_interval_distance,6,3,0.0,0.6666666666666666,nan
304,True,dempster,betp,6,3,1.0,1.0,0.142670364521526
304,True,dempster,dsmp_epsilon_0.001,6,3,1.0,1.0,0.19945574040314254
304,True,dempster,max_belief,6,3,1.0,1.0,nan
304,True,dempster,max_plausibility,6,3,1.0,1.0,nan
304,True,dempster,min_belief_interval_distance,6,3,1.0,1.0,nan
304,True,pcr6,betp,6,3,1.0,1.0,0.13047898005424685
304,True,pcr6,dsmp_epsilon_0.001,6,3,1.0,1.0,0.19932020961241956
304,True,pcr6,max_belief,6,3,1.0,1.0,nan
304,True,pcr6,max_plausibility,6,3,1.0,1.0,nan
304,True,pcr6,min_belief_interval_distance,6,3,1.0,1.0,nan
304,True,pcr6_plus,betp,6,3,1.0,1.0,0.14365125769187007
304,True,pcr6_plus,dsmp_epsilon_0.001,6,3,1.0,1.0,0.20323002884905594
304,True,pcr6_plus,max_belief,6,3,1.0,1.0,nan
304,True,pcr6_plus,max_plausibility,6,3,1.0,1.0,nan
304,True,pcr6_plus,min_belief_interval_distance,6,3,1.0,1.0,nan
305,True,dempster,betp,5,3,1.0,1.0,0.13498450991674357
305,True,dempster,dsmp_epsilon_0.001,5,3,1.0,1.0,0.3155819404718771
305,True,dempster,max_belief,5,3,1.0,1.0,nan
305,True,dempster,max_plausibility,5,3,1.0,1.0,nan
305,True,dempster,min_belief_interval_distance,5,3,1.0,1.0,nan
305,True,pcr6,betp,5,3,1.0,1.0,0.11442251143746054
305,True,pcr6,dsmp_epsilon_0.001,5,3,1.0,1.0,0.315387984730462
305,True,pcr6,max_belief,5,3,1.0,1.0,nan
305,True,pcr6,max_plausibility,5,3,1.0,1.0,nan
305,True,pcr6,min_belief_interval_distance,5,3,1.0,1.0,nan
305,True,pcr6_plus,betp,5,3,1.0,1.0,0.13671911856650965
305,True,pcr6_plus,dsmp_epsilon_0.001,5,3,1.0,1.0,0.3160691744288331
305,True,pcr6_plus,max_belief,5,3,1.0,1.0,nan
305,True,pcr6_plus,max_plausibility,5,3,1.0,1.0,nan
305,True,pcr6_plus,min_belief_interval_distance,5,3,1.0,1.0,nan
306,True,dempster,betp,6,3,1.0,1.0,0.4858774422489208
306,True,dempster,dsmp_epsilon_0.001,6,3,1.0,1.0,0.6436573559703734
306,True,dempster,max_belief,6,3,1.0,1.0,nan
306,True,dempster,max_plausibility,6,3,1.0,1.0,nan
306,True,dempster,min_belief_interval_distance,6,3,1.0,1.0,nan
306,True,pcr6,betp,6,3,1.0,1.0,0.39628567530929093
306,True,pcr6,dsmp_epsilon_0.001,6,3,1.0,1.0,0.6405574622008269
306,True,pcr6,max_belief,6,3,1.0,1.0,nan
306,True,pcr6,max_plausibility,6,3,1.0,1.0,nan
306,True,pcr6,min_belief_interval_distance,6,3,1.0,1.0,nan
306,True,pcr6_plus,betp,6,3,1.0,1.0,0.4147072954558324
306,True,pcr6_plus,dsmp_epsilon_0.001,6,3,1.0,1.0,0.6357764459513187
306,True,pcr6_plus,max_belief,6,3,1.0,1.0,nan
306,True,pcr6_plus,max_plausibility,6,3,1.0,1.0,nan
306,True,pcr6_plus,min_belief_interval_distance,6,3,1.0,1.0,nan
307,True,dempster,betp,6,4,1.0,1.0,0.21066847582476544
307,True,dempster,dsmp_epsilon_0.001,6,4,0.0,0.6666666666666666,0.5891767056281545
307,True,dempster,max_belief,6,4,0.0,0.6666666666666666,nan
307,True,dempster,max_plausibility,6,4,1.0,1.0,nan
307,True,dempster,min_belief_interval_distance,6,4,1.0,1.0,nan
307,True,pcr6,betp,6,4,1.0,1.0,0.1833871288390237
307,True,pcr6,dsmp_epsilon_0.001,6,4,0.0,0.6666666666666666,0.587783652119694
307,True,pcr6,max_belief,6,4,0.0,0.6666666666666666,nan
307,True,pcr6,max_plausibility,6,4,1.0,1.0,nan
307,True,pcr6,min_belief_interval_distance,6,4,1.0,1.0,nan
307,True,pcr6_plus,betp,6,4,1.0,1.0,0.21319560953591515
307,True,pcr6_plus,dsmp_epsilon_0.001,6,4,0.0,0.6666666666666666,0.5829310300279742
307,True,pcr6_plus,max_belief,6,4,0.0,0.6666666666666666,nan
307,True,pcr6_plus,max_plausibility,6,4,1.0,1.0,nan
307,True,pcr6_plus,min_belief_interval_distance,6,4,1.0,1.0,nan
308,True,dempster,betp,6,4,0.0,0.6666666666666666,0.11730300263724484
308,True,dempster,dsmp_epsilon_0.001,6,4,0.0,0.6666666666666666,0.23275751299066613
308,True,dempster,max_belief,6,4,0.0,0.6666666666666666,nan
308,True,dempster,max_plausibility,6,4,0.0,0.6666666666666666,nan
308,True,dempster,min_belief_interval_distance,6,4,0.0,0.6666666666666666,nan
308,True,pcr6,betp,6,4,0.0,0.6666666666666666,0.09346426866788614
308,True,pcr6,dsmp_epsilon_0.001,6,4,0.0,0.6666666666666666,0.2983202785855137
308,True,pcr6,max_belief,6,4,0.0,0.6666666666666666,nan
308,True,pcr6,max_plausibility,6,4,0.0,0.6666666666666666,nan
308,True,pcr6,min_belief_interval_distance,6,4,0.0,0.6666666666666666,nan
308,True,pcr6_plus,betp,6,4,0.0,0.6666666666666666,0.12538879499935618
308,True,pcr6_plus,dsmp_epsilon_0.001,6,4,0.0,0.6666666666666666,0.180268915291229
308,True,pcr6_plus,max_belief,6,4,1.0,1.0,nan
308,True,pcr6_plus,max_plausibility,6,4,0.0,0.6666666666666666,nan
308,True,pcr6_plus,min_belief_interval_distance,6,4,0.0,0.6666666666666666,nan
309,True,dempster,betp,6,3,0.0,0.6666666666666666,0.3986955398105868
309,True,dempster,dsmp_epsilon_0.001,6,3,0.0,0.6666666666666666,0.4996223858270409
309,True,dempster,max_belief,6,3,0.0,0.6666666666666666,nan
309,True,dempster,max_plausibility,6,3,0.0,0.6666666666666666,nan
309,True,dempster,min_belief_interval_distance,6,3,0.0,0.6666666666666666,nan
309,True,pcr6,betp,6,3,0.0,0.6666666666666666,0.3986955398105868
309,True,pcr6,dsmp_epsilon_0.001,6,3,0.0,0.6666666666666666,0.4996223858270409
309,True,pcr6,max_belief,6,3,0.0,0.6666666666666666,nan
309,True,pcr6,max_plausibility,6,3,0.0,0.6666666666666666,nan
309,True,pcr6,min_belief_interval_distance,6,3,0.0,0.6666666666666666,nan
309,True,pcr6_plus,betp,6,3,0.0,0.6666666666666666,0.3986955398105868
309,True,pcr6_plus,dsmp_epsilon_0.001,6,3,0.0,0.6666666666666666,0.4996223858270409
309,True,pcr6_plus,max_belief,6,3,0.0,0.6666666666666666,nan
309,True,pcr6_plus,max_plausibility,6,3,0.0,0.6666666666666666,nan
309,True,pcr6_plus,min_belief_interval_distance,6,3,0.0,0.6666666666666666,nan
310,True,dempster,betp,6,3,1.0,1.0,0.20195546980952098
310,True,dempster,dsmp_epsilon_0.001,6,3,1.0,1.0,0.2700939320199447
310,True,dempster,max_belief,6,3,1.0,1.0,nan
310,True,dempster,max_plausibility,6,3,1.0,1.0,nan
310,True,dempster,min_belief_interval_distance,6,3,1.0,1.0,nan
310,True,pcr6,betp,6,3,1.0,1.0,0.041186369377848406
310,True,pcr6,dsmp_epsilon_0.001,6,3,1.0,1.0,0.1916422910937528
310,True,pcr6,max_belief,6,3,1.0,1.0,nan
310,True,pcr6,max_plausibility,6,3,1.0,1.0,nan
310,True,pcr6,min_belief_interval_distance,6,3,1.0,1.0,nan
310,True,pcr6_plus,betp,6,3,1.0,1.0,0.055982526385529474
310,True,pcr6_plus,dsmp_epsilon_0.001,6,3,1.0,1.0,0.16016434369929897
310,True,pcr6_plus,max_belief,6,3,1.0,1.0,nan
310,True,pcr6_plus,max_plausibility,6,3,1.0,1.0,nan
310,True,pcr6_plus,min_belief_interval_distance,6,3,1.0,1.0,nan
311,True,dempster,betp,4,3,1.0,1.0,0.0033636127810362966
311,True,dempster,dsmp_epsilon_0.001,4,3,1.0,1.0,0.28210032714416544
311,True,dempster,max_belief,4,3,1.0,1.0,nan
311,True,dempster,max_plausibility,4,3,1.0,1.0,nan
311,True,dempster,min_belief_interval_distance,4,3,1.0,1.0,nan
311,True,pcr6,betp,4,3,1.0,1.0,0.003334513939493613
311,True,pcr6,dsmp_epsilon_0.001,4,3,1.0,1.0,0.2821577925321584
311,True,pcr6,max_belief,4,3,1.0,1.0,nan
311,True,pcr6,max_plausibility,4,3,1.0,1.0,nan
311,True,pcr6,min_belief_interval_distance,4,3,1.0,1.0,nan
311,True,pcr6_plus,betp,4,3,1.0,1.0,0.003510033952364593
311,True,pcr6_plus,dsmp_epsilon_0.001,4,3,1.0,1.0,0.2818023963511399
311,True,pcr6_plus,max_belief,4,3,1.0,1.0,nan
311,True,pcr6_plus,max_plausibility,4,3,1.0,1.0,nan
311,True,pcr6_plus,min_belief_interval_distance,4,3,1.0,1.0,nan
312,True,dempster,betp,6,3,1.0,1.0,0.6538811606066326
312,True,dempster,dsmp_epsilon_0.001,6,3,1.0,1.0,0.6647997039602956
312,True,dempster,max_belief,6,3,1.0,1.0,nan
312,True,dempster,max_plausibility,6,3,1.0,1.0,nan
312,True,dempster,min_belief_interval_distance,6,3,1.0,1.0,nan
312,True,pcr6,betp,6,3,1.0,1.0,0.48405965533078343
312,True,pcr6,dsmp_epsilon_0.001,6,3,1.0,1.0,0.6525043402483419
312,True,pcr6,max_belief,6,3,1.0,1.0,nan
312,True,pcr6,max_plausibility,6,3,1.0,1.0,nan
312,True,pcr6,min_belief_interval_distance,6,3,1.0,1.0,nan
312,True,pcr6_plus,betp,6,3,1.0,1.0,0.4984936250949639
312,True,pcr6_plus,dsmp_epsilon_0.001,6,3,1.0,1.0,0.6497458935623667
312,True,pcr6_plus,max_belief,6,3,1.0,1.0,nan
312,True,pcr6_plus,max_plausibility,6,3,1.0,1.0,nan
312,True,pcr6_plus,min_belief_interval_distance,6,3,1.0,1.0,nan
313,True,dempster,betp,6,3,0.0,0.6666666666666666,0.1841286732378133
313,True,dempster,dsmp_epsilon_0.001,6,3,0.0,0.6666666666666666,0.3748354958966572
313,True,dempster,max_belief,6,3,0.0,0.6666666666666666,nan
313,True,dempster,max_plausibility,6,3,0.0,0.6666666666666666,nan
313,True,dempster,min_belief_interval_distance,6,3,0.0,0.6666666666666666,nan
313,True,pcr6,betp,6,3,0.0,0.6666666666666666,0.18368839785069327
313,True,pcr6,dsmp_epsilon_0.001,6,3,0.0,0.6666666666666666,0.3975176499278954
313,True,pcr6,max_belief,6,3,0.0,0.6666666666666666,nan
313,True,pcr6,max_plausibility,6,3,0.0,0.6666666666666666,nan
313,True,pcr6,min_belief_interval_distance,6,3,0.0,0.6666666666666666,nan
313,True,pcr6_plus,betp,6,3,0.0,0.6666666666666666,0.30600489329550734
313,True,pcr6_plus,dsmp_epsilon_0.001,6,3,0.0,0.6666666666666666,0.43758397108947156
313,True,pcr6_plus,max_belief,6,3,0.0,0.6666666666666666,nan
313,True,pcr6_plus,max_plausibility,6,3,0.0,0.6666666666666666,nan
313,True,pcr6_plus,min_belief_interval_distance,6,3,0.0,0.6666666666666666,nan
314,True,dempster,betp,6,5,0.0,0.6666666666666666,0.3362511645938726
314,True,dempster,dsmp_epsilon_0.001,6,5,0.0,0.6666666666666666,0.5872069859541201
314,True,dempster,max_belief,6,5,0.0,0.6666666666666666,nan
314,True,dempster,max_plausibility,6,5,0.0,0.6666666666666666,nan
314,True,dempster,min_belief_interval_distance,6,5,0.0,0.6666666666666666,nan
314,True,pcr6,betp,6,5,0.0,0.6666666666666666,0.24140827240878426
314,True,pcr6,dsmp_epsilon_0.001,6,5,0.0,0.6666666666666666,0.580413465219672
314,True,pcr6,max_belief,6,5,0.0,0.6666666666666666,nan
314,True,pcr6,max_plausibility,6,5,0.0,0.6666666666666666,nan
314,True,pcr6,min_belief_interval_distance,6,5,0.0,0.6666666666666666,nan
314,True,pcr6_plus,betp,6,5,0.0,0.6666666666666666,0.2901352985867229
314,True,pcr6_plus,dsmp_epsilon_0.001,6,5,0.0,0.6666666666666666,0.5687051111698124
314,True,pcr6_plus,max_belief,6,5,0.0,0.6666666666666666,nan
314,True,pcr6_plus,max_plausibility,6,5,0.0,0.6666666666666666,nan
314,True,pcr6_plus,min_belief_interval_distance,6,5,0.0,0.6666666666666666,nan
315,True,dempster,betp,3,3,1.0,1.0,0.06027837046706085
315,True,dempster,dsmp_epsilon_0.001,3,3,1.0,1.0,0.15046790256448908
315,True,dempster,max_belief,3,3,1.0,1.0,nan
315,True,dempster,max_plausibility,3,3,1.0,1.0,nan
315,True,dempster,min_belief_interval_distance,3,3,1.0,1.0,nan
315,True,pcr6,betp,3,3,1.0,1.0,0.05944978971269696
315,True,pcr6,dsmp_epsilon_0.001,3,3,1.0,1.0,0.1482142578284547
315,True,pcr6,max_belief,3,3,1.0,1.0,nan
315,True,pcr6,max_plausibility,3,3,1.0,1.0,nan
315,True,pcr6,min_belief_interval_distance,3,3,1.0,1.0,nan
315,True,pcr6_plus,betp,3,3,1.0,1.0,0.060898975260875274
315,True,pcr6_plus,dsmp_epsilon_0.001,3,3,1.0,1.0,0.14545513551085604
315,True,pcr6_plus,max_belief,3,3,1.0,1.0,nan
315,True,pcr6_plus,max_plausibility,3,3,1.0,1.0,nan
315,True,pcr6_plus,min_belief_interval_distance,3,3,1.0,1.0,nan
317,True,dempster,betp,6,3,1.0,1.0,0.6145982528447989
317,True,dempster,dsmp_epsilon_0.001,6,3,1.0,1.0,0.6638398577398928
317,True,dempster,max_belief,6,3,1.0,1.0,nan
317,True,dempster,max_plausibility,6,3,1.0,1.0,nan
317,True,dempster,min_belief_interval_distance,6,3,1.0,1.0,nan
317,True,pcr6,betp,6,3,1.0,1.0,0.538799628602451
317,True,pcr6,dsmp_epsilon_0.001,6,3,1.0,1.0,0.6619941225156697
317,True,pcr6,max_belief,6,3,1.0,1.0,nan
317,True,pcr6,max_plausibility,6,3,1.0,1.0,nan
317,True,pcr6,min_belief_interval_distance,6,3,1.0,1.0,nan
317,True,pcr6_plus,betp,6,3,1.0,1.0,0.555244212293803
317,True,pcr6_plus,dsmp_epsilon_0.001,6,3,1.0,1.0,0.6594015394747628
317,True,pcr6_plus,max_belief,6,3,1.0,1.0,nan
317,True,pcr6_plus,max_plausibility,6,3,1.0,1.0,nan
317,True,pcr6_plus,min_belief_interval_distance,6,3,1.0,1.0,nan
318,True,dempster,betp,6,3,1.0,1.0,0.2335968186606692
318,True,dempster,dsmp_epsilon_0.001,6,3,1.0,1.0,0.495434270281972
318,True,dempster,max_belief,6,3,1.0,1.0,nan
318,True,dempster,max_plausibility,6,3,1.0,1.0,nan
318,True,dempster,min_belief_interval_distance,6,3,1.0,1.0,nan
318,True,pcr6,betp,6,3,1.0,1.0,0.17494981354248484
318,True,pcr6,dsmp_epsilon_0.001,6,3,1.0,1.0,0.4831737687362132
318,True,pcr6,max_belief,6,3,1.0,1.0,nan
318,True,pcr6,max_plausibility,6,3,1.0,1.0,nan
318,True,pcr6,min_belief_interval_distance,6,3,1.0,1.0,nan
318,True,pcr6_plus,betp,6,3,1.0,1.0,0.19738705455244407
318,True,pcr6_plus,dsmp_epsilon_0.001,6,3,1.0,1.0,0.4316640533286057
318,True,pcr6_plus,max_belief,6,3,1.0,1.0,nan
318,True,pcr6_plus,max_plausibility,6,3,1.0,1.0,nan
318,True,pcr6_plus,min_belief_interval_distance,6,3,1.0,1.0,nan
319,True,dempster,betp,6,3,1.0,1.0,0.0004757912302361695
319,True,dempster,dsmp_epsilon_0.001,6,3,1.0,1.0,0.03249784584542512
319,True,dempster,max_belief,6,3,1.0,1.0,nan
319,True,dempster,max_plausibility,6,3,1.0,1.0,nan
319,True,dempster,min_belief_interval_distance,6,3,1.0,1.0,nan
319,True,pcr6,betp,6,3,1.0,1.0,0.00046504701219497475
319,True,pcr6,dsmp_epsilon_0.001,6,3,1.0,1.0,0.03251579208998462
319,True,pcr6,max_belief,6,3,1.0,1.0,nan
319,True,pcr6,max_plausibility,6,3,1.0,1.0,nan
319,True,pcr6,min_belief_interval_distance,6,3,1.0,1.0,nan
319,True,pcr6_plus,betp,6,3,1.0,1.0,0.0005271308865545023
319,True,pcr6_plus,dsmp_epsilon_0.001,6,3,1.0,1.0,0.03305156469665993
319,True,pcr6_plus,max_belief,6,3,1.0,1.0,nan
319,True,pcr6_plus,max_plausibility,6,3,1.0,1.0,nan
319,True,pcr6_plus,min_belief_interval_distance,6,3,1.0,1.0,nan
320,False,dempster,betp,5,2,0.0,0.8,0.008198200096757455
320,False,dempster,dsmp_epsilon_0.001,5,2,0.0,0.8,0.25460793038442797
320,False,dempster,max_belief,5,2,0.0,0.8,nan
320,False,dempster,max_plausibility,5,2,0.0,0.8,nan
320,False,dempster,min_belief_interval_distance,5,2,0.0,0.8,nan
320,False,pcr6,betp,5,2,0.0,0.8,0.008133502209051065
320,False,pcr6,dsmp_epsilon_0.001,5,2,0.0,0.8,0.2545349343422696
320,False,pcr6,max_belief,5,2,0.0,0.8,nan
320,False,pcr6,max_plausibility,5,2,0.0,0.8,nan
320,False,pcr6,min_belief_interval_distance,5,2,0.0,0.8,nan
320,False,pcr6_plus,betp,5,2,0.0,0.8,0.008469240527755615
320,False,pcr6_plus,dsmp_epsilon_0.001,5,2,0.0,0.8,0.25228717172197024
320,False,pcr6_plus,max_belief,5,2,0.0,0.8,nan
320,False,pcr6_plus,max_plausibility,5,2,0.0,0.8,nan
320,False,pcr6_plus,min_belief_interval_distance,5,2,0.0,0.8,nan
321,True,dempster,betp,6,3,1.0,1.0,0.1296041322624168
321,True,dempster,dsmp_epsilon_0.001,6,3,1.0,1.0,0.33730587745440277
321,True,dempster,max_belief,6,3,1.0,1.0,nan
321,True,dempster,max_plausibility,6,3,1.0,1.0,nan
321,True,dempster,min_belief_interval_distance,6,3,1.0,1.0,nan
321,True,pcr6,betp,6,3,1.0,1.0,0.12141367464968733
321,True,pcr6,dsmp_epsilon_0.001,6,3,1.0,1.0,0.3368725177844468
321,True,pcr6,max_belief,6,3,1.0,1.0,nan
321,True,pcr6,max_plausibility,6,3,1.0,1.0,nan
321,True,pcr6,min_belief_interval_distance,6,3,1.0,1.0,nan
321,True,pcr6_plus,betp,6,3,1.0,1.0,0.1307194582068516
321,True,pcr6_plus,dsmp_epsilon_0.001,6,3,1.0,1.0,0.3347583629896508
321,True,pcr6_plus,max_belief,6,3,1.0,1.0,nan
321,True,pcr6_plus,max_plausibility,6,3,1.0,1.0,nan
321,True,pcr6_plus,min_belief_interval_distance,6,3,1.0,1.0,nan
322,True,dempster,betp,6,3,0.0,0.6666666666666666,0.2728212153469629
322,True,dempster,dsmp_epsilon_0.001,6,3,0.0,0.6666666666666666,0.3070393543657846
322,True,dempster,max_belief,6,3,0.0,0.6666666666666666,nan
322,True,dempster,max_plausibility,6,3,0.0,0.6666666666666666,nan
322,True,dempster,min_belief_interval_distance,6,3,0.0,0.6666666666666666,nan
322,True,pcr6,betp,6,3,0.0,0.6666666666666666,0.12464324638930707
322,True,pcr6,dsmp_epsilon_0.001,6,3,0.0,0.6666666666666666,0.29990177040699306
322,True,pcr6,max_belief,6,3,0.0,0.6666666666666666,nan
322,True,pcr6,max_plausibility,6,3,0.0,0.6666666666666666,nan
322,True,pcr6,min_belief_interval_distance,6,3,0.0,0.6666666666666666,nan
322,True,pcr6_plus,betp,6,3,0.0,0.6666666666666666,0.19376426066403515
322,True,pcr6_plus,dsmp_epsilon_0.001,6,3,0.0,0.6666666666666666,0.23611511621120565
322,True,pcr6_plus,max_belief,6,3,0.0,0.6666666666666666,nan
322,True,pcr6_plus,max_plausibility,6,3,0.0,0.6666666666666666,nan
322,True,pcr6_plus,min_belief_interval_distance,6,3,0.0,0.6666666666666666,nan
323,True,dempster,betp,6,4,1.0,1.0,0.08930725776115499
323,True,dempster,dsmp_epsilon_0.001,6,4,0.0,0.6666666666666666,0.38568367973609924
323,True,dempster,max_belief,6,4,0.0,0.6666666666666666,nan
323,True,dempster,max_plausibility,6,4,1.0,1.0,nan
323,True,dempster,min_belief_interval_distance,6,4,1.0,1.0,nan
323,True,pcr6,betp,6,4,1.0,1.0,0.0850376487352308
323,True,pcr6,dsmp_epsilon_0.001,6,4,0.0,0.6666666666666666,0.3855022888486022
323,True,pcr6,max_belief,6,4,0.0,0.6666666666666666,nan
323,True,pcr6,max_plausibility,6,4,1.0,1.0,nan
323,True,pcr6,min_belief_interval_distance,6,4,1.0,1.0,nan
323,True,pcr6_plus,betp,6,4,1.0,1.0,0.09487887207716468
323,True,pcr6_plus,dsmp_epsilon_0.001,6,4,0.0,0.6666666666666666,0.3803125853166846
323,True,pcr6_plus,max_belief,6,4,0.0,0.6666666666666666,nan
323,True,pcr6_plus,max_plausibility,6,4,1.0,1.0,nan
323,True,pcr6_plus,min_belief_interval_distance,6,4,1.0,1.0,nan
324,True,dempster,betp,4,4,0.0,0.6666666666666666,0.26064684358874285
324,True,dempster,dsmp_epsilon_0.001,4,4,0.0,0.6666666666666666,1.0071773807984385
324,True,dempster,max_belief,4,4,0.0,0.6666666666666666,nan
324,True,dempster,max_plausibility,4,4,0.0,0.6666666666666666,nan
324,True,dempster,min_belief_interval_distance,4,4,0.0,0.6666666666666666,nan
324,True,pcr6,betp,4,4,0.0,0.6666666666666666,0.2516784111454171
324,True,pcr6,dsmp_epsilon_0.001,4,4,0.0,0.6666666666666666,1.004610107773359
324,True,pcr6,max_belief,4,4,0.0,0.6666666666666666,nan
324,True,pcr6,max_plausibility,4,4,0.0,0.6666666666666666,nan
324,True,pcr6,min_belief_interval_distance,4,4,0.0,0.6666666666666666,nan
324,True,pcr6_plus,betp,4,4,0.0,0.6666666666666666,0.2690790165439516
324,True,pcr6_plus,dsmp_epsilon_0.001,4,4,0.0,0.6666666666666666,1.0047836433054151
324,True,pcr6_plus,max_belief,4,4,0.0,0.6666666666666666,nan
324,True,pcr6_plus,max_plausibility,4,4,0.0,0.6666666666666666,nan
324,True,pcr6_plus,min_belief_interval_distance,4,4,0.0,0.6666666666666666,nan
325,True,dempster,betp,4,4,1.0,1.0,0.08712743901897751
325,True,dempster,dsmp_epsilon_0.001,4,4,1.0,1.0,0.4546380856250575
325,True,dempster,max_belief,4,4,1.0,1.0,nan
325,True,dempster,max_plausibility,4,4,1.0,1.0,nan
325,True,dempster,min_belief_interval_distance,4,4,1.0,1.0,nan
325,True,pcr6,betp,4,4,1.0,1.0,0.08437347691942108
325,True,pcr6,dsmp_epsilon_0.001,4,4,1.0,1.0,0.4541378643372607
325,True,pcr6,max_belief,4,4,1.0,1.0,nan
325,True,pcr6,max_plausibility,4,4,1.0,1.0,nan
325,True,pcr6,min_belief_interval_distance,4,4,1.0,1.0,nan
325,True,pcr6_plus,betp,4,4,1.0,1.0,0.09092421809326305
325,True,pcr6_plus,dsmp_epsilon_0.001,4,4,1.0,1.0,0.4516733059594932
325,True,pcr6_plus,max_belief,4,4,1.0,1.0,nan
325,True,pcr6_plus,max_plausibility,4,4,1.0,1.0,nan
325,True,pcr6_plus,min_belief_interval_distance,4,4,1.0,1.0,nan
326,True,dempster,betp,3,3,1.0,1.0,0.2223414948906057
326,True,dempster,dsmp_epsilon_0.001,3,3,1.0,1.0,0.6630579858727845
326,True,dempster,max_belief,3,3,1.0,1.0,nan
326,True,dempster,max_plausibility,3,3,1.0,1.0,nan
326,True,dempster,min_belief_interval_distance,3,3,1.0,1.0,nan
326,True,pcr6,betp,3,3,1.0,1.0,0.2223414948906057
326,True,pcr6,dsmp_epsilon_0.001,3,3,1.0,1.0,0.6630579858727845
326,True,pcr6,max_belief,3,3,1.0,1.0,nan
326,True,pcr6,max_plausibility,3,3,1.0,1.0,nan
326,True,pcr6,min_belief_interval_distance,3,3,1.0,1.0,nan
326,True,pcr6_plus,betp,3,3,1.0,1.0,0.2223414948906057
326,True,pcr6_plus,dsmp_epsilon_0.001,3,3,1.0,1.0,0.6630579858727845
326,True,pcr6_plus,max_belief,3,3,1.0,1.0,nan
326,True,pcr6_plus,max_plausibility,3,3,1.0,1.0,nan
326,True,pcr6_plus,min_belief_interval_distance,3,3,1.0,1.0,nan
327,True,dempster,betp,6,3,1.0,1.0,0.15282566214303422
327,True,dempster,dsmp_epsilon_0.001,6,3,1.0,1.0,0.19454947829387564
327,True,dempster,max_belief,6,3,1.0,1.0,nan
327,True,dempster,max_plausibility,6,3,1.0,1.0,nan
327,True,dempster,min_belief_interval_distance,6,3,1.0,1.0,nan
327,True,pcr6,betp,6,3,1.0,1.0,0.08451439975709579
327,True,pcr6,dsmp_epsilon_0.001,6,3,1.0,1.0,0.1611683408696462
327,True,pcr6,max_belief,6,3,1.0,1.0,nan
327,True,pcr6,max_plausibility,6,3,1.0,1.0,nan
327,True,pcr6,min_belief_interval_distance,6,3,1.0,1.0,nan
327,True,pcr6_plus,betp,6,3,1.0,1.0,0.10517738766607926
327,True,pcr6_plus,dsmp_epsilon_0.001,6,3,1.0,1.0,0.14189516525689383
327,True,pcr6_plus,max_belief,6,3,1.0,1.0,nan
327,True,pcr6_plus,max_plausibility,6,3,1.0,1.0,nan
327,True,pcr6_plus,min_belief_interval_distance,6,3,1.0,1.0,nan
328,True,dempster,betp,6,4,0.0,0.6666666666666666,0.4089788779455278
328,True,dempster,dsmp_epsilon_0.001,6,4,0.0,0.6666666666666666,0.5372654447393828
328,True,dempster,max_belief,6,4,0.0,0.6666666666666666,nan
328,True,dempster,max_plausibility,6,4,0.0,0.6666666666666666,nan
328,True,dempster,min_belief_interval_distance,6,4,0.0,0.6666666666666666,nan
328,True,pcr6,betp,6,4,0.0,0.6666666666666666,0.08198020559213831
328,True,pcr6,dsmp_epsilon_0.001,6,4,0.0,0.6666666666666666,0.4330043872176965
328,True,pcr6,max_belief,6,4,0.0,0.6666666666666666,nan
328,True,pcr6,max_plausibility,6,4,0.0,0.6666666666666666,nan
328,True,pcr6,min_belief_interval_distance,6,4,0.0,0.6666666666666666,nan
328,True,pcr6_plus,betp,6,4,0.0,0.6666666666666666,0.11850443581482847
328,True,pcr6_plus,dsmp_epsilon_0.001,6,4,0.0,0.6666666666666666,0.36363593295039415
328,True,pcr6_plus,max_belief,6,4,0.0,0.6666666666666666,nan
328,True,pcr6_plus,max_plausibility,6,4,0.0,0.6666666666666666,nan
328,True,pcr6_plus,min_belief_interval_distance,6,4,0.0,0.6666666666666666,nan
329,True,dempster,betp,6,5,0.0,0.3333333333333333,0.5900329838891054
329,True,dempster,dsmp_epsilon_0.001,6,5,0.0,0.6666666666666666,1.0215512206740873
329,True,dempster,max_belief,6,5,0.0,0.3333333333333333,nan
329,True,dempster,max_plausibility,6,5,0.0,0.6666666666666666,nan
329,True,dempster,min_belief_interval_distance,6,5,0.0,0.3333333333333333,nan
329,True,pcr6,betp,6,5,0.0,0.3333333333333333,0.5304935622194068
329,True,pcr6,dsmp_epsilon_0.001,6,5,0.0,0.3333333333333333,1.0209841089468055
329,True,pcr6,max_belief,6,5,0.0,0.3333333333333333,nan
329,True,pcr6,max_plausibility,6,5,0.0,0.6666666666666666,nan
329,True,pcr6,min_belief_interval_distance,6,5,0.0,0.3333333333333333,nan
329,True,pcr6_plus,betp,6,5,0.0,0.6666666666666666,0.5913950665125798
329,True,pcr6_plus,dsmp_epsilon_0.001,6,5,0.0,0.6666666666666666,1.029306430869581
329,True,pcr6_plus,max_belief,6,5,0.0,0.3333333333333333,nan
329,True,pcr6_plus,max_plausibility,6,5,0.0,0.6666666666666666,nan
329,True,pcr6_plus,min_belief_interval_distance,6,5,0.0,0.6666666666666666,nan
330,True,dempster,betp,3,3,1.0,1.0,0.15512025357240347
330,True,dempster,dsmp_epsilon_0.001,3,3,1.0,1.0,0.49443871042458004
330,True,dempster,max_belief,3,3,1.0,1.0,nan
330,True,dempster,max_plausibility,3,3,1.0,1.0,nan
330,True,dempster,min_belief_interval_distance,3,3,1.0,1.0,nan
330,True,pcr6,betp,3,3,1.0,1.0,0.15504628365336426
330,True,pcr6,dsmp_epsilon_0.001,3,3,1.0,1.0,0.49444569153013196
330,True,pcr6,max_belief,3,3,1.0,1.0,nan
330,True,pcr6,max_plausibility,3,3,1.0,1.0,nan
330,True,pcr6,min_belief_interval_distance,3,3,1.0,1.0,nan
330,True,pcr6_plus,betp,3,3,1.0,1.0,0.15515123322927965
330,True,pcr6_plus,dsmp_epsilon_0.001,3,3,1.0,1.0,0.49465902733577927
330,True,pcr6_plus,max_belief,3,3,1.0,1.0,nan
330,True,pcr6_plus,max_plausibility,3,3,1.0,1.0,nan
330,True,pcr6_plus,min_belief_interval_distance,3,3,1.0,1.0,nan
331,True,dempster,betp,6,4,1.0,1.0,0.4490666725974122
331,True,dempster,dsmp_epsilon_0.001,6,4,1.0,1.0,0.5020314890954158
331,True,dempster,max_belief,6,4,1.0,1.0,nan
331,True,dempster,max_plausibility,6,4,1.0,1.0,nan
331,True,dempster,min_belief_interval_distance,6,4,1.0,1.0,nan
331,True,pcr6,betp,6,4,1.0,1.0,0.058209400833025594
331,True,pcr6,dsmp_epsilon_0.001,6,4,1.0,1.0,0.14732212709026976
331,True,pcr6,max_belief,6,4,1.0,1.0,nan
331,True,pcr6,max_plausibility,6,4,1.0,1.0,nan
331,True,pcr6,min_belief_interval_distance,6,4,1.0,1.0,nan
331,True,pcr6_plus,betp,6,4,1.0,1.0,0.05081553389964508
331,True,pcr6_plus,dsmp_epsilon_0.001,6,4,1.0,1.0,0.19672272891689221
331,True,pcr6_plus,max_belief,6,4,1.0,1.0,nan
331,True,pcr6_plus,max_plausibility,6,4,1.0,1.0,nan
331,True,pcr6_plus,min_belief_interval_distance,6,4,1.0,1.0,nan
332,True,dempster,betp,6,3,1.0,1.0,0.025676703008318872
332,True,dempster,dsmp_epsilon_0.001,6,3,1.0,1.0,0.028081792245008008
332,True,dempster,max_belief,6,3,1.0,1.0,nan
332,True,dempster,max_plausibility,6,3,1.0,1.0,nan
332,True,dempster,min_belief_interval_distance,6,3,1.0,1.0,nan
332,True,pcr6,betp,6,3,1.0,1.0,0.0010170856473414429
332,True,pcr6,dsmp_epsilon_0.001,6,3,1.0,1.0,0.02266983006854152
332,True,pcr6,max_belief,6,3,1.0,1.0,nan
332,True,pcr6,max_plausibility,6,3,1.0,1.0,nan
332,True,pcr6,min_belief_interval_distance,6,3,1.0,1.0,nan
332,True,pcr6_plus,betp,6,3,1.0,1.0,0.0016076335523310128
332,True,pcr6_plus,dsmp_epsilon_0.001,6,3,1.0,1.0,0.019488370053066858
332,True,pcr6_plus,max_belief,6,3,1.0,1.0,nan
332,True,pcr6_plus,max_plausibility,6,3,1.0,1.0,nan
332,True,pcr6_plus,min_belief_interval_distance,6,3,1.0,1.0,nan
333,True,dempster,betp,6,3,1.0,1.0,0.6215237008650083
333,True,dempster,dsmp_epsilon_0.001,6,3,1.0,1.0,0.6511757453704314
333,True,dempster,max_belief,6,3,1.0,1.0,nan
333,True,dempster,max_plausibility,6,3,1.0,1.0,nan
333,True,dempster,min_belief_interval_distance,6,3,1.0,1.0,nan
333,True,pcr6,betp,6,3,1.0,1.0,0.23941512427823577
333,True,pcr6,dsmp_epsilon_0.001,6,3,1.0,1.0,0.5321499625156352
333,True,pcr6,max_belief,6,3,1.0,1.0,nan
333,True,pcr6,max_plausibility,6,3,1.0,1.0,nan
333,True,pcr6,min_belief_interval_distance,6,3,1.0,1.0,nan
333,True,pcr6_plus,betp,6,3,1.0,1.0,0.3534727335149637
333,True,pcr6_plus,dsmp_epsilon_0.001,6,3,1.0,1.0,0.485384339021379
333,True,pcr6_plus,max_belief,6,3,1.0,1.0,nan
333,True,pcr6_plus,max_plausibility,6,3,1.0,1.0,nan
333,True,pcr6_plus,min_belief_interval_distance,6,3,1.0,1.0,nan
334,True,dempster,betp,5,4,0.0,0.6666666666666666,0.08872800664464547
334,True,dempster,dsmp_epsilon_0.001,5,4,0.0,0.6666666666666666,0.2057165424681574
334,True,dempster,max_belief,5,4,0.0,0.6666666666666666,nan
334,True,dempster,max_plausibility,5,4,0.0,0.6666666666666666,nan
334,True,dempster,min_belief_interval_distance,5,4,0.0,0.6666666666666666,nan
334,True,pcr6,betp,5,4,0.0,0.6666666666666666,0.0886292586007773
334,True,pcr6,dsmp_epsilon_0.001,5,4,0.0,0.6666666666666666,0.2058072608095658
334,True,pcr6,max_belief,5,4,0.0,0.6666666666666666,nan
334,True,pcr6,max_plausibility,5,4,0.0,0.6666666666666666,nan
334,True,pcr6,min_belief_interval_distance,5,4,0.0,0.6666666666666666,nan
334,True,pcr6_plus,betp,5,4,0.0,0.6666666666666666,0.08983117051638657
334,True,pcr6_plus,dsmp_epsilon_0.001,5,4,0.0,0.6666666666666666,0.2092000554834226
334,True,pcr6_plus,max_belief,5,4,0.0,0.6666666666666666,nan
334,True,pcr6_plus,max_plausibility,5,4,0.0,0.6666666666666666,nan
334,True,pcr6_plus,min_belief_interval_distance,5,4,0.0,0.6666666666666666,nan
335,True,dempster,betp,6,3,1.0,1.0,0.6068862185417812
335,True,dempster,dsmp_epsilon_0.001,6,3,1.0,1.0,0.6085984773742962
335,True,dempster,max_belief,6,3,1.0,1.0,nan
335,True,dempster,max_plausibility,6,3,1.0,1.0,nan
335,True,dempster,min_belief_interval_distance,6,3,1.0,1.0,nan
335,True,pcr6,betp,6,3,1.0,1.0,0.03539364692319074
335,True,pcr6,dsmp_epsilon_0.001,6,3,1.0,1.0,0.3326660219174187
335,True,pcr6,max_belief,6,3,1.0,1.0,nan
335,True,pcr6,max_plausibility,6,3,1.0,1.0,nan
335,True,pcr6,min_belief_interval_distance,6,3,1.0,1.0,nan
335,True,pcr6_plus,betp,6,3,1.0,1.0,0.03566625565179288
335,True,pcr6_plus,dsmp_epsilon_0.001,6,3,1.0,1.0,0.3319788866985588
335,True,pcr6_plus,max_belief,6,3,1.0,1.0,nan
335,True,pcr6_plus,max_plausibility,6,3,1.0,1.0,nan
335,True,pcr6_plus,min_belief_interval_distance,6,3,1.0,1.0,nan
336,False,dempster,betp,6,2,0.0,0.8,0.35566698892000204
336,False,dempster,dsmp_epsilon_0.001,6,2,0.0,0.8,0.3627798230309698
336,False,dempster,max_belief,6,2,0.0,0.8,nan
336,False,dempster,max_plausibility,6,2,0.0,0.8,nan
336,False,dempster,min_belief_interval_distance,6,2,0.0,0.8,nan
336,False,pcr6,betp,6,2,0.0,0.8,0.0345821909063973
336,False,pcr6,dsmp_epsilon_0.001,6,2,0.0,0.8,0.09015893615110317
336,False,pcr6,max_belief,6,2,0.0,0.8,nan
336,False,pcr6,max_plausibility,6,2,0.0,0.8,nan
336,False,pcr6,min_belief_interval_distance,6,2,0.0,0.8,nan
336,False,pcr6_plus,betp,6,2,0.0,0.8,0.06881451759567991
336,False,pcr6_plus,dsmp_epsilon_0.001,6,2,0.0,0.8,0.06898838728425732
336,False,pcr6_plus,max_belief,6,2,0.0,0.8,nan
336,False,pcr6_plus,max_plausibility,6,2,0.0,0.8,nan
336,False,pcr6_plus,min_belief_interval_distance,6,2,0.0,0.8,nan
337,False,dempster,betp,6,2,0.0,0.8,0.05233313555344091
337,False,dempster,dsmp_epsilon_0.001,6,2,0.0,0.8,0.2223750192596607
337,False,dempster,max_belief,6,2,0.0,0.8,nan
337,False,dempster,max_plausibility,6,2,0.0,0.8,nan
337,False,dempster,min_belief_interval_distance,6,2,0.0,0.8,nan
337,False,pcr6,betp,6,2,0.0,0.8,0.04788687222080282
337,False,pcr6,dsmp_epsilon_0.001,6,2,0.0,0.8,0.2234019476872105
337,False,pcr6,max_belief,6,2,0.0,0.8,nan
337,False,pcr6,max_plausibility,6,2,0.0,0.8,nan
337,False,pcr6,min_belief_interval_distance,6,2,0.0,0.8,nan
337,False,pcr6_plus,betp,6,2,0.0,0.8,0.06112242898125707
337,False,pcr6_plus,dsmp_epsilon_0.001,6,2,0.0,0.8,0.2299577613412733
337,False,pcr6_plus,max_belief,6,2,0.0,0.8,nan
337,False,pcr6_plus,max_plausibility,6,2,0.0,0.8,nan
337,False,pcr6_plus,min_belief_interval_distance,6,2,0.0,0.8,nan
338,True,dempster,betp,6,4,0.0,0.3333333333333333,0.5986677649049646
338,True,dempster,dsmp_epsilon_0.001,6,4,0.0,0.3333333333333333,0.6099663278958105
338,True,dempster,max_belief,6,4,0.0,0.3333333333333333,nan
338,True,dempster,max_plausibility,6,4,0.0,0.3333333333333333,nan
338,True,dempster,min_belief_interval_distance,6,4,0.0,0.3333333333333333,nan
338,True,pcr6,betp,6,4,0.0,0.3333333333333333,0.3255734882834611
338,True,pcr6,dsmp_epsilon_0.001,6,4,0.0,0.6666666666666666,0.5601308988443973
338,True,pcr6,max_belief,6,4,0.0,0.6666666666666666,nan
338,True,pcr6,max_plausibility,6,4,0.0,0.3333333333333333,nan
338,True,pcr6,min_belief_interval_distance,6,4,0.0,0.3333333333333333,nan
338,True,pcr6_plus,betp,6,4,0.0,0.3333333333333333,0.3823648460468019
338,True,pcr6_plus,dsmp_epsilon_0.001,6,4,0.0,0.6666666666666666,0.5694690653847349
338,True,pcr6_plus,max_belief,6,4,0.0,0.6666666666666666,nan
338,True,pcr6_plus,max_plausibility,6,4,0.0,0.3333333333333333,nan
338,True,pcr6_plus,min_belief_interval_distance,6,4,0.0,0.3333333333333333,nan
339,True,dempster,betp,6,3,1.0,1.0,0.019301176263830756
339,True,dempster,dsmp_epsilon_0.001,6,3,1.0,1.0,0.21760125497719107
339,True,dempster,max_belief,6,3,1.0,1.0,nan
339,True,dempster,max_plausibility,6,3,1.0,1.0,nan
339,True,dempster,min_belief_interval_distance,6,3,1.0,1.0,nan
339,True,pcr6,betp,6,3,1.0,1.0,0.018289330788599577
339,True,pcr6,dsmp_epsilon_0.001,6,3,1.0,1.0,0.2189419414671459
339,True,pcr6,max_belief,6,3,1.0,1.0,nan
339,True,pcr6,max_plausibility,6,3,1.0,1.0,nan
339,True,pcr6,min_belief_interval_distance,6,3,1.0,1.0,nan
339,True,pcr6_plus,betp,6,3,1.0,1.0,0.022442160546003058
339,True,pcr6_plus,dsmp_epsilon_0.001,6,3,1.0,1.0,0.22594054195142155
339,True,pcr6_plus,max_belief,6,3,1.0,1.0,nan
339,True,pcr6_plus,max_plausibility,6,3,1.0,1.0,nan
339,True,pcr6_plus,min_belief_interval_distance,6,3,1.0,1.0,nan
340,True,dempster,betp,6,3,1.0,1.0,0.06527237920259724
340,True,dempster,dsmp_epsilon_0.001,6,3,1.0,1.0,0.09557143646874122
340,True,dempster,max_belief,6,3,1.0,1.0,nan
340,True,dempster,max_plausibility,6,3,1.0,1.0,nan
340,True,dempster,min_belief_interval_distance,6,3,1.0,1.0,nan
340,True,pcr6,betp,6,3,1.0,1.0,0.024363731560045097
340,True,pcr6,dsmp_epsilon_0.001,6,3,1.0,1.0,0.25413917185351054
340,True,pcr6,max_belief,6,3,1.0,1.0,nan
340,True,pcr6,max_plausibility,6,3,1.0,1.0,nan
340,True,pcr6,min_belief_interval_distance,6,3,1.0,1.0,nan
340,True,pcr6_plus,betp,6,3,1.0,1.0,0.08868922725903117
340,True,pcr6_plus,dsmp_epsilon_0.001,6,3,1.0,1.0,0.11204742472979759
340,True,pcr6_plus,max_belief,6,3,1.0,1.0,nan
340,True,pcr6_plus,max_plausibility,6,3,1.0,1.0,nan
340,True,pcr6_plus,min_belief_interval_distance,6,3,1.0,1.0,nan
341,True,dempster,betp,6,3,1.0,1.0,0.3274489032117465
341,True,dempster,dsmp_epsilon_0.001,6,3,1.0,1.0,0.5867667632603848
341,True,dempster,max_belief,6,3,1.0,1.0,nan
341,True,dempster,max_plausibility,6,3,1.0,1.0,nan
341,True,dempster,min_belief_interval_distance,6,3,1.0,1.0,nan
341,True,pcr6,betp,6,3,1.0,1.0,0.2883152121526248
341,True,pcr6,dsmp_epsilon_0.001,6,3,1.0,1.0,0.5858172029085338
341,True,pcr6,max_belief,6,3,1.0,1.0,nan
341,True,pcr6,max_plausibility,6,3,1.0,1.0,nan
341,True,pcr6,min_belief_interval_distance,6,3,1.0,1.0,nan
341,True,pcr6_plus,betp,6,3,1.0,1.0,0.32443581407651295
341,True,pcr6_plus,dsmp_epsilon_0.001,6,3,1.0,1.0,0.5814099813399602
341,True,pcr6_plus,max_belief,6,3,1.0,1.0,nan
341,True,pcr6_plus,max_plausibility,6,3,1.0,1.0,nan
341,True,pcr6_plus,min_belief_interval_distance,6,3,1.0,1.0,nan
342,True,dempster,betp,6,3,0.0,0.6666666666666666,0.23850896329189866
342,True,dempster,dsmp_epsilon_0.001,6,3,0.0,0.6666666666666666,0.2223503570955798
342,True,dempster,max_belief,6,3,0.0,0.6666666666666666,nan
342,True,dempster,max_plausibility,6,3,0.0,0.6666666666666666,nan
342,True,dempster,min_belief_interval_distance,6,3,0.0,0.6666666666666666,nan
342,True,pcr6,betp,6,3,0.0,0.6666666666666666,0.15662402212224463
342,True,pcr6,dsmp_epsilon_0.001,6,3,0.0,0.6666666666666666,0.08882230472845605
342,True,pcr6,max_belief,6,3,0.0,0.6666666666666666,nan
342,True,pcr6,max_plausibility,6,3,0.0,0.6666666666666666,nan
342,True,pcr6,min_belief_interval_distance,6,3,0.0,0.6666666666666666,nan
342,True,pcr6_plus,betp,6,3,0.0,0.6666666666666666,0.12658973801016088
342,True,pcr6_plus,dsmp_epsilon_0.001,6,3,0.0,0.6666666666666666,0.06906107807012876
342,True,pcr6_plus,max_belief,6,3,0.0,0.6666666666666666,nan
342,True,pcr6_plus,max_plausibility,6,3,0.0,0.6666666666666666,nan
342,True,pcr6_plus,min_belief_interval_distance,6,3,0.0,0.6666666666666666,nan
343,True,dempster,betp,6,3,1.0,1.0,0.5597171407322806
343,True,dempster,dsmp_epsilon_0.001,6,3,1.0,1.0,0.6545517236968691
343,True,dempster,max_belief,6,3,1.0,1.0,nan
343,True,dempster,max_plausibility,6,3,1.0,1.0,nan
343,True,dempster,min_belief_interval_distance,6,3,1.0,1.0,nan
343,True,pcr6,betp,6,3,1.0,1.0,0.5210834205767427
343,True,pcr6,dsmp_epsilon_0.001,6,3,1.0,1.0,0.6532720486953013
343,True,pcr6,max_belief,6,3,1.0,1.0,nan
343,True,pcr6,max_plausibility,6,3,1.0,1.0,nan
343,True,pcr6,min_belief_interval_distance,6,3,1.0,1.0,nan
343,True,pcr6_plus,betp,6,3,1.0,1.0,0.5228135793950127
343,True,pcr6_plus,dsmp_epsilon_0.001,6,3,1.0,1.0,0.6526328543016766
343,True,pcr6_plus,max_belief,6,3,1.0,1.0,nan
343,True,pcr6_plus,max_plausibility,6,3,1.0,1.0,nan
343,True,pcr6_plus,min_belief_interval_distance,6,3,1.0,1.0,nan
344,False,dempster,betp,3,2,0.0,0.8,7.378331225479697e-05
344,False,dempster,dsmp_epsilon_0.001,3,2,0.0,0.8,0.01903700461614871
344,False,dempster,max_belief,3,2,0.0,0.8,nan
344,False,dempster,max_plausibility,3,2,0.0,0.8,nan
344,False,dempster,min_belief_interval_distance,3,2,0.0,0.8,nan
344,False,pcr6,betp,3,2,0.0,0.8,7.360143006636532e-05
344,False,pcr6,dsmp_epsilon_0.001,3,2,0.0,0.8,0.018994900705742078
344,False,pcr6,max_belief,3,2,0.0,0.8,nan
344,False,pcr6,max_plausibility,3,2,0.0,0.8,nan
344,False,pcr6,min_belief_interval_distance,3,2,0.0,0.8,nan
344,False,pcr6_plus,betp,3,2,0.0,0.8,7.211548466683651e-05
344,False,pcr6_plus,dsmp_epsilon_0.001,3,2,0.0,0.8,0.018096199276542532
344,False,pcr6_plus,max_belief,3,2,0.0,0.8,nan
344,False,pcr6_plus,max_plausibility,3,2,0.0,0.8,nan
344,False,pcr6_plus,min_belief_interval_distance,3,2,0.0,0.8,nan
345,True,dempster,betp,6,4,0.0,0.3333333333333333,0.3398247780595318
345,True,dempster,dsmp_epsilon_0.001,6,4,0.0,0.3333333333333333,0.3837487582966402
345,True,dempster,max_belief,6,4,0.0,0.3333333333333333,nan
345,True,dempster,max_plausibility,6,4,0.0,0.3333333333333333,nan
345,True,dempster,min_belief_interval_distance,6,4,0.0,0.3333333333333333,nan
345,True,pcr6,betp,6,4,0.0,0.3333333333333333,0.2743999716290776
345,True,pcr6,dsmp_epsilon_0.001,6,4,0.0,0.3333333333333333,0.3864148477448479
345,True,pcr6,max_belief,6,4,0.0,0.3333333333333333,nan
345,True,pcr6,max_plausibility,6,4,0.0,0.3333333333333333,nan
345,True,pcr6,min_belief_interval_distance,6,4,0.0,0.3333333333333333,nan
345,True,pcr6_plus,betp,6,4,0.0,0.3333333333333333,0.3426862493014712
345,True,pcr6_plus,dsmp_epsilon_0.001,6,4,0.0,0.3333333333333333,0.40931462896676296
345,True,pcr6_plus,max_belief,6,4,0.0,0.3333333333333333,nan
345,True,pcr6_plus,max_plausibility,6,4,0.0,0.3333333333333333,nan
345,True,pcr6_plus,min_belief_interval_distance,6,4,0.0,0.3333333333333333,nan
346,True,dempster,betp,6,4,0.0,0.6666666666666666,0.4247526674438413
346,True,dempster,dsmp_epsilon_0.001,6,4,1.0,1.0,0.6182852461035544
346,True,dempster,max_belief,6,4,1.0,1.0,nan
346,True,dempster,max_plausibility,6,4,0.0,0.6666666666666666,nan
346,True,dempster,min_belief_interval_distance,6,4,0.0,0.6666666666666666,nan
346,True,pcr6,betp,6,4,0.0,0.6666666666666666,0.3082209663126102
346,True,pcr6,dsmp_epsilon_0.001,6,4,1.0,1.0,0.6087394826152656
346,True,pcr6,max_belief,6,4,1.0,1.0,nan
346,True,pcr6,max_plausibility,6,4,0.0,0.6666666666666666,nan
346,True,pcr6,min_belief_interval_distance,6,4,0.0,0.6666666666666666,nan
346,True,pcr6_plus,betp,6,4,0.0,0.6666666666666666,0.36001984808843057
346,True,pcr6_plus,dsmp_epsilon_0.001,6,4,1.0,1.0,0.5851548044472556
346,True,pcr6_plus,max_belief,6,4,1.0,1.0,nan
346,True,pcr6_plus,max_plausibility,6,4,0.0,0.6666666666666666,nan
346,True,pcr6_plus,min_belief_interval_distance,6,4,0.0,0.6666666666666666,nan
347,True,dempster,betp,3,3,1.0,1.0,0.08346950016372366
347,True,dempster,dsmp_epsilon_0.001,3,3,1.0,1.0,0.4687036086743273
347,True,dempster,max_belief,3,3,1.0,1.0,nan
347,True,dempster,max_plausibility,3,3,1.0,1.0,nan
347,True,dempster,min_belief_interval_distance,3,3,1.0,1.0,nan
347,True,pcr6,betp,3,3,1.0,1.0,0.08175753266975934
347,True,pcr6,dsmp_epsilon_0.001,3,3,1.0,1.0,0.47059548564791853
347,True,pcr6,max_belief,3,3,1.0,1.0,nan
347,True,pcr6,max_plausibility,3,3,1.0,1.0,nan
347,True,pcr6,min_belief_interval_distance,3,3,1.0,1.0,nan
347,True,pcr6_plus,betp,3,3,1.0,1.0,0.09266082852366868
347,True,pcr6_plus,dsmp_epsilon_0.001,3,3,1.0,1.0,0.4701828950265879
347,True,pcr6_plus,max_belief,3,3,1.0,1.0,nan
347,True,pcr6_plus,max_plausibility,3,3,1.0,1.0,nan
347,True,pcr6_plus,min_belief_interval_distance,3,3,1.0,1.0,nan
348,True,dempster,betp,6,3,1.0,1.0,0.022949778502579645
348,True,dempster,dsmp_epsilon_0.001,6,3,1.0,1.0,0.15792919539262312
348,True,dempster,max_belief,6,3,1.0,1.0,nan
348,True,dempster,max_plausibility,6,3,1.0,1.0,nan
348,True,dempster,min_belief_interval_distance,6,3,1.0,1.0,nan
348,True,pcr6,betp,6,3,1.0,1.0,0.020841081024949987
348,True,pcr6,dsmp_epsilon_0.001,6,3,1.0,1.0,0.16030778934441975
348,True,pcr6,max_belief,6,3,1.0,1.0,nan
348,True,pcr6,max_plausibility,6,3,1.0,1.0,nan
348,True,pcr6,min_belief_interval_distance,6,3,1.0,1.0,nan
348,True,pcr6_plus,betp,6,3,1.0,1.0,0.03178960515257256
348,True,pcr6_plus,dsmp_epsilon_0.001,6,3,1.0,1.0,0.1768654896354788
348,True,pcr6_plus,max_belief,6,3,1.0,1.0,nan
348,True,pcr6_plus,max_plausibility,6,3,1.0,1.0,nan
348,True,pcr6_plus,min_belief_interval_distance,6,3,1.0,1.0,nan
349,True,dempster,betp,6,4,0.0,0.6666666666666666,0.3641006712140193
349,True,dempster,dsmp_epsilon_0.001,6,4,0.0,0.6666666666666666,0.3848845640893291
349,True,dempster,max_belief,6,4,0.0,0.6666666666666666,nan
349,True,dempster,max_plausibility,6,4,0.0,0.6666666666666666,nan
349,True,dempster,min_belief_interval_distance,6,4,0.0,0.6666666666666666,nan
349,True,pcr6,betp,6,4,0.0,0.6666666666666666,0.08127986307697141
349,True,pcr6,dsmp_epsilon_0.001,6,4,1.0,1.0,0.19981037545740607
349,True,pcr6,max_belief,6,4,1.0,1.0,nan
349,True,pcr6,max_plausibility,6,4,0.0,0.6666666666666666,nan
349,True,pcr6,min_belief_interval_distance,6,4,0.0,0.6666666666666666,nan
349,True,pcr6_plus,betp,6,4,0.0,0.6666666666666666,0.0877766452307969
349,True,pcr6_plus,dsmp_epsilon_0.001,6,4,1.0,1.0,0.17372597055253433
349,True,pcr6_plus,max_belief,6,4,1.0,1.0,nan
349,True,pcr6_plus,max_plausibility,6,4,0.0,0.6666666666666666,nan
349,True,pcr6_plus,min_belief_interval_distance,6,4,0.0,0.6666666666666666,nan
350,True,dempster,betp,5,4,0.0,0.6666666666666666,1.20597221341089
350,True,dempster,dsmp_epsilon_0.001,5,4,0.0,0.6666666666666666,1.316937010132576
350,True,dempster,max_belief,5,4,0.0,0.6666666666666666,nan
350,True,dempster,max_plausibility,5,4,0.0,0.6666666666666666,nan
350,True,dempster,min_belief_interval_distance,5,4,0.0,0.6666666666666666,nan
350,True,pcr6,betp,5,4,0.0,0.6666666666666666,1.023411095043437
350,True,pcr6,dsmp_epsilon_0.001,5,4,0.0,0.6666666666666666,1.312736096567059
350,True,pcr6,max_belief,5,4,0.0,0.6666666666666666,nan
350,True,pcr6,max_plausibility,5,4,0.0,0.6666666666666666,nan
350,True,pcr6,min_belief_interval_distance,5,4,0.0,0.6666666666666666,nan
350,True,pcr6_plus,betp,5,4,0.0,0.6666666666666666,1.0584196709882294
350,True,pcr6_plus,dsmp_epsilon_0.001,5,4,0.0,0.6666666666666666,1.3101800916276491
350,True,pcr6_plus,max_belief,5,4,0.0,0.6666666666666666,nan
350,True,pcr6_plus,max_plausibility,5,4,0.0,0.6666666666666666,nan
350,True,pcr6_plus,min_belief_interval_distance,5,4,0.0,0.6666666666666666,nan
351,True,dempster,betp,5,5,0.0,0.6666666666666666,0.6003537064747904
351,True,dempster,dsmp_epsilon_0.001,5,5,0.0,0.6666666666666666,0.8057868055687556
351,True,dempster,max_belief,5,5,0.0,0.6666666666666666,nan
351,True,dempster,max_plausibility,5,5,0.0,0.6666666666666666,nan
351,True,dempster,min_belief_interval_distance,5,5,0.0,0.6666666666666666,nan
351,True,pcr6,betp,5,5,0.0,0.6666666666666666,0.4637192627218187
351,True,pcr6,dsmp_epsilon_0.001,5,5,0.0,0.6666666666666666,0.7980928161365182
351,True,pcr6,max_belief,5,5,0.0,0.6666666666666666,nan
351,True,pcr6,max_plausibility,5,5,0.0,0.6666666666666666,nan
351,True,pcr6,min_belief_interval_distance,5,5,0.0,0.6666666666666666,nan
351,True,pcr6_plus,betp,5,5,0.0,0.6666666666666666,0.6327741115424569
351,True,pcr6_plus,dsmp_epsilon_0.001,5,5,0.0,0.6666666666666666,0.7835592889211509
351,True,pcr6_plus,max_belief,5,5,0.0,0.6666666666666666,nan
351,True,pcr6_plus,max_plausibility,5,5,0.0,0.6666666666666666,nan
351,True,pcr6_plus,min_belief_interval_distance,5,5,0.0,0.6666666666666666,nan
352,True,dempster,betp,6,3,1.0,1.0,0.06680089132729239
352,True,dempster,dsmp_epsilon_0.001,6,3,1.0,1.0,0.07832917026783412
352,True,dempster,max_belief,6,3,1.0,1.0,nan
352,True,dempster,max_plausibility,6,3,1.0,1.0,nan
352,True,dempster,min_belief_interval_distance,6,3,1.0,1.0,nan
352,True,pcr6,betp,6,3,1.0,1.0,0.0021064395576180957
352,True,pcr6,dsmp_epsilon_0.001,6,3,1.0,1.0,0.0191933186748512
352,True,pcr6,max_belief,6,3,1.0,1.0,nan
352,True,pcr6,max_plausibility,6,3,1.0,1.0,nan
352,True,pcr6,min_belief_interval_distance,6,3,1.0,1.0,nan
352,True,pcr6_plus,betp,6,3,1.0,1.0,0.036643988878073026
352,True,pcr6_plus,dsmp_epsilon_0.001,6,3,1.0,1.0,0.0599086154387879
352,True,pcr6_plus,max_belief,6,3,1.0,1.0,nan
352,True,pcr6_plus,max_plausibility,6,3,1.0,1.0,nan
352,True,pcr6_plus,min_belief_interval_distance,6,3,1.0,1.0,nan
353,True,dempster,betp,6,3,1.0,1.0,0.4115385386578883
353,True,dempster,dsmp_epsilon_0.001,6,3,1.0,1.0,0.5326513701781826
353,True,dempster,max_belief,6,3,1.0,1.0,nan
353,True,dempster,max_plausibility,6,3,1.0,1.0,nan
353,True,dempster,min_belief_interval_distance,6,3,1.0,1.0,nan
353,True,pcr6,betp,6,3,1.0,1.0,0.21685715480076873
353,True,pcr6,dsmp_epsilon_0.001,6,3,1.0,1.0,0.5040545423026409
353,True,pcr6,max_belief,6,3,1.0,1.0,nan
353,True,pcr6,max_plausibility,6,3,1.0,1.0,nan
353,True,pcr6,min_belief_interval_distance,6,3,1.0,1.0,nan
353,True,pcr6_plus,betp,6,3,1.0,1.0,0.3295987701345965
353,True,pcr6_plus,dsmp_epsilon_0.001,6,3,1.0,1.0,0.4462310683088598
353,True,pcr6_plus,max_belief,6,3,1.0,1.0,nan
353,True,pcr6_plus,max_plausibility,6,3,1.0,1.0,nan
353,True,pcr6_plus,min_belief_interval_distance,6,3,1.0,1.0,nan
354,True,dempster,betp,6,3,1.0,1.0,0.5690026760926279
354,True,dempster,dsmp_epsilon_0.001,6,3,1.0,1.0,0.6516325467862709
354,True,dempster,max_belief,6,3,1.0,1.0,nan
354,True,dempster,max_plausibility,6,3,1.0,1.0,nan
354,True,dempster,min_belief_interval_distance,6,3,1.0,1.0,nan
354,True,pcr6,betp,6,3,1.0,1.0,0.46808339578110725
354,True,pcr6,dsmp_epsilon_0.001,6,3,1.0,1.0,0.6499886734910156
354,True,pcr6,max_belief,6,3,1.0,1.0,nan
354,True,pcr6,max_plausibility,6,3,1.0,1.0,nan
354,True,pcr6,min_belief_interval_distance,6,3,1.0,1.0,nan
354,True,pcr6_plus,betp,6,3,1.0,1.0,0.48539576509414917
354,True,pcr6_plus,dsmp_epsilon_0.001,6,3,1.0,1.0,0.6468461338172594
354,True,pcr6_plus,max_belief,6,3,1.0,1.0,nan
354,True,pcr6_plus,max_plausibility,6,3,1.0,1.0,nan
354,True,pcr6_plus,min_belief_interval_distance,6,3,1.0,1.0,nan
355,True,dempster,betp,6,3,1.0,1.0,0.13130139241409064
355,True,dempster,dsmp_epsilon_0.001,6,3,1.0,1.0,0.19415901750784945
355,True,dempster,max_belief,6,3,1.0,1.0,nan
355,True,dempster,max_plausibility,6,3,1.0,1.0,nan
355,True,dempster,min_belief_interval_distance,6,3,1.0,1.0,nan
355,True,pcr6,betp,6,3,1.0,1.0,0.05368422180820609
355,True,pcr6,dsmp_epsilon_0.001,6,3,1.0,1.0,0.18255921251536222
355,True,pcr6,max_belief,6,3,1.0,1.0,nan
355,True,pcr6,max_plausibility,6,3,1.0,1.0,nan
355,True,pcr6,min_belief_interval_distance,6,3,1.0,1.0,nan
355,True,pcr6_plus,betp,6,3,1.0,1.0,0.14280099235741017
355,True,pcr6_plus,dsmp_epsilon_0.001,6,3,1.0,1.0,0.17296956588614273
355,True,pcr6_plus,max_belief,6,3,1.0,1.0,nan
355,True,pcr6_plus,max_plausibility,6,3,1.0,1.0,nan
355,True,pcr6_plus,min_belief_interval_distance,6,3,1.0,1.0,nan
356,True,dempster,betp,6,3,0.0,0.6666666666666666,0.14636525130314876
356,True,dempster,dsmp_epsilon_0.001,6,3,0.0,0.6666666666666666,0.13676011609116268
356,True,dempster,max_belief,6,3,0.0,0.6666666666666666,nan
356,True,dempster,max_plausibility,6,3,0.0,0.6666666666666666,nan
356,True,dempster,min_belief_interval_distance,6,3,0.0,0.6666666666666666,nan
356,True,pcr6,betp,6,3,0.0,0.6666666666666666,0.14668251354562276
356,True,pcr6,dsmp_epsilon_0.001,6,3,0.0,0.6666666666666666,0.13657479560255703
356,True,pcr6,max_belief,6,3,0.0,0.6666666666666666,nan
356,True,pcr6,max_plausibility,6,3,0.0,0.6666666666666666,nan
356,True,pcr6,min_belief_interval_distance,6,3,0.0,0.6666666666666666,nan
356,True,pcr6_plus,betp,6,3,0.0,0.6666666666666666,0.14480819854982144
356,True,pcr6_plus,dsmp_epsilon_0.001,6,3,0.0,0.6666666666666666,0.1330115869498795
356,True,pcr6_plus,max_belief,6,3,0.0,0.6666666666666666,nan
356,True,pcr6_plus,max_plausibility,6,3,0.0,0.6666666666666666,nan
356,True,pcr6_plus,min_belief_interval_distance,6,3,0.0,0.6666666666666666,nan
357,True,dempster,betp,5,4,0.0,0.6666666666666666,0.4397573989698659
357,True,dempster,dsmp_epsilon_0.001,5,4,0.0,0.6666666666666666,0.6928189522692583
357,True,dempster,max_belief,5,4,0.0,0.6666666666666666,nan
357,True,dempster,max_plausibility,5,4,0.0,0.6666666666666666,nan
357,True,dempster,min_belief_interval_distance,5,4,0.0,0.6666666666666666,nan
357,True,pcr6,betp,5,4,0.0,0.6666666666666666,0.4188982808573249
357,True,pcr6,dsmp_epsilon_0.001,5,4,0.0,0.6666666666666666,0.6898832981028618
357,True,pcr6,max_belief,5,4,0.0,0.6666666666666666,nan
357,True,pcr6,max_plausibility,5,4,0.0,0.6666666666666666,nan
357,True,pcr6,min_belief_interval_distance,5,4,0.0,0.6666666666666666,nan
357,True,pcr6_plus,betp,5,4,0.0,0.6666666666666666,0.4397270132299026
357,True,pcr6_plus,dsmp_epsilon_0.001,5,4,0.0,0.6666666666666666,0.6842362313131515
357,True,pcr6_plus,max_belief,5,4,0.0,0.6666666666666666,nan
357,True,pcr6_plus,max_plausibility,5,4,0.0,0.6666666666666666,nan
357,True,pcr6_plus,min_belief_interval_distance,5,4,0.0,0.6666666666666666,nan
358,True,dempster,betp,6,3,0.0,0.6666666666666666,0.000597601672982486
358,True,dempster,dsmp_epsilon_0.001,6,3,0.0,0.6666666666666666,0.0014435006343138741
358,True,dempster,max_belief,6,3,0.0,0.6666666666666666,nan
358,True,dempster,max_plausibility,6,3,0.0,0.6666666666666666,nan
358,True,dempster,min_belief_interval_distance,6,3,0.0,0.6666666666666666,nan
358,True,pcr6,betp,6,3,0.0,0.6666666666666666,0.0032213376562793324
358,True,pcr6,dsmp_epsilon_0.001,6,3,0.0,0.6666666666666666,0.0023808284253799008
358,True,pcr6,max_belief,6,3,0.0,0.6666666666666666,nan
358,True,pcr6,max_plausibility,6,3,0.0,0.6666666666666666,nan
358,True,pcr6,min_belief_interval_distance,6,3,0.0,0.6666666666666666,nan
358,True,pcr6_plus,betp,6,3,0.0,0.6666666666666666,0.002019928210454505
358,True,pcr6_plus,dsmp_epsilon_0.001,6,3,0.0,0.6666666666666666,0.00475269468481507
358,True,pcr6_plus,max_belief,6,3,0.0,0.6666666666666666,nan
358,True,pcr6_plus,max_plausibility,6,3,0.0,0.6666666666666666,nan
358,True,pcr6_plus,min_belief_interval_distance,6,3,0.0,0.6666666666666666,nan
359,True,dempster,betp,6,4,0.0,0.6666666666666666,0.32221561658705083
359,True,dempster,dsmp_epsilon_0.001,6,4,0.0,0.6666666666666666,0.7840474458783572
359,True,dempster,max_belief,6,4,0.0,0.6666666666666666,nan
359,True,dempster,max_plausibility,6,4,0.0,0.6666666666666666,nan
359,True,dempster,min_belief_interval_distance,6,4,0.0,0.6666666666666666,nan
359,True,pcr6,betp,6,4,0.0,0.6666666666666666,0.2902320969067405
359,True,pcr6,dsmp_epsilon_0.001,6,4,0.0,0.6666666666666666,0.7610855807842214
359,True,pcr6,max_belief,6,4,0.0,0.6666666666666666,nan
359,True,pcr6,max_plausibility,6,4,0.0,0.6666666666666666,nan
359,True,pcr6,min_belief_interval_distance,6,4,0.0,0.6666666666666666,nan
359,True,pcr6_plus,betp,6,4,0.0,0.6666666666666666,0.3162320331288078
359,True,pcr6_plus,dsmp_epsilon_0.001,6,4,0.0,0.6666666666666666,0.7175326151030701
359,True,pcr6_plus,max_belief,6,4,0.0,0.6666666666666666,nan
359,True,pcr6_plus,max_plausibility,6,4,0.0,0.6666666666666666,nan
359,True,pcr6_plus,min_belief_interval_distance,6,4,0.0,0.6666666666666666,nan
360,True,dempster,betp,5,3,1.0,1.0,0.10132167753722776
360,True,dempster,dsmp_epsilon_0.001,5,3,1.0,1.0,0.42111195540761837
360,True,dempster,max_belief,5,3,1.0,1.0,nan
360,True,dempster,max_plausibility,5,3,1.0,1.0,nan
360,True,dempster,min_belief_interval_distance,5,3,1.0,1.0,nan
360,True,pcr6,betp,5,3,1.0,1.0,0.09779061285705146
360,True,pcr6,dsmp_epsilon_0.001,5,3,1.0,1.0,0.4212782265849748
360,True,pcr6,max_belief,5,3,1.0,1.0,nan
360,True,pcr6,max_plausibility,5,3,1.0,1.0,nan
360,True,pcr6,min_belief_interval_distance,5,3,1.0,1.0,nan
360,True,pcr6_plus,betp,5,3,1.0,1.0,0.10270989452006374
360,True,pcr6_plus,dsmp_epsilon_0.001,5,3,1.0,1.0,0.41975383653417414
360,True,pcr6_plus,max_belief,5,3,1.0,1.0,nan
360,True,pcr6_plus,max_plausibility,5,3,1.0,1.0,nan
360,True,pcr6_plus,min_belief_interval_distance,5,3,1.0,1.0,nan
361,True,dempster,betp,6,3,1.0,1.0,0.3981936833829988
361,True,dempster,dsmp_epsilon_0.001,6,3,1.0,1.0,0.5800454703784349
361,True,dempster,max_belief,6,3,1.0,1.0,nan
361,True,dempster,max_plausibility,6,3,1.0,1.0,nan
361,True,dempster,min_belief_interval_distance,6,3,1.0,1.0,nan
361,True,pcr6,betp,6,3,1.0,1.0,0.05223221062999912
361,True,pcr6,dsmp_epsilon_0.001,6,3,1.0,1.0,0.2731732819779111
361,True,pcr6,max_belief,6,3,1.0,1.0,nan
361,True,pcr6,max_plausibility,6,3,1.0,1.0,nan
361,True,pcr6,min_belief_interval_distance,6,3,1.0,1.0,nan
361,True,pcr6_plus,betp,6,3,1.0,1.0,0.08797713436409342
361,True,pcr6_plus,dsmp_epsilon_0.001,6,3,1.0,1.0,0.23253154704920784
361,True,pcr6_plus,max_belief,6,3,1.0,1.0,nan
361,True,pcr6_plus,max_plausibility,6,3,1.0,1.0,nan
361,True,pcr6_plus,min_belief_interval_distance,6,3,1.0,1.0,nan
362,True,dempster,betp,6,3,0.0,0.6666666666666666,0.3202767272895239
362,True,dempster,dsmp_epsilon_0.001,6,3,0.0,0.6666666666666666,0.3830023157685478
362,True,dempster,max_belief,6,3,0.0,0.6666666666666666,nan
362,True,dempster,max_plausibility,6,3,0.0,0.6666666666666666,nan
362,True,dempster,min_belief_interval_distance,6,3,0.0,0.6666666666666666,nan
362,True,pcr6,betp,6,3,0.0,0.6666666666666666,0.19085805529181266
362,True,pcr6,dsmp_epsilon_0.001,6,3,0.0,0.6666666666666666,0.3227298459749037
362,True,pcr6,max_belief,6,3,0.0,0.6666666666666666,nan
362,True,pcr6,max_plausibility,6,3,0.0,0.6666666666666666,nan
362,True,pcr6,min_belief_interval_distance,6,3,0.0,0.6666666666666666,nan
362,True,pcr6_plus,betp,6,3,0.0,0.6666666666666666,0.20981265072105512
362,True,pcr6_plus,dsmp_epsilon_0.001,6,3,0.0,0.6666666666666666,0.25497938783340107
362,True,pcr6_plus,max_belief,6,3,0.0,0.6666666666666666,nan
362,True,pcr6_plus,max_plausibility,6,3,0.0,0.6666666666666666,nan
362,True,pcr6_plus,min_belief_interval_distance,6,3,0.0,0.6666666666666666,nan
363,True,dempster,betp,6,3,1.0,1.0,0.08094443640856971
363,True,dempster,dsmp_epsilon_0.001,6,3,1.0,1.0,0.12562208632367158
363,True,dempster,max_belief,6,3,1.0,1.0,nan
363,True,dempster,max_plausibility,6,3,1.0,1.0,nan
363,True,dempster,min_belief_interval_distance,6,3,1.0,1.0,nan
363,True,pcr6,betp,6,3,1.0,1.0,0.04872226480553879
363,True,pcr6,dsmp_epsilon_0.001,6,3,1.0,1.0,0.11956247216068697
363,True,pcr6,max_belief,6,3,1.0,1.0,nan
363,True,pcr6,max_plausibility,6,3,1.0,1.0,nan
363,True,pcr6,min_belief_interval_distance,6,3,1.0,1.0,nan
363,True,pcr6_plus,betp,6,3,1.0,1.0,0.07879924927015154
363,True,pcr6_plus,dsmp_epsilon_0.001,6,3,1.0,1.0,0.11477922322718742
363,True,pcr6_plus,max_belief,6,3,1.0,1.0,nan
363,True,pcr6_plus,max_plausibility,6,3,1.0,1.0,nan
363,True,pcr6_plus,min_belief_interval_distance,6,3,1.0,1.0,nan
364,True,dempster,betp,6,5,0.0,0.6666666666666666,0.11707198566369188
364,True,dempster,dsmp_epsilon_0.001,6,5,0.0,0.6666666666666666,0.3541797632935491
364,True,dempster,max_belief,6,5,0.0,0.6666666666666666,nan
364,True,dempster,max_plausibility,6,5,0.0,0.6666666666666666,nan
364,True,dempster,min_belief_interval_distance,6,5,0.0,0.6666666666666666,nan
364,True,pcr6,betp,6,5,0.0,0.6666666666666666,0.07300283381707531
364,True,pcr6,dsmp_epsilon_0.001,6,5,0.0,0.6666666666666666,0.1625075698894659
364,True,pcr6,max_belief,6,5,0.0,0.6666666666666666,nan
364,True,pcr6,max_plausibility,6,5,0.0,0.6666666666666666,nan
364,True,pcr6,min_belief_interval_distance,6,5,0.0,0.6666666666666666,nan
364,True,pcr6_plus,betp,6,5,0.0,0.6666666666666666,0.056698247901639215
364,True,pcr6_plus,dsmp_epsilon_0.001,6,5,0.0,0.6666666666666666,0.19987651122014566
364,True,pcr6_plus,max_belief,6,5,0.0,0.6666666666666666,nan
364,True,pcr6_plus,max_plausibility,6,5,0.0,0.6666666666666666,nan
364,True,pcr6_plus,min_belief_interval_distance,6,5,0.0,0.6666666666666666,nan
365,True,dempster,betp,6,3,1.0,1.0,0.16751657716264273
365,True,dempster,dsmp_epsilon_0.001,6,3,1.0,1.0,0.5440495855949946
365,True,dempster,max_belief,6,3,1.0,1.0,nan
365,True,dempster,max_plausibility,6,3,1.0,1.0,nan
365,True,dempster,min_belief_interval_distance,6,3,1.0,1.0,nan
365,True,pcr6,betp,6,3,1.0,1.0,0.15491761775358098
365,True,pcr6,dsmp_epsilon_0.001,6,3,1.0,1.0,0.543423103188917
365,True,pcr6,max_belief,6,3,1.0,1.0,nan
365,True,pcr6,max_plausibility,6,3,1.0,1.0,nan
365,True,pcr6,min_belief_interval_distance,6,3,1.0,1.0,nan
365,True,pcr6_plus,betp,6,3,1.0,1.0,0.17269633642623416
365,True,pcr6_plus,dsmp_epsilon_0.001,6,3,1.0,1.0,0.5366347327485714
365,True,pcr6_plus,max_belief,6,3,1.0,1.0,nan
365,True,pcr6_plus,max_plausibility,6,3,1.0,1.0,nan
365,True,pcr6_plus,min_belief_interval_distance,6,3,1.0,1.0,nan
366,True,dempster,betp,3,3,1.0,1.0,0.01061349319836445
366,True,dempster,dsmp_epsilon_0.001,3,3,1.0,1.0,0.6388305239836886
366,True,dempster,max_belief,3,3,1.0,1.0,nan
366,True,dempster,max_plausibility,3,3,1.0,1.0,nan
366,True,dempster,min_belief_interval_distance,3,3,1.0,1.0,nan
366,True,pcr6,betp,3,3,1.0,1.0,0.01061349319836445
366,True,pcr6,dsmp_epsilon_0.001,3,3,1.0,1.0,0.6388305239836886
366,True,pcr6,max_belief,3,3,1.0,1.0,nan
366,True,pcr6,max_plausibility,3,3,1.0,1.0,nan
366,True,pcr6,min_belief_interval_distance,3,3,1.0,1.0,nan
366,True,pcr6_plus,betp,3,3,1.0,1.0,0.01061349319836445
366,True,pcr6_plus,dsmp_epsilon_0.001,3,3,1.0,1.0,0.6388305239836886
366,True,pcr6_plus,max_belief,3,3,1.0,1.0,nan
366,True,pcr6_plus,max_plausibility,3,3,1.0,1.0,nan
366,True,pcr6_plus,min_belief_interval_distance,3,3,1.0,1.0,nan
367,True,dempster,betp,6,4,0.0,0.6666666666666666,0.5546861993893207
367,True,dempster,dsmp_epsilon_0.001,6,4,0.0,0.6666666666666666,0.5782573658207433
367,True,dempster,max_belief,6,4,0.0,0.6666666666666666,nan
367,True,dempster,max_plausibility,6,4,0.0,0.6666666666666666,nan
367,True,dempster,min_belief_interval_distance,6,4,0.0,0.6666666666666666,nan
367,True,pcr6,betp,6,4,0.0,0.6666666666666666,0.19716388396168627
367,True,pcr6,dsmp_epsilon_0.001,6,4,0.0,0.6666666666666666,0.5039155944515766
367,True,pcr6,max_belief,6,4,0.0,0.6666666666666666,nan
367,True,pcr6,max_plausibility,6,4,0.0,0.6666666666666666,nan
367,True,pcr6,min_belief_interval_distance,6,4,0.0,0.6666666666666666,nan
367,True,pcr6_plus,betp,6,4,0.0,0.6666666666666666,0.29363836356024936
367,True,pcr6_plus,dsmp_epsilon_0.001,6,4,0.0,0.6666666666666666,0.45779818663903055
367,True,pcr6_plus,max_belief,6,4,0.0,0.6666666666666666,nan
367,True,pcr6_plus,max_plausibility,6,4,0.0,0.6666666666666666,nan
367,True,pcr6_plus,min_belief_interval_distance,6,4,0.0,0.6666666666666666,nan
368,True,dempster,betp,6,3,1.0,1.0,0.08850777253084272
368,True,dempster,dsmp_epsilon_0.001,6,3,1.0,1.0,0.20748214802716894
368,True,dempster,max_belief,6,3,1.0,1.0,nan
368,True,dempster,max_plausibility,6,3,1.0,1.0,nan
368,True,dempster,min_belief_interval_distance,6,3,1.0,1.0,nan
368,True,pcr6,betp,6,3,1.0,1.0,0.05241874307931006
368,True,pcr6,dsmp_epsilon_0.001,6,3,1.0,1.0,0.18884707377222776
368,True,pcr6,max_belief,6,3,1.0,1.0,nan
368,True,pcr6,max_plausibility,6,3,1.0,1.0,nan
368,True,pcr6,min_belief_interval_distance,6,3,1.0,1.0,nan
368,True,pcr6_plus,betp,6,3,1.0,1.0,0.061382241536507336
368,True,pcr6_plus,dsmp_epsilon_0.001,6,3,1.0,1.0,0.15660095062231133
368,True,pcr6_plus,max_belief,6,3,1.0,1.0,nan
368,True,pcr6_plus,max_plausibility,6,3,1.0,1.0,nan
368,True,pcr6_plus,min_belief_interval_distance,6,3,1.0,1.0,nan
369,True,dempster,betp,6,4,1.0,1.0,0.153068899967949
369,True,dempster,dsmp_epsilon_0.001,6,4,1.0,1.0,0.18929892870972065
369,True,dempster,max_belief,6,4,1.0,1.0,nan
369,True,dempster,max_plausibility,6,4,1.0,1.0,nan
369,True,dempster,min_belief_interval_distance,6,4,1.0,1.0,nan
369,True,pcr6,betp,6,4,1.0,1.0,0.05484983929360697
369,True,pcr6,dsmp_epsilon_0.001,6,4,1.0,1.0,0.16787087823735114
369,True,pcr6,max_belief,6,4,1.0,1.0,nan
369,True,pcr6,max_plausibility,6,4,1.0,1.0,nan
369,True,pcr6,min_belief_interval_distance,6,4,1.0,1.0,nan
369,True,pcr6_plus,betp,6,4,1.0,1.0,0.0684822617371181
369,True,pcr6_plus,dsmp_epsilon_0.001,6,4,1.0,1.0,0.15793579338216884
369,True,pcr6_plus,max_belief,6,4,1.0,1.0,nan
369,True,pcr6_plus,max_plausibility,6,4,1.0,1.0,nan
369,True,pcr6_plus,min_belief_interval_distance,6,4,1.0,1.0,nan
370,True,dempster,betp,6,4,0.0,0.6666666666666666,0.6473860341099349
370,True,dempster,dsmp_epsilon_0.001,6,4,0.0,0.6666666666666666,0.6648181654306571
370,True,dempster,max_belief,6,4,0.0,0.6666666666666666,nan
370,True,dempster,max_plausibility,6,4,0.0,0.6666666666666666,nan
370,True,dempster,min_belief_interval_distance,6,4,0.0,0.6666666666666666,nan
370,True,pcr6,betp,6,4,0.0,0.6666666666666666,0.5751558980974926
370,True,pcr6,dsmp_epsilon_0.001,6,4,0.0,0.6666666666666666,0.6636949017254913
370,True,pcr6,max_belief,6,4,0.0,0.6666666666666666,nan
370,True,pcr6,max_plausibility,6,4,0.0,0.6666666666666666,nan
370,True,pcr6,min_belief_interval_distance,6,4,0.0,0.6666666666666666,nan
370,True,pcr6_plus,betp,6,4,0.0,0.6666666666666666,0.5888909762691077
370,True,pcr6_plus,dsmp_epsilon_0.001,6,4,0.0,0.6666666666666666,0.663097676606344
370,True,pcr6_plus,max_belief,6,4,0.0,0.6666666666666666,nan
370,True,pcr6_plus,max_plausibility,6,4,0.0,0.6666666666666666,nan
370,True,pcr6_plus,min_belief_interval_distance,6,4,0.0,0.6666666666666666,nan
371,True,dempster,betp,6,3,1.0,1.0,0.1538961115846134
371,True,dempster,dsmp_epsilon_0.001,6,3,1.0,1.0,0.2784554973436656
371,True,dempster,max_belief,6,3,1.0,1.0,nan
371,True,dempster,max_plausibility,6,3,1.0,1.0,nan
371,True,dempster,min_belief_interval_distance,6,3,1.0,1.0,nan
371,True,pcr6,betp,6,3,1.0,1.0,0.08671741416674689
371,True,pcr6,dsmp_epsilon_0.001,6,3,1.0,1.0,0.3029761115129745
371,True,pcr6,max_belief,6,3,1.0,1.0,nan
371,True,pcr6,max_plausibility,6,3,1.0,1.0,nan
371,True,pcr6,min_belief_interval_distance,6,3,1.0,1.0,nan
371,True,pcr6_plus,betp,6,3,1.0,1.0,0.19345736084504525
371,True,pcr6_plus,dsmp_epsilon_0.001,6,3,1.0,1.0,0.2848539495083785
371,True,pcr6_plus,max_belief,6,3,1.0,1.0,nan
371,True,pcr6_plus,max_plausibility,6,3,1.0,1.0,nan
371,True,pcr6_plus,min_belief_interval_distance,6,3,1.0,1.0,nan
372,True,dempster,betp,6,3,1.0,1.0,0.028838971843695674
372,True,dempster,dsmp_epsilon_0.001,6,3,1.0,1.0,0.14691677506048806
372,True,dempster,max_belief,6,3,1.0,1.0,nan
372,True,dempster,max_plausibility,6,3,1.0,1.0,nan
372,True,dempster,min_belief_interval_distance,6,3,1.0,1.0,nan
372,True,pcr6,betp,6,3,1.0,1.0,0.022033310358780575
372,True,pcr6,dsmp_epsilon_0.001,6,3,1.0,1.0,0.14853645470218113
372,True,pcr6,max_belief,6,3,1.0,1.0,nan
372,True,pcr6,max_plausibility,6,3,1.0,1.0,nan
372,True,pcr6,min_belief_interval_distance,6,3,1.0,1.0,nan
372,True,pcr6_plus,betp,6,3,1.0,1.0,0.04089156430099468
372,True,pcr6_plus,dsmp_epsilon_0.001,6,3,1.0,1.0,0.15352775118756684
372,True,pcr6_plus,max_belief,6,3,1.0,1.0,nan
372,True,pcr6_plus,max_plausibility,6,3,1.0,1.0,nan
372,True,pcr6_plus,min_belief_interval_distance,6,3,1.0,1.0,nan
373,True,dempster,betp,3,3,1.0,1.0,0.0006865058706365278
373,True,dempster,dsmp_epsilon_0.001,3,3,1.0,1.0,0.14865786371755632
373,True,dempster,max_belief,3,3,1.0,1.0,nan
373,True,dempster,max_plausibility,3,3,1.0,1.0,nan
373,True,dempster,min_belief_interval_distance,3,3,1.0,1.0,nan
373,True,pcr6,betp,3,3,1.0,1.0,0.0006858537419503543
373,True,pcr6,dsmp_epsilon_0.001,3,3,1.0,1.0,0.14868398809164068
373,True,pcr6,max_belief,3,3,1.0,1.0,nan
373,True,pcr6,max_plausibility,3,3,1.0,1.0,nan
373,True,pcr6,min_belief_interval_distance,3,3,1.0,1.0,nan
373,True,pcr6_plus,betp,3,3,1.0,1.0,0.0006999686047575084
373,True,pcr6_plus,dsmp_epsilon_0.001,3,3,1.0,1.0,0.14911718590357084
373,True,pcr6_plus,max_belief,3,3,1.0,1.0,nan
373,True,pcr6_plus,max_plausibility,3,3,1.0,1.0,nan
373,True,pcr6_plus,min_belief_interval_distance,3,3,1.0,1.0,nan
374,True,dempster,betp,5,3,1.0,1.0,0.43601381105778797
374,True,dempster,dsmp_epsilon_0.001,5,3,1.0,1.0,0.638035634229251
374,True,dempster,max_belief,5,3,1.0,1.0,nan
374,True,dempster,max_plausibility,5,3,1.0,1.0,nan
374,True,dempster,min_belief_interval_distance,5,3,1.0,1.0,nan
374,True,pcr6,betp,5,3,1.0,1.0,0.4028744056206717
374,True,pcr6,dsmp_epsilon_0.001,5,3,1.0,1.0,0.6363573853306203
374,True,pcr6,max_belief,5,3,1.0,1.0,nan
374,True,pcr6,max_plausibility,5,3,1.0,1.0,nan
374,True,pcr6,min_belief_interval_distance,5,3,1.0,1.0,nan
374,True,pcr6_plus,betp,5,3,1.0,1.0,0.41428129222734406
374,True,pcr6_plus,dsmp_epsilon_0.001,5,3,1.0,1.0,0.6304848561250161
374,True,pcr6_plus,max_belief,5,3,1.0,1.0,nan
374,True,pcr6_plus,max_plausibility,5,3,1.0,1.0,nan
374,True,pcr6_plus,min_belief_interval_distance,5,3,1.0,1.0,nan
375,True,dempster,betp,6,4,1.0,1.0,0.35277487469731783
375,True,dempster,dsmp_epsilon_0.001,6,4,1.0,1.0,0.5882729834142466
375,True,dempster,max_belief,6,4,0.0,0.6666666666666666,nan
375,True,dempster,max_plausibility,6,4,1.0,1.0,nan
375,True,dempster,min_belief_interval_distance,6,4,1.0,1.0,nan
375,True,pcr6,betp,6,4,1.0,1.0,0.21767015617282512
375,True,pcr6,dsmp_epsilon_0.001,6,4,1.0,1.0,0.5599655945810589
375,True,pcr6,max_belief,6,4,0.0,0.6666666666666666,nan
375,True,pcr6,max_plausibility,6,4,1.0,1.0,nan
375,True,pcr6,min_belief_interval_distance,6,4,1.0,1.0,nan
375,True,pcr6_plus,betp,6,4,1.0,1.0,0.23175372081894785
375,True,pcr6_plus,dsmp_epsilon_0.001,6,4,1.0,1.0,0.5173301955254495
375,True,pcr6_plus,max_belief,6,4,0.0,0.6666666666666666,nan
375,True,pcr6_plus,max_plausibility,6,4,1.0,1.0,nan
375,True,pcr6_plus,min_belief_interval_distance,6,4,1.0,1.0,nan
376,True,dempster,betp,6,4,0.0,0.6666666666666666,0.13607650461939802
376,True,dempster,dsmp_epsilon_0.001,6,4,0.0,0.6666666666666666,0.16229870714264547
376,True,dempster,max_belief,6,4,0.0,0.6666666666666666,nan
376,True,dempster,max_plausibility,6,4,0.0,0.6666666666666666,nan
376,True,dempster,min_belief_interval_distance,6,4,0.0,0.6666666666666666,nan
376,True,pcr6,betp,6,4,0.0,0.6666666666666666,0.1137622025575874
376,True,pcr6,dsmp_epsilon_0.001,6,4,0.0,0.6666666666666666,0.15957708340341498
376,True,pcr6,max_belief,6,4,0.0,0.6666666666666666,nan
376,True,pcr6,max_plausibility,6,4,0.0,0.6666666666666666,nan
376,True,pcr6,min_belief_interval_distance,6,4,0.0,0.6666666666666666,nan
376,True,pcr6_plus,betp,6,4,0.0,0.6666666666666666,0.13527525974999388
376,True,pcr6_plus,dsmp_epsilon_0.001,6,4,0.0,0.6666666666666666,0.15589516816271315
376,True,pcr6_plus,max_belief,6,4,0.0,0.6666666666666666,nan
376,True,pcr6_plus,max_plausibility,6,4,0.0,0.6666666666666666,nan
376,True,pcr6_plus,min_belief_interval_distance,6,4,0.0,0.6666666666666666,nan
377,True,dempster,betp,6,4,1.0,1.0,0.24180614454539434
377,True,dempster,dsmp_epsilon_0.001,6,4,1.0,1.0,0.41127005997187704
377,True,dempster,max_belief,6,4,1.0,1.0,nan
377,True,dempster,max_plausibility,6,4,1.0,1.0,nan
377,True,dempster,min_belief_interval_distance,6,4,1.0,1.0,nan
377,True,pcr6,betp,6,4,1.0,1.0,0.14759319857614947
377,True,pcr6,dsmp_epsilon_0.001,6,4,1.0,1.0,0.39767659146459644
377,True,pcr6,max_belief,6,4,1.0,1.0,nan
377,True,pcr6,max_plausibility,6,4,1.0,1.0,nan
377,True,pcr6,min_belief_interval_distance,6,4,1.0,1.0,nan
377,True,pcr6_plus,betp,6,4,1.0,1.0,0.19607224179776322
377,True,pcr6_plus,dsmp_epsilon_0.001,6,4,1.0,1.0,0.38991630171188335
377,True,pcr6_plus,max_belief,6,4,1.0,1.0,nan
377,True,pcr6_plus,max_plausibility,6,4,1.0,1.0,nan
377,True,pcr6_plus,min_belief_interval_distance,6,4,1.0,1.0,nan
378,True,dempster,betp,6,3,1.0,1.0,0.14729140055175788
378,True,dempster,dsmp_epsilon_0.001,6,3,1.0,1.0,0.14849395730931952
378,True,dempster,max_belief,6,3,1.0,1.0,nan
378,True,dempster,max_plausibility,6,3,1.0,1.0,nan
378,True,dempster,min_belief_interval_distance,6,3,1.0,1.0,nan
378,True,pcr6,betp,6,3,1.0,1.0,0.006478572400445687
378,True,pcr6,dsmp_epsilon_0.001,6,3,1.0,1.0,0.13857746738463975
378,True,pcr6,max_belief,6,3,1.0,1.0,nan
378,True,pcr6,max_plausibility,6,3,1.0,1.0,nan
378,True,pcr6,min_belief_interval_distance,6,3,1.0,1.0,nan
378,True,pcr6_plus,betp,6,3,1.0,1.0,0.01050233688525614
378,True,pcr6_plus,dsmp_epsilon_0.001,6,3,1.0,1.0,0.13751511007732517
378,True,pcr6_plus,max_belief,6,3,1.0,1.0,nan
378,True,pcr6_plus,max_plausibility,6,3,1.0,1.0,nan
378,True,pcr6_plus,min_belief_interval_distance,6,3,1.0,1.0,nan
379,False,dempster,betp,5,2,0.0,0.8,0.3647001657582383
379,False,dempster,dsmp_epsilon_0.001,5,2,0.0,0.8,0.4444171892523872
379,False,dempster,max_belief,5,2,0.0,0.8,nan
379,False,dempster,max_plausibility,5,2,0.0,0.8,nan
379,False,dempster,min_belief_interval_distance,5,2,0.0,0.8,nan
379,False,pcr6,betp,5,2,0.0,0.8,0.263831801983959
379,False,pcr6,dsmp_epsilon_0.001,5,2,0.0,0.8,0.4290231854664948
379,False,pcr6,max_belief,5,2,0.0,0.8,nan
379,False,pcr6,max_plausibility,5,2,0.0,0.8,nan
379,False,pcr6,min_belief_interval_distance,5,2,0.0,0.8,nan
379,False,pcr6_plus,betp,5,2,0.0,0.8,0.3403459541846997
379,False,pcr6_plus,dsmp_epsilon_0.001,5,2,0.0,0.8,0.39850063953559495
379,False,pcr6_plus,max_belief,5,2,0.0,0.8,nan
379,False,pcr6_plus,max_plausibility,5,2,0.0,0.8,nan
379,False,pcr6_plus,min_belief_interval_distance,5,2,0.0,0.8,nan
380,True,dempster,betp,6,3,1.0,1.0,0.5905835742482854
380,True,dempster,dsmp_epsilon_0.001,6,3,1.0,1.0,0.6520267316646343
380,True,dempster,max_belief,6,3,1.0,1.0,nan
380,True,dempster,max_plausibility,6,3,1.0,1.0,nan
380,True,dempster,min_belief_interval_distance,6,3,1.0,1.0,nan
380,True,pcr6,betp,6,3,1.0,1.0,0.4813321261936173
380,True,pcr6,dsmp_epsilon_0.001,6,3,1.0,1.0,0.650193302572823
380,True,pcr6,max_belief,6,3,1.0,1.0,nan
380,True,pcr6,max_plausibility,6,3,1.0,1.0,nan
380,True,pcr6,min_belief_interval_distance,6,3,1.0,1.0,nan
380,True,pcr6_plus,betp,6,3,1.0,1.0,0.5910715213009929
380,True,pcr6_plus,dsmp_epsilon_0.001,6,3,1.0,1.0,0.644936198109492
380,True,pcr6_plus,max_belief,6,3,1.0,1.0,nan
380,True,pcr6_plus,max_plausibility,6,3,1.0,1.0,nan
380,True,pcr6_plus,min_belief_interval_distance,6,3,1.0,1.0,nan
381,True,dempster,betp,6,4,0.0,0.6666666666666666,0.42683761663410585
381,True,dempster,dsmp_epsilon_0.001,6,4,0.0,0.6666666666666666,0.4530961885031959
381,True,dempster,max_belief,6,4,0.0,0.6666666666666666,nan
381,True,dempster,max_plausibility,6,4,0.0,0.6666666666666666,nan
381,True,dempster,min_belief_interval_distance,6,4,0.0,0.6666666666666666,nan
381,True,pcr6,betp,6,4,0.0,0.6666666666666666,0.105758004644733
381,True,pcr6,dsmp_epsilon_0.001,6,4,0.0,0.6666666666666666,0.2095165721461229
381,True,pcr6,max_belief,6,4,0.0,0.6666666666666666,nan
381,True,pcr6,max_plausibility,6,4,0.0,0.6666666666666666,nan
381,True,pcr6,min_belief_interval_distance,6,4,0.0,0.6666666666666666,nan
381,True,pcr6_plus,betp,6,4,0.0,0.6666666666666666,0.15881938757040023
381,True,pcr6_plus,dsmp_epsilon_0.001,6,4,0.0,0.6666666666666666,0.18470960001117456
381,True,pcr6_plus,max_belief,6,4,0.0,0.6666666666666666,nan
381,True,pcr6_plus,max_plausibility,6,4,0.0,0.6666666666666666,nan
381,True,pcr6_plus,min_belief_interval_distance,6,4,0.0,0.6666666666666666,nan
382,True,dempster,betp,5,4,1.0,1.0,0.08530090930166113
382,True,dempster,dsmp_epsilon_0.001,5,4,1.0,1.0,0.17138440823585127
382,True,dempster,max_belief,5,4,1.0,1.0,nan
382,True,dempster,max_plausibility,5,4,1.0,1.0,nan
382,True,dempster,min_belief_interval_distance,5,4,1.0,1.0,nan
382,True,pcr6,betp,5,4,1.0,1.0,0.08090786403186825
382,True,pcr6,dsmp_epsilon_0.001,5,4,1.0,1.0,0.17090963162405354
382,True,pcr6,max_belief,5,4,1.0,1.0,nan
382,True,pcr6,max_plausibility,5,4,1.0,1.0,nan
382,True,pcr6,min_belief_interval_distance,5,4,1.0,1.0,nan
382,True,pcr6_plus,betp,5,4,1.0,1.0,0.08661343112732735
382,True,pcr6_plus,dsmp_epsilon_0.001,5,4,1.0,1.0,0.1737365415751353
382,True,pcr6_plus,max_belief,5,4,1.0,1.0,nan
382,True,pcr6_plus,max_plausibility,5,4,1.0,1.0,nan
382,True,pcr6_plus,min_belief_interval_distance,5,4,1.0,1.0,nan
383,True,dempster,betp,6,3,1.0,1.0,0.21848300084997277
383,True,dempster,dsmp_epsilon_0.001,6,3,1.0,1.0,0.6029076103498995
383,True,dempster,max_belief,6,3,1.0,1.0,nan
383,True,dempster,max_plausibility,6,3,1.0,1.0,nan
383,True,dempster,min_belief_interval_distance,6,3,1.0,1.0,nan
383,True,pcr6,betp,6,3,1.0,1.0,0.16861576923251473
383,True,pcr6,dsmp_epsilon_0.001,6,3,1.0,1.0,0.590259833386447
383,True,pcr6,max_belief,6,3,1.0,1.0,nan
383,True,pcr6,max_plausibility,6,3,1.0,1.0,nan
383,True,pcr6,min_belief_interval_distance,6,3,1.0,1.0,nan
383,True,pcr6_plus,betp,6,3,1.0,1.0,0.1869128150459704
383,True,pcr6_plus,dsmp_epsilon_0.001,6,3,1.0,1.0,0.5622272954804319
383,True,pcr6_plus,max_belief,6,3,1.0,1.0,nan
383,True,pcr6_plus,max_plausibility,6,3,1.0,1.0,nan
383,True,pcr6_plus,min_belief_interval_distance,6,3,1.0,1.0,nan
384,True,dempster,betp,6,3,1.0,1.0,0.0005754410634892184
384,True,dempster,dsmp_epsilon_0.001,6,3,1.0,1.0,0.0007140702421944678
384,True,dempster,max_belief,6,3,1.0,1.0,nan
384,True,dempster,max_plausibility,6,3,1.0,1.0,nan
384,True,dempster,min_belief_interval_distance,6,3,1.0,1.0,nan
384,True,pcr6,betp,6,3,1.0,1.0,0.007575338797754417
384,True,pcr6,dsmp_epsilon_0.001,6,3,1.0,1.0,0.13032518390590933
384,True,pcr6,max_belief,6,3,1.0,1.0,nan
384,True,pcr6,max_plausibility,6,3,1.0,1.0,nan
384,True,pcr6,min_belief_interval_distance,6,3,1.0,1.0,nan
384,True,pcr6_plus,betp,6,3,1.0,1.0,0.05302104870864115
384,True,pcr6_plus,dsmp_epsilon_0.001,6,3,1.0,1.0,0.09566489807699452
384,True,pcr6_plus,max_belief,6,3,1.0,1.0,nan
384,True,pcr6_plus,max_plausibility,6,3,1.0,1.0,nan
384,True,pcr6_plus,min_belief_interval_distance,6,3,1.0,1.0,nan
385,True,dempster,betp,6,3,1.0,1.0,0.15409553071007015
385,True,dempster,dsmp_epsilon_0.001,6,3,1.0,1.0,0.23197915081125123
385,True,dempster,max_belief,6,3,1.0,1.0,nan
385,True,dempster,max_plausibility,6,3,1.0,1.0,nan
385,True,dempster,min_belief_interval_distance,6,3,1.0,1.0,nan
385,True,pcr6,betp,6,3,1.0,1.0,0.12488351373535825
385,True,pcr6,dsmp_epsilon_0.001,6,3,1.0,1.0,0.2242729771598232
385,True,pcr6,max_belief,6,3,1.0,1.0,nan
385,True,pcr6,max_plausibility,6,3,1.0,1.0,nan
385,True,pcr6,min_belief_interval_distance,6,3,1.0,1.0,nan
385,True,pcr6_plus,betp,6,3,1.0,1.0,0.14313403587880233
385,True,pcr6_plus,dsmp_epsilon_0.001,6,3,1.0,1.0,0.21036997977491795
385,True,pcr6_plus,max_belief,6,3,1.0,1.0,nan
385,True,pcr6_plus,max_plausibility,6,3,1.0,1.0,nan
385,True,pcr6_plus,min_belief_interval_distance,6,3,1.0,1.0,nan
386,True,dempster,betp,6,4,0.0,0.6666666666666666,0.6061653270668635
386,True,dempster,dsmp_epsilon_0.001,6,4,0.0,0.6666666666666666,0.6161076503470944
386,True,dempster,max_belief,6,4,0.0,0.6666666666666666,nan
386,True,dempster,max_plausibility,6,4,0.0,0.6666666666666666,nan
386,True,dempster,min_belief_interval_distance,6,4,0.0,0.6666666666666666,nan
386,True,pcr6,betp,6,4,0.0,0.6666666666666666,0.1387217909140565
386,True,pcr6,dsmp_epsilon_0.001,6,4,0.0,0.6666666666666666,0.3924743718647609
386,True,pcr6,max_belief,6,4,0.0,0.6666666666666666,nan
386,True,pcr6,max_plausibility,6,4,0.0,0.6666666666666666,nan
386,True,pcr6,min_belief_interval_distance,6,4,0.0,0.6666666666666666,nan
386,True,pcr6_plus,betp,6,4,0.0,0.6666666666666666,0.20145960839653573
386,True,pcr6_plus,dsmp_epsilon_0.001,6,4,0.0,0.6666666666666666,0.31853153060139894
386,True,pcr6_plus,max_belief,6,4,0.0,0.6666666666666666,nan
386,True,pcr6_plus,max_plausibility,6,4,0.0,0.6666666666666666,nan
386,True,pcr6_plus,min_belief_interval_distance,6,4,0.0,0.6666666666666666,nan
387,True,dempster,betp,6,3,1.0,1.0,0.4304446111556927
387,True,dempster,dsmp_epsilon_0.001,6,3,1.0,1.0,0.6065897431931563
387,True,dempster,max_belief,6,3,1.0,1.0,nan
387,True,dempster,max_plausibility,6,3,1.0,1.0,nan
387,True,dempster,min_belief_interval_distance,6,3,1.0,1.0,nan
387,True,pcr6,betp,6,3,1.0,1.0,0.349276022675583
387,True,pcr6,dsmp_epsilon_0.001,6,3,1.0,1.0,0.6006748806093238
387,True,pcr6,max_belief,6,3,1.0,1.0,nan
387,True,pcr6,max_plausibility,6,3,1.0,1.0,nan
387,True,pcr6,min_belief_interval_distance,6,3,1.0,1.0,nan
387,True,pcr6_plus,betp,6,3,1.0,1.0,0.37432364198799867
387,True,pcr6_plus,dsmp_epsilon_0.001,6,3,1.0,1.0,0.5801047932559729
387,True,pcr6_plus,max_belief,6,3,1.0,1.0,nan
387,True,pcr6_plus,max_plausibility,6,3,1.0,1.0,nan
387,True,pcr6_plus,min_belief_interval_distance,6,3,1.0,1.0,nan
388,True,dempster,betp,6,4,1.0,1.0,0.626035766376111
388,True,dempster,dsmp_epsilon_0.001,6,4,0.0,0.6666666666666666,0.6456245700414626
388,True,dempster,max_belief,6,4,0.0,0.6666666666666666,nan
388,True,dempster,max_plausibility,6,4,1.0,1.0,nan
388,True,dempster,min_belief_interval_distance,6,4,1.0,1.0,nan
388,True,pcr6,betp,6,4,1.0,1.0,0.3126297544321691
388,True,pcr6,dsmp_epsilon_0.001,6,4,0.0,0.6666666666666666,0.5834826092213072
388,True,pcr6,max_belief,6,4,0.0,0.6666666666666666,nan
388,True,pcr6,max_plausibility,6,4,1.0,1.0,nan
388,True,pcr6,min_belief_interval_distance,6,4,1.0,1.0,nan
388,True,pcr6_plus,betp,6,4,1.0,1.0,0.3229739089966238
388,True,pcr6_plus,dsmp_epsilon_0.001,6,4,0.0,0.6666666666666666,0.5743253720681539
388,True,pcr6_plus,max_belief,6,4,0.0,0.6666666666666666,nan
388,True,pcr6_plus,max_plausibility,6,4,1.0,1.0,nan
388,True,pcr6_plus,min_belief_interval_distance,6,4,1.0,1.0,nan
389,False,dempster,betp,6,2,0.0,0.8,0.387278786815637
389,False,dempster,dsmp_epsilon_0.001,6,2,0.0,0.8,0.47249869971291825
389,False,dempster,max_belief,6,2,0.0,0.8,nan
389,False,dempster,max_plausibility,6,2,0.0,0.8,nan
389,False,dempster,min_belief_interval_distance,6,2,0.0,0.8,nan
389,False,pcr6,betp,6,2,0.0,0.8,0.3255117367295773
389,False,pcr6,dsmp_epsilon_0.001,6,2,0.0,0.8,0.4702026221527521
389,False,pcr6,max_belief,6,2,0.0,0.8,nan
389,False,pcr6,max_plausibility,6,2,0.0,0.8,nan
389,False,pcr6,min_belief_interval_distance,6,2,0.0,0.8,nan
389,False,pcr6_plus,betp,6,2,0.0,0.8,0.38743008905391324
389,False,pcr6_plus,dsmp_epsilon_0.001,6,2,0.0,0.8,0.4624267258744276
389,False,pcr6_plus,max_belief,6,2,0.0,0.8,nan
389,False,pcr6_plus,max_plausibility,6,2,0.0,0.8,nan
389,False,pcr6_plus,min_belief_interval_distance,6,2,0.0,0.8,nan
390,True,dempster,betp,6,3,0.0,0.6666666666666666,0.6515486085103834
390,True,dempster,dsmp_epsilon_0.001,6,3,0.0,0.6666666666666666,0.7715434287295679
390,True,dempster,max_belief,6,3,0.0,0.6666666666666666,nan
390,True,dempster,max_plausibility,6,3,0.0,0.6666666666666666,nan
390,True,dempster,min_belief_interval_distance,6,3,0.0,0.6666666666666666,nan
390,True,pcr6,betp,6,3,0.0,0.6666666666666666,0.37447425652574295
390,True,pcr6,dsmp_epsilon_0.001,6,3,0.0,0.6666666666666666,0.7078935907707035
390,True,pcr6,max_belief,6,3,0.0,0.6666666666666666,nan
390,True,pcr6,max_plausibility,6,3,0.0,0.6666666666666666,nan
390,True,pcr6,min_belief_interval_distance,6,3,0.0,0.6666666666666666,nan
390,True,pcr6_plus,betp,6,3,0.0,0.6666666666666666,0.42359310386061405
390,True,pcr6_plus,dsmp_epsilon_0.001,6,3,0.0,0.6666666666666666,0.6765179428417513
390,True,pcr6_plus,max_belief,6,3,0.0,0.6666666666666666,nan
390,True,pcr6_plus,max_plausibility,6,3,0.0,0.6666666666666666,nan
390,True,pcr6_plus,min_belief_interval_distance,6,3,0.0,0.6666666666666666,nan
391,True,dempster,betp,4,4,0.0,0.6666666666666666,0.5206743972072438
391,True,dempster,dsmp_epsilon_0.001,4,4,0.0,0.6666666666666666,1.0942310378535112
391,True,dempster,max_belief,4,4,0.0,0.6666666666666666,nan
391,True,dempster,max_plausibility,4,4,0.0,0.6666666666666666,nan
391,True,dempster,min_belief_interval_distance,4,4,0.0,0.6666666666666666,nan
391,True,pcr6,betp,4,4,0.0,0.6666666666666666,0.31750733954344385
391,True,pcr6,dsmp_epsilon_0.001,4,4,0.0,0.6666666666666666,0.8263562126677764
391,True,pcr6,max_belief,4,4,0.0,0.6666666666666666,nan
391,True,pcr6,max_plausibility,4,4,0.0,0.6666666666666666,nan
391,True,pcr6,min_belief_interval_distance,4,4,0.0,0.6666666666666666,nan
391,True,pcr6_plus,betp,4,4,0.0,0.6666666666666666,0.36740464707224146
391,True,pcr6_plus,dsmp_epsilon_0.001,4,4,0.0,0.6666666666666666,0.8256354783677146
391,True,pcr6_plus,max_belief,4,4,0.0,0.6666666666666666,nan
391,True,pcr6_plus,max_plausibility,4,4,0.0,0.6666666666666666,nan
391,True,pcr6_plus,min_belief_interval_distance,4,4,0.0,0.6666666666666666,nan
392,True,dempster,betp,4,4,0.0,0.6666666666666666,0.08745821984647198
392,True,dempster,dsmp_epsilon_0.001,4,4,0.0,0.6666666666666666,0.16162876749751823
392,True,dempster,max_belief,4,4,0.0,0.6666666666666666,nan
392,True,dempster,max_plausibility,4,4,0.0,0.6666666666666666,nan
392,True,dempster,min_belief_interval_distance,4,4,0.0,0.6666666666666666,nan
392,True,pcr6,betp,4,4,0.0,0.6666666666666666,0.0830642184024735
392,True,pcr6,dsmp_epsilon_0.001,4,4,0.0,0.6666666666666666,0.15989490490452918
392,True,pcr6,max_belief,4,4,0.0,0.6666666666666666,nan
392,True,pcr6,max_plausibility,4,4,0.0,0.6666666666666666,nan
392,True,pcr6,min_belief_interval_distance,4,4,0.0,0.6666666666666666,nan
392,True,pcr6_plus,betp,4,4,0.0,0.6666666666666666,0.08744515323606677
392,True,pcr6_plus,dsmp_epsilon_0.001,4,4,0.0,0.6666666666666666,0.15952510816422938
392,True,pcr6_plus,max_belief,4,4,0.0,0.6666666666666666,nan
392,True,pcr6_plus,max_plausibility,4,4,0.0,0.6666666666666666,nan
392,True,pcr6_plus,min_belief_interval_distance,4,4,0.0,0.6666666666666666,nan
393,True,dempster,betp,6,4,1.0,1.0,0.39946623916669566
393,True,dempster,dsmp_epsilon_0.001,6,4,1.0,1.0,0.5839860666239975
393,True,dempster,max_belief,6,4,1.0,1.0,nan
393,True,dempster,max_plausibility,6,4,1.0,1.0,nan
393,True,dempster,min_belief_interval_distance,6,4,1.0,1.0,nan
393,True,pcr6,betp,6,4,1.0,1.0,0.158708280061842
393,True,pcr6,dsmp_epsilon_0.001,6,4,1.0,1.0,0.5013296500285565
393,True,pcr6,max_belief,6,4,1.0,1.0,nan
393,True,pcr6,max_plausibility,6,4,1.0,1.0,nan
393,True,pcr6,min_belief_interval_distance,6,4,1.0,1.0,nan
393,True,pcr6_plus,betp,6,4,1.0,1.0,0.1762085703399336
393,True,pcr6_plus,dsmp_epsilon_0.001,6,4,1.0,1.0,0.44212420881050596
393,True,pcr6_plus,max_belief,6,4,1.0,1.0,nan
393,True,pcr6_plus,max_plausibility,6,4,1.0,1.0,nan
393,True,pcr6_plus,min_belief_interval_distance,6,4,1.0,1.0,nan
394,True,dempster,betp,5,3,1.0,1.0,0.14813521618922837
394,True,dempster,dsmp_epsilon_0.001,5,3,1.0,1.0,0.2501727876998163
394,True,dempster,max_belief,5,3,1.0,1.0,nan
394,True,dempster,max_plausibility,5,3,1.0,1.0,nan
394,True,dempster,min_belief_interval_distance,5,3,1.0,1.0,nan
394,True,pcr6,betp,5,3,1.0,1.0,0.1350061381170255
394,True,pcr6,dsmp_epsilon_0.001,5,3,1.0,1.0,0.24756285126146982
394,True,pcr6,max_belief,5,3,1.0,1.0,nan
394,True,pcr6,max_plausibility,5,3,1.0,1.0,nan
394,True,pcr6,min_belief_interval_distance,5,3,1.0,1.0,nan
394,True,pcr6_plus,betp,5,3,1.0,1.0,0.14744747252520998
394,True,pcr6_plus,dsmp_epsilon_0.001,5,3,1.0,1.0,0.24739200219509755
394,True,pcr6_plus,max_belief,5,3,1.0,1.0,nan
394,True,pcr6_plus,max_plausibility,5,3,1.0,1.0,nan
394,True,pcr6_plus,min_belief_interval_distance,5,3,1.0,1.0,nan
395,False,dempster,betp,6,2,0.0,0.8,0.12275432357954796
395,False,dempster,dsmp_epsilon_0.001,6,2,0.0,0.8,0.38888707992690263
395,False,dempster,max_belief,6,2,0.0,0.8,nan
395,False,dempster,max_plausibility,6,2,0.0,0.8,nan
395,False,dempster,min_belief_interval_distance,6,2,0.0,0.8,nan
395,False,pcr6,betp,6,2,0.0,0.8,0.11559874672345098
395,False,pcr6,dsmp_epsilon_0.001,6,2,0.0,0.8,0.3886351278341466
395,False,pcr6,max_belief,6,2,0.0,0.8,nan
395,False,pcr6,max_plausibility,6,2,0.0,0.8,nan
395,False,pcr6,min_belief_interval_distance,6,2,0.0,0.8,nan
395,False,pcr6_plus,betp,6,2,0.0,0.8,0.1293961475714827
395,False,pcr6_plus,dsmp_epsilon_0.001,6,2,0.0,0.8,0.3867344450161344
395,False,pcr6_plus,max_belief,6,2,0.0,0.8,nan
395,False,pcr6_plus,max_plausibility,6,2,0.0,0.8,nan
395,False,pcr6_plus,min_belief_interval_distance,6,2,0.0,0.8,nan
396,True,dempster,betp,6,3,1.0,1.0,0.48197304663221086
396,True,dempster,dsmp_epsilon_0.001,6,3,1.0,1.0,0.660685710340286
396,True,dempster,max_belief,6,3,1.0,1.0,nan
396,True,dempster,max_plausibility,6,3,1.0,1.0,nan
396,True,dempster,min_belief_interval_distance,6,3,1.0,1.0,nan
396,True,pcr6,betp,6,3,1.0,1.0,0.47423155181763765
396,True,pcr6,dsmp_epsilon_0.001,6,3,1.0,1.0,0.6605868913130112
396,True,pcr6,max_belief,6,3,1.0,1.0,nan
396,True,pcr6,max_plausibility,6,3,1.0,1.0,nan
396,True,pcr6,min_belief_interval_distance,6,3,1.0,1.0,nan
396,True,pcr6_plus,betp,6,3,1.0,1.0,0.4830223923946828
396,True,pcr6_plus,dsmp_epsilon_0.001,6,3,1.0,1.0,0.6601827409158136
396,True,pcr6_plus,max_belief,6,3,1.0,1.0,nan
396,True,pcr6_plus,max_plausibility,6,3,1.0,1.0,nan
396,True,pcr6_plus,min_belief_interval_distance,6,3,1.0,1.0,nan
397,True,dempster,betp,6,4,0.0,0.6666666666666666,0.507463444924023
397,True,dempster,dsmp_epsilon_0.001,6,4,0.0,0.6666666666666666,0.5099912040557932
397,True,dempster,max_belief,6,4,0.0,0.6666666666666666,nan
397,True,dempster,max_plausibility,6,4,0.0,0.6666666666666666,nan
397,True,dempster,min_belief_interval_distance,6,4,0.0,0.6666666666666666,nan
397,True,pcr6,betp,6,4,0.0,0.6666666666666666,0.2150452175700425
397,True,pcr6,dsmp_epsilon_0.001,6,4,0.0,0.6666666666666666,0.3690897235447199
397,True,pcr6,max_belief,6,4,0.0,0.6666666666666666,nan
397,True,pcr6,max_plausibility,6,4,0.0,0.6666666666666666,nan
397,True,pcr6,min_belief_interval_distance,6,4,0.0,0.6666666666666666,nan
397,True,pcr6_plus,betp,6,4,0.0,0.6666666666666666,0.2535036211977724
397,True,pcr6_plus,dsmp_epsilon_0.001,6,4,0.0,0.6666666666666666,0.3490817667447672
397,True,pcr6_plus,max_belief,6,4,0.0,0.6666666666666666,nan
397,True,pcr6_plus,max_plausibility,6,4,0.0,0.6666666666666666,nan
397,True,pcr6_plus,min_belief_interval_distance,6,4,0.0,0.6666666666666666,nan
398,True,dempster,betp,6,4,0.0,0.6666666666666666,0.1914170546749632
398,True,dempster,dsmp_epsilon_0.001,6,4,0.0,0.6666666666666666,0.5728298613722883
398,True,dempster,max_belief,6,4,0.0,0.6666666666666666,nan
398,True,dempster,max_plausibility,6,4,0.0,0.6666666666666666,nan
398,True,dempster,min_belief_interval_distance,6,4,0.0,0.6666666666666666,nan
398,True,pcr6,betp,6,4,0.0,0.6666666666666666,0.06488441337071396
398,True,pcr6,dsmp_epsilon_0.001,6,4,0.0,0.6666666666666666,0.48084724529101736
398,True,pcr6,max_belief,6,4,0.0,0.6666666666666666,nan
398,True,pcr6,max_plausibility,6,4,0.0,0.6666666666666666,nan
398,True,pcr6,min_belief_interval_distance,6,4,0.0,0.6666666666666666,nan
398,True,pcr6_plus,betp,6,4,0.0,0.6666666666666666,0.0760425177417851
398,True,pcr6_plus,dsmp_epsilon_0.001,6,4,0.0,0.6666666666666666,0.43311268669308967
398,True,pcr6_plus,max_belief,6,4,0.0,0.6666666666666666,nan
398,True,pcr6_plus,max_plausibility,6,4,0.0,0.6666666666666666,nan
398,True,pcr6_plus,min_belief_interval_distance,6,4,0.0,0.6666666666666666,nan
399,True,dempster,betp,6,4,0.0,0.6666666666666666,0.06425980549891644
399,True,dempster,dsmp_epsilon_0.001,6,4,1.0,1.0,0.07873307717728736
399,True,dempster,max_belief,6,4,1.0,1.0,nan
399,True,dempster,max_plausibility,6,4,0.0,0.6666666666666666,nan
399,True,dempster,min_belief_interval_distance,6,4,0.0,0.6666666666666666,nan
399,True,pcr6,betp,6,4,1.0,1.0,0.07136848070539609
399,True,pcr6,dsmp_epsilon_0.001,6,4,1.0,1.0,0.07904263829173434
399,True,pcr6,max_belief,6,4,1.0,1.0,nan
399,True,pcr6,max_plausibility,6,4,1.0,1.0,nan
399,True,pcr6,min_belief_interval_distance,6,4,1.0,1.0,nan
399,True,pcr6_plus,betp,6,4,1.0,1.0,0.05921665284940403
399,True,pcr6_plus,dsmp_epsilon_0.001,6,4,1.0,1.0,0.06922423978440459
399,True,pcr6_plus,max_belief,6,4,1.0,1.0,nan
399,True,pcr6_plus,max_plausibility,6,4,1.0,1.0,nan
399,True,pcr6_plus,min_belief_interval_distance,6,4,1.0,1.0,nan
400,True,dempster,betp,5,3,1.0,1.0,0.010558455743354626
400,True,dempster,dsmp_epsilon_0.001,5,3,1.0,1.0,0.197785855453453
400,True,dempster,max_belief,5,3,1.0,1.0,nan
400,True,dempster,max_plausibility,5,3,1.0,1.0,nan
400,True,dempster,min_belief_interval_distance,5,3,1.0,1.0,nan
400,True,pcr6,betp,5,3,1.0,1.0,0.010276189069129419
400,True,pcr6,dsmp_epsilon_0.001,5,3,1.0,1.0,0.19861299828981402
400,True,pcr6,max_belief,5,3,1.0,1.0,nan
400,True,pcr6,max_plausibility,5,3,1.0,1.0,nan
400,True,pcr6,min_belief_interval_distance,5,3,1.0,1.0,nan
400,True,pcr6_plus,betp,5,3,1.0,1.0,0.01190812904788473
400,True,pcr6_plus,dsmp_epsilon_0.001,5,3,1.0,1.0,0.2077720020541301
400,True,pcr6_plus,max_belief,5,3,1.0,1.0,nan
400,True,pcr6_plus,max_plausibility,5,3,1.0,1.0,nan
400,True,pcr6_plus,min_belief_interval_distance,5,3,1.0,1.0,nan
401,True,dempster,betp,6,3,1.0,1.0,0.0005150101602380568
401,True,dempster,dsmp_epsilon_0.001,6,3,1.0,1.0,0.09837938708746584
401,True,dempster,max_belief,6,3,1.0,1.0,nan
401,True,dempster,max_plausibility,6,3,1.0,1.0,nan
401,True,dempster,min_belief_interval_distance,6,3,1.0,1.0,nan
401,True,pcr6,betp,6,3,1.0,1.0,0.0005007160320947148
401,True,pcr6,dsmp_epsilon_0.001,6,3,1.0,1.0,0.0985882049638428
401,True,pcr6,max_belief,6,3,1.0,1.0,nan
401,True,pcr6,max_plausibility,6,3,1.0,1.0,nan
401,True,pcr6,min_belief_interval_distance,6,3,1.0,1.0,nan
401,True,pcr6_plus,betp,6,3,1.0,1.0,0.0005684764974632891
401,True,pcr6_plus,dsmp_epsilon_0.001,6,3,1.0,1.0,0.10096607203643435
401,True,pcr6_plus,max_belief,6,3,1.0,1.0,nan
401,True,pcr6_plus,max_plausibility,6,3,1.0,1.0,nan
401,True,pcr6_plus,min_belief_interval_distance,6,3,1.0,1.0,nan
402,True,dempster,betp,5,3,1.0,1.0,0.005908737885614427
402,True,dempster,dsmp_epsilon_0.001,5,3,1.0,1.0,0.2154333142390043
402,True,dempster,max_belief,5,3,1.0,1.0,nan
402,True,dempster,max_plausibility,5,3,1.0,1.0,nan
402,True,dempster,min_belief_interval_distance,5,3,1.0,1.0,nan
402,True,pcr6,betp,5,3,1.0,1.0,0.0057469110019670346
402,True,pcr6,dsmp_epsilon_0.001,5,3,1.0,1.0,0.21696386432161457
402,True,pcr6,max_belief,5,3,1.0,1.0,nan
402,True,pcr6,max_plausibility,5,3,1.0,1.0,nan
402,True,pcr6,min_belief_interval_distance,5,3,1.0,1.0,nan
402,True,pcr6_plus,betp,5,3,1.0,1.0,0.007347852076837805
402,True,pcr6_plus,dsmp_epsilon_0.001,5,3,1.0,1.0,0.22689740052144855
402,True,pcr6_plus,max_belief,5,3,1.0,1.0,nan
402,True,pcr6_plus,max_plausibility,5,3,1.0,1.0,nan
402,True,pcr6_plus,min_belief_interval_distance,5,3,1.0,1.0,nan
403,True,dempster,betp,3,3,1.0,1.0,0.17402786485245975
403,True,dempster,dsmp_epsilon_0.001,3,3,1.0,1.0,0.2932920587155312
403,True,dempster,max_belief,3,3,1.0,1.0,nan
403,True,dempster,max_plausibility,3,3,1.0,1.0,nan
403,True,dempster,min_belief_interval_distance,3,3,1.0,1.0,nan
403,True,pcr6,betp,3,3,1.0,1.0,0.17223410941036943
403,True,pcr6,dsmp_epsilon_0.001,3,3,1.0,1.0,0.2955739574332009
403,True,pcr6,max_belief,3,3,1.0,1.0,nan
403,True,pcr6,max_plausibility,3,3,1.0,1.0,nan
403,True,pcr6,min_belief_interval_distance,3,3,1.0,1.0,nan
403,True,pcr6_plus,betp,3,3,1.0,1.0,0.17448626890457852
403,True,pcr6_plus,dsmp_epsilon_0.001,3,3,1.0,1.0,0.2983578238357627
403,True,pcr6_plus,max_belief,3,3,1.0,1.0,nan
403,True,pcr6_plus,max_plausibility,3,3,1.0,1.0,nan
403,True,pcr6_plus,min_belief_interval_distance,3,3,1.0,1.0,nan
404,True,dempster,betp,5,3,1.0,1.0,0.19581569710925212
404,True,dempster,dsmp_epsilon_0.001,5,3,1.0,1.0,0.35960857962063847
404,True,dempster,max_belief,5,3,1.0,1.0,nan
404,True,dempster,max_plausibility,5,3,1.0,1.0,nan
404,True,dempster,min_belief_interval_distance,5,3,1.0,1.0,nan
404,True,pcr6,betp,5,3,1.0,1.0,0.184248190742075
404,True,pcr6,dsmp_epsilon_0.001,5,3,1.0,1.0,0.3620895965286402
404,True,pcr6,max_belief,5,3,1.0,1.0,nan
404,True,pcr6,max_plausibility,5,3,1.0,1.0,nan
404,True,pcr6,min_belief_interval_distance,5,3,1.0,1.0,nan
404,True,pcr6_plus,betp,5,3,1.0,1.0,0.20152260640221387
404,True,pcr6_plus,dsmp_epsilon_0.001,5,3,1.0,1.0,0.3724506748439502
404,True,pcr6_plus,max_belief,5,3,1.0,1.0,nan
404,True,pcr6_plus,max_plausibility,5,3,1.0,1.0,nan
404,True,pcr6_plus,min_belief_interval_distance,5,3,1.0,1.0,nan
405,False,dempster,betp,6,2,0.0,0.8,0.011157056124969722
405,False,dempster,dsmp_epsilon_0.001,6,2,0.0,0.8,0.020078443647594743
405,False,dempster,max_belief,6,2,0.0,0.8,nan
405,False,dempster,max_plausibility,6,2,0.0,0.8,nan
405,False,dempster,min_belief_interval_distance,6,2,0.0,0.8,nan
405,False,pcr6,betp,6,2,0.0,0.8,0.005262505268702762
405,False,pcr6,dsmp_epsilon_0.001,6,2,0.0,0.8,0.01632282563178171
405,False,pcr6,max_belief,6,2,0.0,0.8,nan
405,False,pcr6,max_plausibility,6,2,0.0,0.8,nan
405,False,pcr6,min_belief_interval_distance,6,2,0.0,0.8,nan
405,False,pcr6_plus,betp,6,2,0.0,0.8,0.006529299684830259
405,False,pcr6_plus,dsmp_epsilon_0.001,6,2,0.0,0.8,0.009415510441467089
405,False,pcr6_plus,max_belief,6,2,0.0,0.8,nan
405,False,pcr6_plus,max_plausibility,6,2,0.0,0.8,nan
405,False,pcr6_plus,min_belief_interval_distance,6,2,0.0,0.8,nan
406,True,dempster,betp,6,4,0.0,0.6666666666666666,0.30939028494068227
406,True,dempster,dsmp_epsilon_0.001,6,4,0.0,0.6666666666666666,0.527732719283566
406,True,dempster,max_belief,6,4,0.0,0.6666666666666666,nan
406,True,dempster,max_plausibility,6,4,0.0,0.6666666666666666,nan
406,True,dempster,min_belief_interval_distance,6,4,0.0,0.6666666666666666,nan
406,True,pcr6,betp,6,4,0.0,0.6666666666666666,0.22773850570459028
406,True,pcr6,dsmp_epsilon_0.001,6,4,0.0,0.6666666666666666,0.5426854401154608
406,True,pcr6,max_belief,6,4,0.0,0.6666666666666666,nan
406,True,pcr6,max_plausibility,6,4,0.0,0.6666666666666666,nan
406,True,pcr6,min_belief_interval_distance,6,4,0.0,0.6666666666666666,nan
406,True,pcr6_plus,betp,6,4,0.0,0.6666666666666666,0.3522461008697157
406,True,pcr6_plus,dsmp_epsilon_0.001,6,4,0.0,0.6666666666666666,0.5437994353268097
406,True,pcr6_plus,max_belief,6,4,0.0,0.6666666666666666,nan
406,True,pcr6_plus,max_plausibility,6,4,0.0,0.6666666666666666,nan
406,True,pcr6_plus,min_belief_interval_distance,6,4,0.0,0.6666666666666666,nan
407,True,dempster,betp,6,4,0.0,0.6666666666666666,0.13101341966952273
407,True,dempster,dsmp_epsilon_0.001,6,4,1.0,1.0,0.15558299574759593
407,True,dempster,max_belief,6,4,1.0,1.0,nan
407,True,dempster,max_plausibility,6,4,0.0,0.6666666666666666,nan
407,True,dempster,min_belief_interval_distance,6,4,0.0,0.6666666666666666,nan
407,True,pcr6,betp,6,4,0.0,0.6666666666666666,0.10217200070351126
407,True,pcr6,dsmp_epsilon_0.001,6,4,1.0,1.0,0.21384187254645554
407,True,pcr6,max_belief,6,4,1.0,1.0,nan
407,True,pcr6,max_plausibility,6,4,0.0,0.6666666666666666,nan
407,True,pcr6,min_belief_interval_distance,6,4,0.0,0.6666666666666666,nan
407,True,pcr6_plus,betp,6,4,0.0,0.6666666666666666,0.16558969055917944
407,True,pcr6_plus,dsmp_epsilon_0.001,6,4,0.0,0.6666666666666666,0.1581234907483467
407,True,pcr6_plus,max_belief,6,4,1.0,1.0,nan
407,True,pcr6_plus,max_plausibility,6,4,0.0,0.6666666666666666,nan
407,True,pcr6_plus,min_belief_interval_distance,6,4,0.0,0.6666666666666666,nan
408,True,dempster,betp,6,3,0.0,0.6666666666666666,0.18732067794781154
408,True,dempster,dsmp_epsilon_0.001,6,3,0.0,0.6666666666666666,0.24624846836709186
408,True,dempster,max_belief,6,3,0.0,0.6666666666666666,nan
408,True,dempster,max_plausibility,6,3,0.0,0.6666666666666666,nan
408,True,dempster,min_belief_interval_distance,6,3,0.0,0.6666666666666666,nan
408,True,pcr6,betp,6,3,0.0,0.6666666666666666,0.09962944345042668
408,True,pcr6,dsmp_epsilon_0.001,6,3,0.0,0.6666666666666666,0.20962751603074753
408,True,pcr6,max_belief,6,3,0.0,0.6666666666666666,nan
408,True,pcr6,max_plausibility,6,3,0.0,0.6666666666666666,nan
408,True,pcr6,min_belief_interval_distance,6,3,0.0,0.6666666666666666,nan
408,True,pcr6_plus,betp,6,3,0.0,0.6666666666666666,0.121126369759558
408,True,pcr6_plus,dsmp_epsilon_0.001,6,3,0.0,0.6666666666666666,0.1508778340184898
408,True,pcr6_plus,max_belief,6,3,0.0,0.6666666666666666,nan
408,True,pcr6_plus,max_plausibility,6,3,0.0,0.6666666666666666,nan
408,True,pcr6_plus,min_belief_interval_distance,6,3,0.0,0.6666666666666666,nan
409,True,dempster,betp,6,5,0.0,0.6666666666666666,0.17054849719383086
409,True,dempster,dsmp_epsilon_0.001,6,5,0.0,0.6666666666666666,0.4001238293944476
409,True,dempster,max_belief,6,5,0.0,0.6666666666666666,nan
409,True,dempster,max_plausibility,6,5,0.0,0.6666666666666666,nan
409,True,dempster,min_belief_interval_distance,6,5,0.0,0.6666666666666666,nan
409,True,pcr6,betp,6,5,0.0,0.6666666666666666,0.09385023764626274
409,True,pcr6,dsmp_epsilon_0.001,6,5,0.0,0.6666666666666666,0.3471247333439126
409,True,pcr6,max_belief,6,5,0.0,0.6666666666666666,nan
409,True,pcr6,max_plausibility,6,5,0.0,0.6666666666666666,nan
409,True,pcr6,min_belief_interval_distance,6,5,0.0,0.6666666666666666,nan
409,True,pcr6_plus,betp,6,5,0.0,0.6666666666666666,0.08448354677374217
409,True,pcr6_plus,dsmp_epsilon_0.001,6,5,0.0,0.6666666666666666,0.37089784187417507
409,True,pcr6_plus,max_belief,6,5,0.0,0.6666666666666666,nan
409,True,pcr6_plus,max_plausibility,6,5,0.0,0.6666666666666666,nan
409,True,pcr6_plus,min_belief_interval_distance,6,5,0.0,0.6666666666666666,nan
410,True,dempster,betp,6,4,1.0,1.0,0.052188563705885066
410,True,dempster,dsmp_epsilon_0.001,6,4,1.0,1.0,0.12691703236958196
410,True,dempster,max_belief,6,4,1.0,1.0,nan
410,True,dempster,max_plausibility,6,4,1.0,1.0,nan
410,True,dempster,min_belief_interval_distance,6,4,1.0,1.0,nan
410,True,pcr6,betp,6,4,1.0,1.0,0.052400077796085506
410,True,pcr6,dsmp_epsilon_0.001,6,4,1.0,1.0,0.13678873741299483
410,True,pcr6,max_belief,6,4,1.0,1.0,nan
410,True,pcr6,max_plausibility,6,4,1.0,1.0,nan
410,True,pcr6,min_belief_interval_distance,6,4,1.0,1.0,nan
410,True,pcr6_plus,betp,6,4,1.0,1.0,0.05871993832564655
410,True,pcr6_plus,dsmp_epsilon_0.001,6,4,1.0,1.0,0.14046710793845538
410,True,pcr6_plus,max_belief,6,4,1.0,1.0,nan
410,True,pcr6_plus,max_plausibility,6,4,1.0,1.0,nan
410,True,pcr6_plus,min_belief_interval_distance,6,4,1.0,1.0,nan
411,True,dempster,betp,6,3,1.0,1.0,0.19395790680829253
411,True,dempster,dsmp_epsilon_0.001,6,3,1.0,1.0,0.47595423286570765
411,True,dempster,max_belief,6,3,1.0,1.0,nan
411,True,dempster,max_plausibility,6,3,1.0,1.0,nan
411,True,dempster,min_belief_interval_distance,6,3,1.0,1.0,nan
411,True,pcr6,betp,6,3,1.0,1.0,0.1736035027501396
411,True,pcr6,dsmp_epsilon_0.001,6,3,1.0,1.0,0.47541197160439963
411,True,pcr6,max_belief,6,3,1.0,1.0,nan
411,True,pcr6,max_plausibility,6,3,1.0,1.0,nan
411,True,pcr6,min_belief_interval_distance,6,3,1.0,1.0,nan
411,True,pcr6_plus,betp,6,3,1.0,1.0,0.19110790541757397
411,True,pcr6_plus,dsmp_epsilon_0.001,6,3,1.0,1.0,0.47642489532311805
411,True,pcr6_plus,max_belief,6,3,1.0,1.0,nan
411,True,pcr6_plus,max_plausibility,6,3,1.0,1.0,nan
411,True,pcr6_plus,min_belief_interval_distance,6,3,1.0,1.0,nan
412,True,dempster,betp,6,4,0.0,0.6666666666666666,0.20562004421919683
412,True,dempster,dsmp_epsilon_0.001,6,4,0.0,0.6666666666666666,0.24292821728047492
412,True,dempster,max_belief,6,4,0.0,0.6666666666666666,nan
412,True,dempster,max_plausibility,6,4,0.0,0.6666666666666666,nan
412,True,dempster,min_belief_interval_distance,6,4,0.0,0.6666666666666666,nan
412,True,pcr6,betp,6,4,0.0,0.6666666666666666,0.11263509076794943
412,True,pcr6,dsmp_epsilon_0.001,6,4,0.0,0.6666666666666666,0.1501205445361277
412,True,pcr6,max_belief,6,4,0.0,0.6666666666666666,nan
412,True,pcr6,max_plausibility,6,4,0.0,0.6666666666666666,nan
412,True,pcr6,min_belief_interval_distance,6,4,0.0,0.6666666666666666,nan
412,True,pcr6_plus,betp,6,4,0.0,0.6666666666666666,0.17759385394021854
412,True,pcr6_plus,dsmp_epsilon_0.001,6,4,0.0,0.6666666666666666,0.15719134520683864
412,True,pcr6_plus,max_belief,6,4,0.0,0.6666666666666666,nan
412,True,pcr6_plus,max_plausibility,6,4,0.0,0.6666666666666666,nan
412,True,pcr6_plus,min_belief_interval_distance,6,4,0.0,0.6666666666666666,nan
413,True,dempster,betp,6,3,0.0,0.6666666666666666,0.3066602201703296
413,True,dempster,dsmp_epsilon_0.001,6,3,0.0,0.6666666666666666,0.9216566188730732
413,True,dempster,max_belief,6,3,0.0,0.6666666666666666,nan
413,True,dempster,max_plausibility,6,3,0.0,0.6666666666666666,nan
413,True,dempster,min_belief_interval_distance,6,3,0.0,0.6666666666666666,nan
413,True,pcr6,betp,6,3,0.0,0.6666666666666666,0.30280177490650945
413,True,pcr6,dsmp_epsilon_0.001,6,3,0.0,0.6666666666666666,0.9229932553784872
413,True,pcr6,max_belief,6,3,0.0,0.6666666666666666,nan
413,True,pcr6,max_plausibility,6,3,0.0,0.6666666666666666,nan
413,True,pcr6,min_belief_interval_distance,6,3,0.0,0.6666666666666666,nan
413,True,pcr6_plus,betp,6,3,0.0,0.6666666666666666,0.3163440562436512
413,True,pcr6_plus,dsmp_epsilon_0.001,6,3,0.0,0.6666666666666666,0.9293296075364567
413,True,pcr6_plus,max_belief,6,3,0.0,0.6666666666666666,nan
413,True,pcr6_plus,max_plausibility,6,3,0.0,0.6666666666666666,nan
413,True,pcr6_plus,min_belief_interval_distance,6,3,0.0,0.6666666666666666,nan
414,True,dempster,betp,6,4,0.0,0.6666666666666666,0.5761265852894818
414,True,dempster,dsmp_epsilon_0.001,6,4,0.0,0.6666666666666666,0.6221988927371264
414,True,dempster,max_belief,6,4,0.0,0.6666666666666666,nan
414,True,dempster,max_plausibility,6,4,0.0,0.6666666666666666,nan
414,True,dempster,min_belief_interval_distance,6,4,0.0,0.6666666666666666,nan
414,True,pcr6,betp,6,4,0.0,0.6666666666666666,0.22373747868608962
414,True,pcr6,dsmp_epsilon_0.001,6,4,0.0,0.6666666666666666,0.5709374769753156
414,True,pcr6,max_belief,6,4,0.0,0.6666666666666666,nan
414,True,pcr6,max_plausibility,6,4,0.0,0.6666666666666666,nan
414,True,pcr6,min_belief_interval_distance,6,4,0.0,0.6666666666666666,nan
414,True,pcr6_plus,betp,6,4,0.0,0.6666666666666666,0.3397282343373329
414,True,pcr6_plus,dsmp_epsilon_0.001,6,4,0.0,0.6666666666666666,0.4873564045369079
414,True,pcr6_plus,max_belief,6,4,0.0,0.6666666666666666,nan
414,True,pcr6_plus,max_plausibility,6,4,0.0,0.6666666666666666,nan
414,True,pcr6_plus,min_belief_interval_distance,6,4,0.0,0.6666666666666666,nan
415,True,dempster,betp,6,3,0.0,0.6666666666666666,0.3883310308859307
415,True,dempster,dsmp_epsilon_0.001,6,3,0.0,0.6666666666666666,0.3980017933888196
415,True,dempster,max_belief,6,3,0.0,0.6666666666666666,nan
415,True,dempster,max_plausibility,6,3,0.0,0.6666666666666666,nan
415,True,dempster,min_belief_interval_distance,6,3,0.0,0.6666666666666666,nan
415,True,pcr6,betp,6,3,0.0,0.6666666666666666,0.09130376877279217
415,True,pcr6,dsmp_epsilon_0.001,6,3,0.0,0.6666666666666666,0.25123690209536864
415,True,pcr6,max_belief,6,3,0.0,0.6666666666666666,nan
415,True,pcr6,max_plausibility,6,3,0.0,0.6666666666666666,nan
415,True,pcr6,min_belief_interval_distance,6,3,0.0,0.6666666666666666,nan
415,True,pcr6_plus,betp,6,3,0.0,0.6666666666666666,0.08722612755311374
415,True,pcr6_plus,dsmp_epsilon_0.001,6,3,0.0,0.6666666666666666,0.23693914143275135
415,True,pcr6_plus,max_belief,6,3,0.0,0.6666666666666666,nan
415,True,pcr6_plus,max_plausibility,6,3,0.0,0.6666666666666666,nan
415,True,pcr6_plus,min_belief_interval_distance,6,3,0.0,0.6666666666666666,nan
416,True,dempster,betp,6,3,1.0,1.0,0.1821504961215681
416,True,dempster,dsmp_epsilon_0.001,6,3,1.0,1.0,0.19481634545019333
416,True,dempster,max_belief,6,3,1.0,1.0,nan
416,True,dempster,max_plausibility,6,3,1.0,1.0,nan
416,True,dempster,min_belief_interval_distance,6,3,1.0,1.0,nan
416,True,pcr6,betp,6,3,1.0,1.0,0.10950936831702807
416,True,pcr6,dsmp_epsilon_0.001,6,3,1.0,1.0,0.1848303863031844
416,True,pcr6,max_belief,6,3,1.0,1.0,nan
416,True,pcr6,max_plausibility,6,3,1.0,1.0,nan
416,True,pcr6,min_belief_interval_distance,6,3,1.0,1.0,nan
416,True,pcr6_plus,betp,6,3,1.0,1.0,0.16987735245690216
416,True,pcr6_plus,dsmp_epsilon_0.001,6,3,1.0,1.0,0.17408964663768206
416,True,pcr6_plus,max_belief,6,3,1.0,1.0,nan
416,True,pcr6_plus,max_plausibility,6,3,1.0,1.0,nan
416,True,pcr6_plus,min_belief_interval_distance,6,3,1.0,1.0,nan
417,True,dempster,betp,6,3,1.0,1.0,0.2684275840593697
417,True,dempster,dsmp_epsilon_0.001,6,3,1.0,1.0,0.3585823112021797
417,True,dempster,max_belief,6,3,1.0,1.0,nan
417,True,dempster,max_plausibility,6,3,1.0,1.0,nan
417,True,dempster,min_belief_interval_distance,6,3,1.0,1.0,nan
417,True,pcr6,betp,6,3,1.0,1.0,0.14415203262492354
417,True,pcr6,dsmp_epsilon_0.001,6,3,1.0,1.0,0.33602126017741224
417,True,pcr6,max_belief,6,3,1.0,1.0,nan
417,True,pcr6,max_plausibility,6,3,1.0,1.0,nan
417,True,pcr6,min_belief_interval_distance,6,3,1.0,1.0,nan
417,True,pcr6_plus,betp,6,3,1.0,1.0,0.20756166087063993
417,True,pcr6_plus,dsmp_epsilon_0.001,6,3,1.0,1.0,0.29469906366245063
417,True,pcr6_plus,max_belief,6,3,1.0,1.0,nan
417,True,pcr6_plus,max_plausibility,6,3,1.0,1.0,nan
417,True,pcr6_plus,min_belief_interval_distance,6,3,1.0,1.0,nan
418,True,dempster,betp,6,4,0.0,0.6666666666666666,0.16128703324904847
418,True,dempster,dsmp_epsilon_0.001,6,4,0.0,0.6666666666666666,0.22819646212705538
418,True,dempster,max_belief,6,4,0.0,0.6666666666666666,nan
418,True,dempster,max_plausibility,6,4,0.0,0.6666666666666666,nan
418,True,dempster,min_belief_interval_distance,6,4,0.0,0.6666666666666666,nan
418,True,pcr6,betp,6,4,0.0,0.6666666666666666,0.10538350192814919
418,True,pcr6,dsmp_epsilon_0.001,6,4,0.0,0.6666666666666666,0.41665103613295595
418,True,pcr6,max_belief,6,4,0.0,0.6666666666666666,nan
418,True,pcr6,max_plausibility,6,4,0.0,0.6666666666666666,nan
418,True,pcr6,min_belief_interval_distance,6,4,0.0,0.6666666666666666,nan
418,True,pcr6_plus,betp,6,4,0.0,0.6666666666666666,0.11763298839759054
418,True,pcr6_plus,dsmp_epsilon_0.001,6,4,0.0,0.6666666666666666,0.40216669932254034
418,True,pcr6_plus,max_belief,6,4,0.0,0.6666666666666666,nan
418,True,pcr6_plus,max_plausibility,6,4,0.0,0.6666666666666666,nan
418,True,pcr6_plus,min_belief_interval_distance,6,4,0.0,0.6666666666666666,nan
419,True,dempster,betp,6,3,1.0,1.0,0.009309216945040218
419,True,dempster,dsmp_epsilon_0.001,6,3,1.0,1.0,0.26132889008709675
419,True,dempster,max_belief,6,3,1.0,1.0,nan
419,True,dempster,max_plausibility,6,3,1.0,1.0,nan
419,True,dempster,min_belief_interval_distance,6,3,1.0,1.0,nan
419,True,pcr6,betp,6,3,1.0,1.0,0.009026272183705391
419,True,pcr6,dsmp_epsilon_0.001,6,3,1.0,1.0,0.26154773449144253
419,True,pcr6,max_belief,6,3,1.0,1.0,nan
419,True,pcr6,max_plausibility,6,3,1.0,1.0,nan
419,True,pcr6,min_belief_interval_distance,6,3,1.0,1.0,nan
419,True,pcr6_plus,betp,6,3,1.0,1.0,0.00993412052694127
419,True,pcr6_plus,dsmp_epsilon_0.001,6,3,1.0,1.0,0.26021580020856583
419,True,pcr6_plus,max_belief,6,3,1.0,1.0,nan
419,True,pcr6_plus,max_plausibility,6,3,1.0,1.0,nan
419,True,pcr6_plus,min_belief_interval_distance,6,3,1.0,1.0,nan
420,True,dempster,betp,6,4,0.0,0.6666666666666666,0.181619453477475
420,True,dempster,dsmp_epsilon_0.001,6,4,0.0,0.6666666666666666,0.7656506861086715
420,True,dempster,max_belief,6,4,0.0,0.6666666666666666,nan
420,True,dempster,max_plausibility,6,4,0.0,0.6666666666666666,nan
420,True,dempster,min_belief_interval_distance,6,4,0.0,0.6666666666666666,nan
420,True,pcr6,betp,6,4,0.0,0.6666666666666666,0.1797612154467313
420,True,pcr6,dsmp_epsilon_0.001,6,4,0.0,0.6666666666666666,0.7649785821209478
420,True,pcr6,max_belief,6,4,0.0,0.6666666666666666,nan
420,True,pcr6,max_plausibility,6,4,0.0,0.6666666666666666,nan
420,True,pcr6,min_belief_interval_distance,6,4,0.0,0.6666666666666666,nan
420,True,pcr6_plus,betp,6,4,0.0,0.6666666666666666,0.18446356546316714
420,True,pcr6_plus,dsmp_epsilon_0.001,6,4,0.0,0.6666666666666666,0.754691932069791
420,True,pcr6_plus,max_belief,6,4,0.0,0.6666666666666666,nan
420,True,pcr6_plus,max_plausibility,6,4,0.0,0.6666666666666666,nan
420,True,pcr6_plus,min_belief_interval_distance,6,4,0.0,0.6666666666666666,nan
421,False,dempster,betp,4,2,0.0,0.8,0.011671889925561604
421,False,dempster,dsmp_epsilon_0.001,4,2,0.0,0.8,0.48911306908135005
421,False,dempster,max_belief,4,2,0.0,0.8,nan
421,False,dempster,max_plausibility,4,2,0.0,0.8,nan
421,False,dempster,min_belief_interval_distance,4,2,0.0,0.8,nan
421,False,pcr6,betp,4,2,0.0,0.8,0.011671889925561604
421,False,pcr6,dsmp_epsilon_0.001,4,2,0.0,0.8,0.48911306908135005
421,False,pcr6,max_belief,4,2,0.0,0.8,nan
421,False,pcr6,max_plausibility,4,2,0.0,0.8,nan
421,False,pcr6,min_belief_interval_distance,4,2,0.0,0.8,nan
421,False,pcr6_plus,betp,4,2,0.0,0.8,0.011671889925561604
421,False,pcr6_plus,dsmp_epsilon_0.001,4,2,0.0,0.8,0.48911306908135005
421,False,pcr6_plus,max_belief,4,2,0.0,0.8,nan
421,False,pcr6_plus,max_plausibility,4,2,0.0,0.8,nan
421,False,pcr6_plus,min_belief_interval_distance,4,2,0.0,0.8,nan
422,True,dempster,betp,6,3,1.0,1.0,0.15605248561146287
422,True,dempster,dsmp_epsilon_0.001,6,3,1.0,1.0,0.16505607731378336
422,True,dempster,max_belief,6,3,1.0,1.0,nan
422,True,dempster,max_plausibility,6,3,1.0,1.0,nan
422,True,dempster,min_belief_interval_distance,6,3,1.0,1.0,nan
422,True,pcr6,betp,6,3,1.0,1.0,0.025931468845997382
422,True,pcr6,dsmp_epsilon_0.001,6,3,1.0,1.0,0.17396956414442594
422,True,pcr6,max_belief,6,3,1.0,1.0,nan
422,True,pcr6,max_plausibility,6,3,1.0,1.0,nan
422,True,pcr6,min_belief_interval_distance,6,3,1.0,1.0,nan
422,True,pcr6_plus,betp,6,3,1.0,1.0,0.05481828420079534
422,True,pcr6_plus,dsmp_epsilon_0.001,6,3,1.0,1.0,0.1647575880304488
422,True,pcr6_plus,max_belief,6,3,1.0,1.0,nan
422,True,pcr6_plus,max_plausibility,6,3,1.0,1.0,nan
422,True,pcr6_plus,min_belief_interval_distance,6,3,1.0,1.0,nan
423,True,dempster,betp,6,3,1.0,1.0,0.6136885886759712
423,True,dempster,dsmp_epsilon_0.001,6,3,1.0,1.0,0.6647080417005773
423,True,dempster,max_belief,6,3,1.0,1.0,nan
423,True,dempster,max_plausibility,6,3,1.0,1.0,nan
423,True,dempster,min_belief_interval_distance,6,3,1.0,1.0,nan
423,True,pcr6,betp,6,3,1.0,1.0,0.5817855052927322
423,True,pcr6,dsmp_epsilon_0.001,6,3,1.0,1.0,0.6644023383334633
423,True,pcr6,max_belief,6,3,1.0,1.0,nan
423,True,pcr6,max_plausibility,6,3,1.0,1.0,nan
423,True,pcr6,min_belief_interval_distance,6,3,1.0,1.0,nan
423,True,pcr6_plus,betp,6,3,1.0,1.0,0.5886116324157096
423,True,pcr6_plus,dsmp_epsilon_0.001,6,3,1.0,1.0,0.6639382726120922
423,True,pcr6_plus,max_belief,6,3,1.0,1.0,nan
423,True,pcr6_plus,max_plausibility,6,3,1.0,1.0,nan
423,True,pcr6_plus,min_belief_interval_distance,6,3,1.0,1.0,nan
424,True,dempster,betp,4,4,0.0,0.6666666666666666,0.6210281838713204
424,True,dempster,dsmp_epsilon_0.001,4,4,0.0,0.6666666666666666,1.1426707957444417
424,True,dempster,max_belief,4,4,0.0,0.6666666666666666,nan
424,True,dempster,max_plausibility,4,4,0.0,0.6666666666666666,nan
424,True,dempster,min_belief_interval_distance,4,4,0.0,0.6666666666666666,nan
424,True,pcr6,betp,4,4,0.0,0.6666666666666666,0.5819614849294742
424,True,pcr6,dsmp_epsilon_0.001,4,4,0.0,0.6666666666666666,1.1403915065387658
424,True,pcr6,max_belief,4,4,0.0,0.6666666666666666,nan
424,True,pcr6,max_plausibility,4,4,0.0,0.6666666666666666,nan
424,True,pcr6,min_belief_interval_distance,4,4,0.0,0.6666666666666666,nan
424,True,pcr6_plus,betp,4,4,0.0,0.6666666666666666,0.624032519865024
424,True,pcr6_plus,dsmp_epsilon_0.001,4,4,0.0,0.6666666666666666,1.132273889057703
424,True,pcr6_plus,max_belief,4,4,0.0,0.6666666666666666,nan
424,True,pcr6_plus,max_plausibility,4,4,0.0,0.6666666666666666,nan
424,True,pcr6_plus,min_belief_interval_distance,4,4,0.0,0.6666666666666666,nan
425,True,dempster,betp,6,3,1.0,1.0,0.3485963028272129
425,True,dempster,dsmp_epsilon_0.001,6,3,1.0,1.0,0.6417162325638333
425,True,dempster,max_belief,6,3,1.0,1.0,nan
425,True,dempster,max_plausibility,6,3,1.0,1.0,nan
425,True,dempster,min_belief_interval_distance,6,3,1.0,1.0,nan
425,True,pcr6,betp,6,3,1.0,1.0,0.3235139880858049
425,True,pcr6,dsmp_epsilon_0.001,6,3,1.0,1.0,0.6409054626635913
425,True,pcr6,max_belief,6,3,1.0,1.0,nan
425,True,pcr6,max_plausibility,6,3,1.0,1.0,nan
425,True,pcr6,min_belief_interval_distance,6,3,1.0,1.0,nan
425,True,pcr6_plus,betp,6,3,1.0,1.0,0.34255381349241804
425,True,pcr6_plus,dsmp_epsilon_0.001,6,3,1.0,1.0,0.6378485525703546
425,True,pcr6_plus,max_belief,6,3,1.0,1.0,nan
425,True,pcr6_plus,max_plausibility,6,3,1.0,1.0,nan
425,True,pcr6_plus,min_belief_interval_distance,6,3,1.0,1.0,nan
426,True,dempster,betp,6,4,0.0,0.6666666666666666,0.40019510555826043
426,True,dempster,dsmp_epsilon_0.001,6,4,0.0,0.6666666666666666,0.40132915833992827
426,True,dempster,max_belief,6,4,0.0,0.6666666666666666,nan
426,True,dempster,max_plausibility,6,4,0.0,0.6666666666666666,nan
426,True,dempster,min_belief_interval_distance,6,4,0.0,0.6666666666666666,nan
426,True,pcr6,betp,6,4,0.0,0.6666666666666666,0.1914040134071083
426,True,pcr6,dsmp_epsilon_0.001,6,4,0.0,0.6666666666666666,0.21338295408076963
426,True,pcr6,max_belief,6,4,0.0,0.6666666666666666,nan
426,True,pcr6,max_plausibility,6,4,0.0,0.6666666666666666,nan
426,True,pcr6,min_belief_interval_distance,6,4,0.0,0.6666666666666666,nan
426,True,pcr6_plus,betp,6,4,0.0,0.6666666666666666,0.2777155412450584
426,True,pcr6_plus,dsmp_epsilon_0.001,6,4,0.0,0.6666666666666666,0.25406455828240027
426,True,pcr6_plus,max_belief,6,4,1.0,1.0,nan
426,True,pcr6_plus,max_plausibility,6,4,0.0,0.6666666666666666,nan
426,True,pcr6_plus,min_belief_interval_distance,6,4,0.0,0.6666666666666666,nan
427,True,dempster,betp,3,3,1.0,1.0,0.0016491883299232439
427,True,dempster,dsmp_epsilon_0.001,3,3,1.0,1.0,0.2252739338173785
427,True,dempster,max_belief,3,3,1.0,1.0,nan
427,True,dempster,max_plausibility,3,3,1.0,1.0,nan
427,True,dempster,min_belief_interval_distance,3,3,1.0,1.0,nan
427,True,pcr6,betp,3,3,1.0,1.0,0.0016440688878380883
427,True,pcr6,dsmp_epsilon_0.001,3,3,1.0,1.0,0.2252292606981593
427,True,pcr6,max_belief,3,3,1.0,1.0,nan
427,True,pcr6,max_plausibility,3,3,1.0,1.0,nan
427,True,pcr6,min_belief_interval_distance,3,3,1.0,1.0,nan
427,True,pcr6_plus,betp,3,3,1.0,1.0,0.0016978139579431702
427,True,pcr6_plus,dsmp_epsilon_0.001,3,3,1.0,1.0,0.22389551623245513
427,True,pcr6_plus,max_belief,3,3,1.0,1.0,nan
427,True,pcr6_plus,max_plausibility,3,3,1.0,1.0,nan
427,True,pcr6_plus,min_belief_interval_distance,3,3,1.0,1.0,nan
429,True,dempster,betp,6,4,0.0,0.6666666666666666,0.4429719623128982
429,True,dempster,dsmp_epsilon_0.001,6,4,0.0,0.6666666666666666,0.5525296355892039
429,True,dempster,max_belief,6,4,0.0,0.6666666666666666,nan
429,True,dempster,max_plausibility,6,4,0.0,0.6666666666666666,nan
429,True,dempster,min_belief_interval_distance,6,4,0.0,0.6666666666666666,nan
429,True,pcr6,betp,6,4,0.0,0.6666666666666666,0.3966336655259259
429,True,pcr6,dsmp_epsilon_0.001,6,4,0.0,0.6666666666666666,0.5519087341750302
429,True,pcr6,max_belief,6,4,0.0,0.6666666666666666,nan
429,True,pcr6,max_plausibility,6,4,0.0,0.6666666666666666,nan
429,True,pcr6,min_belief_interval_distance,6,4,0.0,0.6666666666666666,nan
429,True,pcr6_plus,betp,6,4,0.0,0.6666666666666666,0.4394633044589179
429,True,pcr6_plus,dsmp_epsilon_0.001,6,4,0.0,0.6666666666666666,0.5531818045560752
429,True,pcr6_plus,max_belief,6,4,0.0,0.6666666666666666,nan
429,True,pcr6_plus,max_plausibility,6,4,0.0,0.6666666666666666,nan
429,True,pcr6_plus,min_belief_interval_distance,6,4,0.0,0.6666666666666666,nan
430,False,dempster,betp,6,2,0.0,0.8,0.11107370981401984
430,False,dempster,dsmp_epsilon_0.001,6,2,0.0,0.8,0.17139301100254184
430,False,dempster,max_belief,6,2,0.0,0.8,nan
430,False,dempster,max_plausibility,6,2,0.0,0.8,nan
430,False,dempster,min_belief_interval_distance,6,2,0.0,0.8,nan
430,False,pcr6,betp,6,2,0.0,0.8,0.052695419146254946
430,False,pcr6,dsmp_epsilon_0.001,6,2,0.0,0.8,0.1435420444688077
430,False,pcr6,max_belief,6,2,0.0,0.8,nan
430,False,pcr6,max_plausibility,6,2,0.0,0.8,nan
430,False,pcr6,min_belief_interval_distance,6,2,0.0,0.8,nan
430,False,pcr6_plus,betp,6,2,0.0,0.8,0.07296220932096628
430,False,pcr6_plus,dsmp_epsilon_0.001,6,2,0.0,0.8,0.09557290934453141
430,False,pcr6_plus,max_belief,6,2,0.0,0.8,nan
430,False,pcr6_plus,max_plausibility,6,2,0.0,0.8,nan
430,False,pcr6_plus,min_belief_interval_distance,6,2,0.0,0.8,nan
431,True,dempster,betp,6,3,0.0,0.6666666666666666,0.39424750337991793
431,True,dempster,dsmp_epsilon_0.001,6,3,0.0,0.6666666666666666,1.109446534881386
431,True,dempster,max_belief,6,3,0.0,0.6666666666666666,nan
431,True,dempster,max_plausibility,6,3,0.0,0.6666666666666666,nan
431,True,dempster,min_belief_interval_distance,6,3,0.0,0.6666666666666666,nan
431,True,pcr6,betp,6,3,0.0,0.6666666666666666,0.386843028985428
431,True,pcr6,dsmp_epsilon_0.001,6,3,0.0,0.6666666666666666,1.1116007862623123
431,True,pcr6,max_belief,6,3,0.0,0.6666666666666666,nan
431,True,pcr6,max_plausibility,6,3,0.0,0.6666666666666666,nan
431,True,pcr6,min_belief_interval_distance,6,3,0.0,0.6666666666666666,nan
431,True,pcr6_plus,betp,6,3,0.0,0.6666666666666666,0.4083824385709395
431,True,pcr6_plus,dsmp_epsilon_0.001,6,3,0.0,0.6666666666666666,1.1061244867898732
431,True,pcr6_plus,max_belief,6,3,0.0,0.6666666666666666,nan
431,True,pcr6_plus,max_plausibility,6,3,0.0,0.6666666666666666,nan
431,True,pcr6_plus,min_belief_interval_distance,6,3,0.0,0.6666666666666666,nan
432,True,dempster,betp,4,3,1.0,1.0,0.22316673831250633
432,True,dempster,dsmp_epsilon_0.001,4,3,1.0,1.0,0.2602203957631617
432,True,dempster,max_belief,4,3,1.0,1.0,nan
432,True,dempster,max_plausibility,4,3,1.0,1.0,nan
432,True,dempster,min_belief_interval_distance,4,3,1.0,1.0,nan
432,True,pcr6,betp,4,3,1.0,1.0,0.08630640569702701
432,True,pcr6,dsmp_epsilon_0.001,4,3,1.0,1.0,0.24166768669700914
432,True,pcr6,max_belief,4,3,1.0,1.0,nan
432,True,pcr6,max_plausibility,4,3,1.0,1.0,nan
432,True,pcr6,min_belief_interval_distance,4,3,1.0,1.0,nan
432,True,pcr6_plus,betp,4,3,1.0,1.0,0.12899730571866325
432,True,pcr6_plus,dsmp_epsilon_0.001,4,3,1.0,1.0,0.24430263351984471
432,True,pcr6_plus,max_belief,4,3,1.0,1.0,nan
432,True,pcr6_plus,max_plausibility,4,3,1.0,1.0,nan
432,True,pcr6_plus,min_belief_interval_distance,4,3,1.0,1.0,nan
434,True,dempster,betp,6,5,0.0,0.6666666666666666,0.5997973461533456
434,True,dempster,dsmp_epsilon_0.001,6,5,0.0,0.6666666666666666,0.6082027510958211
434,True,dempster,max_belief,6,5,0.0,0.6666666666666666,nan
434,True,dempster,max_plausibility,6,5,0.0,0.6666666666666666,nan
434,True,dempster,min_belief_interval_distance,6,5,0.0,0.6666666666666666,nan
434,True,pcr6,betp,6,5,0.0,0.6666666666666666,0.1400700566273954
434,True,pcr6,dsmp_epsilon_0.001,6,5,0.0,0.6666666666666666,0.24222492806679682
434,True,pcr6,max_belief,6,5,0.0,0.6666666666666666,nan
434,True,pcr6,max_plausibility,6,5,0.0,0.6666666666666666,nan
434,True,pcr6,min_belief_interval_distance,6,5,0.0,0.6666666666666666,nan
434,True,pcr6_plus,betp,6,5,0.0,0.6666666666666666,0.15867616416479044
434,True,pcr6_plus,dsmp_epsilon_0.001,6,5,0.0,0.6666666666666666,0.23535171642486213
434,True,pcr6_plus,max_belief,6,5,0.0,0.6666666666666666,nan
434,True,pcr6_plus,max_plausibility,6,5,0.0,0.6666666666666666,nan
434,True,pcr6_plus,min_belief_interval_distance,6,5,0.0,0.6666666666666666,nan
435,False,dempster,betp,3,2,0.0,0.8,0.15900450679427133
435,False,dempster,dsmp_epsilon_0.001,3,2,0.0,0.8,0.40280194986127293
435,False,dempster,max_belief,3,2,0.0,0.8,nan
435,False,dempster,max_plausibility,3,2,0.0,0.8,nan
435,False,dempster,min_belief_interval_distance,3,2,0.0,0.8,nan
435,False,pcr6,betp,3,2,0.0,0.8,0.15241107245381605
435,False,pcr6,dsmp_epsilon_0.001,3,2,0.0,0.8,0.39883587241387564
435,False,pcr6,max_belief,3,2,0.0,0.8,nan
435,False,pcr6,max_plausibility,3,2,0.0,0.8,nan
435,False,pcr6,min_belief_interval_distance,3,2,0.0,0.8,nan
435,False,pcr6_plus,betp,3,2,0.0,0.8,0.1643228966531124
435,False,pcr6_plus,dsmp_epsilon_0.001,3,2,0.0,0.8,0.3934134120023892
435,False,pcr6_plus,max_belief,3,2,0.0,0.8,nan
435,False,pcr6_plus,max_plausibility,3,2,0.0,0.8,nan
435,False,pcr6_plus,min_belief_interval_distance,3,2,0.0,0.8,nan
436,True,dempster,betp,6,3,1.0,1.0,0.14001822011847564
436,True,dempster,dsmp_epsilon_0.001,6,3,1.0,1.0,0.14119811410089061
436,True,dempster,max_belief,6,3,1.0,1.0,nan
436,True,dempster,max_plausibility,6,3,1.0,1.0,nan
436,True,dempster,min_belief_interval_distance,6,3,1.0,1.0,nan
436,True,pcr6,betp,6,3,1.0,1.0,0.0072690350940535445
436,True,pcr6,dsmp_epsilon_0.001,6,3,1.0,1.0,0.1325544078620894
436,True,pcr6,max_belief,6,3,1.0,1.0,nan
436,True,pcr6,max_plausibility,6,3,1.0,1.0,nan
436,True,pcr6,min_belief_interval_distance,6,3,1.0,1.0,nan
436,True,pcr6_plus,betp,6,3,1.0,1.0,0.011961955854466995
436,True,pcr6_plus,dsmp_epsilon_0.001,6,3,1.0,1.0,0.13230736138618823
436,True,pcr6_plus,max_belief,6,3,1.0,1.0,nan
436,True,pcr6_plus,max_plausibility,6,3,1.0,1.0,nan
436,True,pcr6_plus,min_belief_interval_distance,6,3,1.0,1.0,nan
437,True,dempster,betp,6,3,1.0,1.0,0.5986104619322116
437,True,dempster,dsmp_epsilon_0.001,6,3,1.0,1.0,0.6441514156606648
437,True,dempster,max_belief,6,3,1.0,1.0,nan
437,True,dempster,max_plausibility,6,3,1.0,1.0,nan
437,True,dempster,min_belief_interval_distance,6,3,1.0,1.0,nan
437,True,pcr6,betp,6,3,1.0,1.0,0.373366421636259
437,True,pcr6,dsmp_epsilon_0.001,6,3,1.0,1.0,0.634157666620955
437,True,pcr6,max_belief,6,3,1.0,1.0,nan
437,True,pcr6,max_plausibility,6,3,1.0,1.0,nan
437,True,pcr6,min_belief_interval_distance,6,3,1.0,1.0,nan
437,True,pcr6_plus,betp,6,3,1.0,1.0,0.3965161613851984
437,True,pcr6_plus,dsmp_epsilon_0.001,6,3,1.0,1.0,0.6287416359607354
437,True,pcr6_plus,max_belief,6,3,1.0,1.0,nan
437,True,pcr6_plus,max_plausibility,6,3,1.0,1.0,nan
437,True,pcr6_plus,min_belief_interval_distance,6,3,1.0,1.0,nan
438,True,dempster,betp,6,4,0.0,0.6666666666666666,0.5969899826190948
438,True,dempster,dsmp_epsilon_0.001,6,4,0.0,0.6666666666666666,0.6528654508431142
438,True,dempster,max_belief,6,4,0.0,0.6666666666666666,nan
438,True,dempster,max_plausibility,6,4,0.0,0.6666666666666666,nan
438,True,dempster,min_belief_interval_distance,6,4,0.0,0.6666666666666666,nan
438,True,pcr6,betp,6,4,0.0,0.6666666666666666,0.37495377812318764
438,True,pcr6,dsmp_epsilon_0.001,6,4,1.0,1.0,0.6399552488438744
438,True,pcr6,max_belief,6,4,1.0,1.0,nan
438,True,pcr6,max_plausibility,6,4,0.0,0.6666666666666666,nan
438,True,pcr6,min_belief_interval_distance,6,4,0.0,0.6666666666666666,nan
438,True,pcr6_plus,betp,6,4,0.0,0.6666666666666666,0.42630830183286594
438,True,pcr6_plus,dsmp_epsilon_0.001,6,4,1.0,1.0,0.6277015155924328
438,True,pcr6_plus,max_belief,6,4,1.0,1.0,nan
438,True,pcr6_plus,max_plausibility,6,4,0.0,0.6666666666666666,nan
438,True,pcr6_plus,min_belief_interval_distance,6,4,0.0,0.6666666666666666,nan
439,False,dempster,betp,3,2,0.0,0.8,0.04699166495818727
439,False,dempster,dsmp_epsilon_0.001,3,2,0.0,0.8,0.14459950561113402
439,False,dempster,max_belief,3,2,0.0,0.8,nan
439,False,dempster,max_plausibility,3,2,0.0,0.8,nan
439,False,dempster,min_belief_interval_distance,3,2,0.0,0.8,nan
439,False,pcr6,betp,3,2,0.0,0.8,0.04493218290771095
439,False,pcr6,dsmp_epsilon_0.001,3,2,0.0,0.8,0.1450961306634631
439,False,pcr6,max_belief,3,2,0.0,0.8,nan
439,False,pcr6,max_plausibility,3,2,0.0,0.8,nan
439,False,pcr6,min_belief_interval_distance,3,2,0.0,0.8,nan
439,False,pcr6_plus,betp,3,2,0.0,0.8,0.05685536804741656
439,False,pcr6_plus,dsmp_epsilon_0.001,3,2,0.0,0.8,0.14757380617533056
439,False,pcr6_plus,max_belief,3,2,0.0,0.8,nan
439,False,pcr6_plus,max_plausibility,3,2,0.0,0.8,nan
439,False,pcr6_plus,min_belief_interval_distance,3,2,0.0,0.8,nan
440,True,dempster,betp,4,3,1.0,1.0,0.00031439555028632397
440,True,dempster,dsmp_epsilon_0.001,4,3,1.0,1.0,0.11403564479258747
440,True,dempster,max_belief,4,3,1.0,1.0,nan
440,True,dempster,max_plausibility,4,3,1.0,1.0,nan
440,True,dempster,min_belief_interval_distance,4,3,1.0,1.0,nan
440,True,pcr6,betp,4,3,1.0,1.0,0.00031132498263442476
440,True,pcr6,dsmp_epsilon_0.001,4,3,1.0,1.0,0.11403832692029117
440,True,pcr6,max_belief,4,3,1.0,1.0,nan
440,True,pcr6,max_plausibility,4,3,1.0,1.0,nan
440,True,pcr6,min_belief_interval_distance,4,3,1.0,1.0,nan
440,True,pcr6_plus,betp,4,3,1.0,1.0,0.00032815265157083197
440,True,pcr6_plus,dsmp_epsilon_0.001,4,3,1.0,1.0,0.11458835320145383
440,True,pcr6_plus,max_belief,4,3,1.0,1.0,nan
440,True,pcr6_plus,max_plausibility,4,3,1.0,1.0,nan
440,True,pcr6_plus,min_belief_interval_distance,4,3,1.0,1.0,nan
442,True,dempster,betp,5,4,0.0,0.6666666666666666,0.10747115259034919
442,True,dempster,dsmp_epsilon_0.001,5,4,0.0,0.6666666666666666,0.4597099389762386
442,True,dempster,max_belief,5,4,0.0,0.6666666666666666,nan
442,True,dempster,max_plausibility,5,4,0.0,0.6666666666666666,nan
442,True,dempster,min_belief_interval_distance,5,4,0.0,0.6666666666666666,nan
442,True,pcr6,betp,5,4,0.0,0.6666666666666666,0.1072741705449479
442,True,pcr6,dsmp_epsilon_0.001,5,4,0.0,0.6666666666666666,0.46011951137651125
442,True,pcr6,max_belief,5,4,0.0,0.6666666666666666,nan
442,True,pcr6,max_plausibility,5,4,0.0,0.6666666666666666,nan
442,True,pcr6,min_belief_interval_distance,5,4,0.0,0.6666666666666666,nan
442,True,pcr6_plus,betp,5,4,0.0,0.6666666666666666,0.10914215497245025
442,True,pcr6_plus,dsmp_epsilon_0.001,5,4,0.0,0.6666666666666666,0.4692578150698002
442,True,pcr6_plus,max_belief,5,4,0.0,0.6666666666666666,nan
442,True,pcr6_plus,max_plausibility,5,4,0.0,0.6666666666666666,nan
442,True,pcr6_plus,min_belief_interval_distance,5,4,0.0,0.6666666666666666,nan
443,True,dempster,betp,6,4,0.0,0.6666666666666666,0.47249470283646433
443,True,dempster,dsmp_epsilon_0.001,6,4,0.0,0.6666666666666666,0.4484214588478965
443,True,dempster,max_belief,6,4,0.0,0.6666666666666666,nan
443,True,dempster,max_plausibility,6,4,0.0,0.6666666666666666,nan
443,True,dempster,min_belief_interval_distance,6,4,0.0,0.6666666666666666,nan
443,True,pcr6,betp,6,4,0.0,0.6666666666666666,0.2997734374702005
443,True,pcr6,dsmp_epsilon_0.001,6,4,0.0,0.6666666666666666,0.31623402530178374
443,True,pcr6,max_belief,6,4,0.0,0.6666666666666666,nan
443,True,pcr6,max_plausibility,6,4,0.0,0.6666666666666666,nan
443,True,pcr6,min_belief_interval_distance,6,4,0.0,0.6666666666666666,nan
443,True,pcr6_plus,betp,6,4,0.0,0.6666666666666666,0.37801491330621295
443,True,pcr6_plus,dsmp_epsilon_0.001,6,4,0.0,0.6666666666666666,0.338778324404723
443,True,pcr6_plus,max_belief,6,4,0.0,0.6666666666666666,nan
443,True,pcr6_plus,max_plausibility,6,4,0.0,0.6666666666666666,nan
443,True,pcr6_plus,min_belief_interval_distance,6,4,0.0,0.6666666666666666,nan
444,True,dempster,betp,6,4,0.0,0.6666666666666666,0.15858296835503952
444,True,dempster,dsmp_epsilon_0.001,6,4,0.0,0.6666666666666666,0.33675910711663815
444,True,dempster,max_belief,6,4,0.0,0.6666666666666666,nan
444,True,dempster,max_plausibility,6,4,0.0,0.6666666666666666,nan
444,True,dempster,min_belief_interval_distance,6,4,0.0,0.6666666666666666,nan
444,True,pcr6,betp,6,4,0.0,0.6666666666666666,0.09632834193051268
444,True,pcr6,dsmp_epsilon_0.001,6,4,0.0,0.6666666666666666,0.3066884334018211
444,True,pcr6,max_belief,6,4,0.0,0.6666666666666666,nan
444,True,pcr6,max_plausibility,6,4,0.0,0.6666666666666666,nan
444,True,pcr6,min_belief_interval_distance,6,4,0.0,0.6666666666666666,nan
444,True,pcr6_plus,betp,6,4,0.0,0.6666666666666666,0.1466208073794013
444,True,pcr6_plus,dsmp_epsilon_0.001,6,4,0.0,0.6666666666666666,0.30401459794416696
444,True,pcr6_plus,max_belief,6,4,0.0,0.6666666666666666,nan
444,True,pcr6_plus,max_plausibility,6,4,0.0,0.6666666666666666,nan
444,True,pcr6_plus,min_belief_interval_distance,6,4,0.0,0.6666666666666666,nan
445,True,dempster,betp,6,3,1.0,1.0,0.4141884014405014
445,True,dempster,dsmp_epsilon_0.001,6,3,1.0,1.0,0.6651004760383257
445,True,dempster,max_belief,6,3,1.0,1.0,nan
445,True,dempster,max_plausibility,6,3,1.0,1.0,nan
445,True,dempster,min_belief_interval_distance,6,3,1.0,1.0,nan
445,True,pcr6,betp,6,3,1.0,1.0,0.413903874109082
445,True,pcr6,dsmp_epsilon_0.001,6,3,1.0,1.0,0.66509842843331
445,True,pcr6,max_belief,6,3,1.0,1.0,nan
445,True,pcr6,max_plausibility,6,3,1.0,1.0,nan
445,True,pcr6,min_belief_interval_distance,6,3,1.0,1.0,nan
445,True,pcr6_plus,betp,6,3,1.0,1.0,0.41429118067217596
445,True,pcr6_plus,dsmp_epsilon_0.001,6,3,1.0,1.0,0.6650982230254618
445,True,pcr6_plus,max_belief,6,3,1.0,1.0,nan
445,True,pcr6_plus,max_plausibility,6,3,1.0,1.0,nan
445,True,pcr6_plus,min_belief_interval_distance,6,3,1.0,1.0,nan
446,True,dempster,betp,6,4,1.0,1.0,0.15814911332686055
446,True,dempster,dsmp_epsilon_0.001,6,4,1.0,1.0,0.2459138071451641
446,True,dempster,max_belief,6,4,1.0,1.0,nan
446,True,dempster,max_plausibility,6,4,1.0,1.0,nan
446,True,dempster,min_belief_interval_distance,6,4,1.0,1.0,nan
446,True,pcr6,betp,6,4,1.0,1.0,0.05566015610316152
446,True,pcr6,dsmp_epsilon_0.001,6,4,1.0,1.0,0.1512800014961628
446,True,pcr6,max_belief,6,4,1.0,1.0,nan
446,True,pcr6,max_plausibility,6,4,1.0,1.0,nan
446,True,pcr6,min_belief_interval_distance,6,4,1.0,1.0,nan
446,True,pcr6_plus,betp,6,4,1.0,1.0,0.060627438978636816
446,True,pcr6_plus,dsmp_epsilon_0.001,6,4,1.0,1.0,0.14030515685170017
446,True,pcr6_plus,max_belief,6,4,1.0,1.0,nan
446,True,pcr6_plus,max_plausibility,6,4,1.0,1.0,nan
446,True,pcr6_plus,min_belief_interval_distance,6,4,1.0,1.0,nan
447,True,dempster,betp,5,4,0.0,0.6666666666666666,0.6391158535725407
447,True,dempster,dsmp_epsilon_0.001,5,4,0.0,0.6666666666666666,1.2457341165116835
447,True,dempster,max_belief,5,4,0.0,0.6666666666666666,nan
447,True,dempster,max_plausibility,5,4,0.0,0.6666666666666666,nan
447,True,dempster,min_belief_interval_distance,5,4,0.0,0.6666666666666666,nan
447,True,pcr6,betp,5,4,0.0,0.6666666666666666,0.513077110818575
447,True,pcr6,dsmp_epsilon_0.001,5,4,0.0,0.6666666666666666,1.2052583254184355
447,True,pcr6,max_belief,5,4,0.0,0.6666666666666666,nan
447,True,pcr6,max_plausibility,5,4,0.0,0.6666666666666666,nan
447,True,pcr6,min_belief_interval_distance,5,4,0.0,0.6666666666666666,nan
447,True,pcr6_plus,betp,5,4,0.0,0.6666666666666666,0.5831843694965292
447,True,pcr6_plus,dsmp_epsilon_0.001,5,4,0.0,0.6666666666666666,1.1320182241338075
447,True,pcr6_plus,max_belief,5,4,0.0,0.6666666666666666,nan
447,True,pcr6_plus,max_plausibility,5,4,0.0,0.6666666666666666,nan
447,True,pcr6_plus,min_belief_interval_distance,5,4,0.0,0.6666666666666666,nan
448,True,dempster,betp,6,4,1.0,1.0,0.6424579473059697
448,True,dempster,dsmp_epsilon_0.001,6,4,1.0,1.0,0.6460945759792183
448,True,dempster,max_belief,6,4,1.0,1.0,nan
448,True,dempster,max_plausibility,6,4,1.0,1.0,nan
448,True,dempster,min_belief_interval_distance,6,4,1.0,1.0,nan
448,True,pcr6,betp,6,4,1.0,1.0,0.0968489245182568
448,True,pcr6,dsmp_epsilon_0.001,6,4,1.0,1.0,0.46627792195837925
448,True,pcr6,max_belief,6,4,1.0,1.0,nan
448,True,pcr6,max_plausibility,6,4,1.0,1.0,nan
448,True,pcr6,min_belief_interval_distance,6,4,1.0,1.0,nan
448,True,pcr6_plus,betp,6,4,1.0,1.0,0.10864033519297839
448,True,pcr6_plus,dsmp_epsilon_0.001,6,4,1.0,1.0,0.43536483576478674
448,True,pcr6_plus,max_belief,6,4,1.0,1.0,nan
448,True,pcr6_plus,max_plausibility,6,4,1.0,1.0,nan
448,True,pcr6_plus,min_belief_interval_distance,6,4,1.0,1.0,nan
449,True,dempster,betp,3,3,1.0,1.0,0.15917301508308393
449,True,dempster,dsmp_epsilon_0.001,3,3,1.0,1.0,0.39044528346111335
449,True,dempster,max_belief,3,3,1.0,1.0,nan
449,True,dempster,max_plausibility,3,3,1.0,1.0,nan
449,True,dempster,min_belief_interval_distance,3,3,1.0,1.0,nan
449,True,pcr6,betp,3,3,1.0,1.0,0.14863360438135784
449,True,pcr6,dsmp_epsilon_0.001,3,3,1.0,1.0,0.39015315107738924
449,True,pcr6,max_belief,3,3,1.0,1.0,nan
449,True,pcr6,max_plausibility,3,3,1.0,1.0,nan
449,True,pcr6,min_belief_interval_distance,3,3,1.0,1.0,nan
449,True,pcr6_plus,betp,3,3,1.0,1.0,0.15724072306373013
449,True,pcr6_plus,dsmp_epsilon_0.001,3,3,1.0,1.0,0.39636651746022467
449,True,pcr6_plus,max_belief,3,3,1.0,1.0,nan
449,True,pcr6_plus,max_plausibility,3,3,1.0,1.0,nan
449,True,pcr6_plus,min_belief_interval_distance,3,3,1.0,1.0,nan
450,True,dempster,betp,6,4,0.0,0.6666666666666666,0.34471640163717954
450,True,dempster,dsmp_epsilon_0.001,6,4,0.0,0.6666666666666666,0.4344968884409949
450,True,dempster,max_belief,6,4,0.0,0.6666666666666666,nan
450,True,dempster,max_plausibility,6,4,0.0,0.6666666666666666,nan
450,True,dempster,min_belief_interval_distance,6,4,0.0,0.6666666666666666,nan
450,True,pcr6,betp,6,4,0.0,0.6666666666666666,0.11646924751899909
450,True,pcr6,dsmp_epsilon_0.001,6,4,1.0,1.0,0.16648173912340614
450,True,pcr6,max_belief,6,4,1.0,1.0,nan
450,True,pcr6,max_plausibility,6,4,0.0,0.6666666666666666,nan
450,True,pcr6,min_belief_interval_distance,6,4,0.0,0.6666666666666666,nan
450,True,pcr6_plus,betp,6,4,0.0,0.6666666666666666,0.15936233774534392
450,True,pcr6_plus,dsmp_epsilon_0.001,6,4,1.0,1.0,0.20369210416886965
450,True,pcr6_plus,max_belief,6,4,1.0,1.0,nan
450,True,pcr6_plus,max_plausibility,6,4,0.0,0.6666666666666666,nan
450,True,pcr6_plus,min_belief_interval_distance,6,4,0.0,0.6666666666666666,nan
451,True,dempster,betp,6,4,1.0,1.0,0.18302135040300835
451,True,dempster,dsmp_epsilon_0.001,6,4,0.0,0.6666666666666666,0.1863557996967235
451,True,dempster,max_belief,6,4,0.0,0.6666666666666666,nan
451,True,dempster,max_plausibility,6,4,1.0,1.0,nan
451,True,dempster,min_belief_interval_distance,6,4,1.0,1.0,nan
451,True,pcr6,betp,6,4,1.0,1.0,0.05172515677654947
451,True,pcr6,dsmp_epsilon_0.001,6,4,0.0,0.6666666666666666,0.16830774419373054
451,True,pcr6,max_belief,6,4,0.0,0.6666666666666666,nan
451,True,pcr6,max_plausibility,6,4,1.0,1.0,nan
451,True,pcr6,min_belief_interval_distance,6,4,1.0,1.0,nan
451,True,pcr6_plus,betp,6,4,1.0,1.0,0.06098015142331148
451,True,pcr6_plus,dsmp_epsilon_0.001,6,4,0.0,0.6666666666666666,0.17326008163226317
451,True,pcr6_plus,max_belief,6,4,0.0,0.6666666666666666,nan
451,True,pcr6_plus,max_plausibility,6,4,1.0,1.0,nan
451,True,pcr6_plus,min_belief_interval_distance,6,4,1.0,1.0,nan
452,False,dempster,betp,6,2,0.0,0.8,0.3750507846151832
452,False,dempster,dsmp_epsilon_0.001,6,2,0.0,0.8,0.4724847416265004
452,False,dempster,max_belief,6,2,0.0,0.8,nan
452,False,dempster,max_plausibility,6,2,0.0,0.8,nan
452,False,dempster,min_belief_interval_distance,6,2,0.0,0.8,nan
452,False,pcr6,betp,6,2,0.0,0.8,0.32330542058203365
452,False,pcr6,dsmp_epsilon_0.001,6,2,0.0,0.8,0.47109850562947264
452,False,pcr6,max_belief,6,2,0.0,0.8,nan
452,False,pcr6,max_plausibility,6,2,0.0,0.8,nan
452,False,pcr6,min_belief_interval_distance,6,2,0.0,0.8,nan
452,False,pcr6_plus,betp,6,2,0.0,0.8,0.3782735867709819
452,False,pcr6_plus,dsmp_epsilon_0.001,6,2,0.0,0.8,0.46620237136699966
452,False,pcr6_plus,max_belief,6,2,0.0,0.8,nan
452,False,pcr6_plus,max_plausibility,6,2,0.0,0.8,nan
452,False,pcr6_plus,min_belief_interval_distance,6,2,0.0,0.8,nan
453,True,dempster,betp,6,4,1.0,1.0,0.36569586822329797
453,True,dempster,dsmp_epsilon_0.001,6,4,1.0,1.0,0.5346683894040647
453,True,dempster,max_belief,6,4,1.0,1.0,nan
453,True,dempster,max_plausibility,6,4,1.0,1.0,nan
453,True,dempster,min_belief_interval_distance,6,4,1.0,1.0,nan
453,True,pcr6,betp,6,4,1.0,1.0,0.26671067392879416
453,True,pcr6,dsmp_epsilon_0.001,6,4,1.0,1.0,0.5303617997006699
453,True,pcr6,max_belief,6,4,1.0,1.0,nan
453,True,pcr6,max_plausibility,6,4,1.0,1.0,nan
453,True,pcr6,min_belief_interval_distance,6,4,1.0,1.0,nan
453,True,pcr6_plus,betp,6,4,1.0,1.0,0.28646788986234056
453,True,pcr6_plus,dsmp_epsilon_0.001,6,4,1.0,1.0,0.5214120353002992
453,True,pcr6_plus,max_belief,6,4,1.0,1.0,nan
453,True,pcr6_plus,max_plausibility,6,4,1.0,1.0,nan
453,True,pcr6_plus,min_belief_interval_distance,6,4,1.0,1.0,nan
454,True,dempster,betp,6,3,1.0,1.0,0.5862228296472346
454,True,dempster,dsmp_epsilon_0.001,6,3,1.0,1.0,0.6285570769915123
454,True,dempster,max_belief,6,3,1.0,1.0,nan
454,True,dempster,max_plausibility,6,3,1.0,1.0,nan
454,True,dempster,min_belief_interval_distance,6,3,1.0,1.0,nan
454,True,pcr6,betp,6,3,1.0,1.0,0.20519231574361477
454,True,pcr6,dsmp_epsilon_0.001,6,3,1.0,1.0,0.5576001470798191
454,True,pcr6,max_belief,6,3,1.0,1.0,nan
454,True,pcr6,max_plausibility,6,3,1.0,1.0,nan
454,True,pcr6,min_belief_interval_distance,6,3,1.0,1.0,nan
454,True,pcr6_plus,betp,6,3,1.0,1.0,0.22776010607452998
454,True,pcr6_plus,dsmp_epsilon_0.001,6,3,1.0,1.0,0.541061986464694
454,True,pcr6_plus,max_belief,6,3,1.0,1.0,nan
454,True,pcr6_plus,max_plausibility,6,3,1.0,1.0,nan
454,True,pcr6_plus,min_belief_interval_distance,6,3,1.0,1.0,nan
455,True,dempster,betp,6,3,0.0,0.6666666666666666,0.31246882712079743
455,True,dempster,dsmp_epsilon_0.001,6,3,0.0,0.6666666666666666,0.3977535588563366
455,True,dempster,max_belief,6,3,0.0,0.6666666666666666,nan
455,True,dempster,max_plausibility,6,3,0.0,0.6666666666666666,nan
455,True,dempster,min_belief_interval_distance,6,3,0.0,0.6666666666666666,nan
455,True,pcr6,betp,6,3,0.0,0.6666666666666666,0.3058877679607368
455,True,pcr6,dsmp_epsilon_0.001,6,3,0.0,0.6666666666666666,0.3962812339854398
455,True,pcr6,max_belief,6,3,0.0,0.6666666666666666,nan
455,True,pcr6,max_plausibility,6,3,0.0,0.6666666666666666,nan
455,True,pcr6,min_belief_interval_distance,6,3,0.0,0.6666666666666666,nan
455,True,pcr6_plus,betp,6,3,0.0,0.6666666666666666,0.31188042274362415
455,True,pcr6_plus,dsmp_epsilon_0.001,6,3,0.0,0.6666666666666666,0.39492252635455394
455,True,pcr6_plus,max_belief,6,3,0.0,0.6666666666666666,nan
455,True,pcr6_plus,max_plausibility,6,3,0.0,0.6666666666666666,nan
455,True,pcr6_plus,min_belief_interval_distance,6,3,0.0,0.6666666666666666,nan
456,True,dempster,betp,6,3,1.0,1.0,0.23608368389483983
456,True,dempster,dsmp_epsilon_0.001,6,3,1.0,1.0,0.44479501945499256
456,True,dempster,max_belief,6,3,1.0,1.0,nan
456,True,dempster,max_plausibility,6,3,1.0,1.0,nan
456,True,dempster,min_belief_interval_distance,6,3,1.0,1.0,nan
456,True,pcr6,betp,6,3,1.0,1.0,0.19874728437407146
456,True,pcr6,dsmp_epsilon_0.001,6,3,1.0,1.0,0.445214776117977
456,True,pcr6,max_belief,6,3,1.0,1.0,nan
456,True,pcr6,max_plausibility,6,3,1.0,1.0,nan
456,True,pcr6,min_belief_interval_distance,6,3,1.0,1.0,nan
456,True,pcr6_plus,betp,6,3,1.0,1.0,0.24064824236594057
456,True,pcr6_plus,dsmp_epsilon_0.001,6,3,1.0,1.0,0.4464606794916637
456,True,pcr6_plus,max_belief,6,3,1.0,1.0,nan
456,True,pcr6_plus,max_plausibility,6,3,1.0,1.0,nan
456,True,pcr6_plus,min_belief_interval_distance,6,3,1.0,1.0,nan
457,True,dempster,betp,6,4,0.0,0.6666666666666666,0.5919211992503732
457,True,dempster,dsmp_epsilon_0.001,6,4,0.0,0.6666666666666666,0.6336695236843359
457,True,dempster,max_belief,6,4,0.0,0.6666666666666666,nan
457,True,dempster,max_plausibility,6,4,0.0,0.6666666666666666,nan
457,True,dempster,min_belief_interval_distance,6,4,0.0,0.6666666666666666,nan
457,True,pcr6,betp,6,4,0.0,0.6666666666666666,0.0855212364559994
457,True,pcr6,dsmp_epsilon_0.001,6,4,0.0,0.6666666666666666,0.2437821704232641
457,True,pcr6,max_belief,6,4,0.0,0.6666666666666666,nan
457,True,pcr6,max_plausibility,6,4,0.0,0.6666666666666666,nan
457,True,pcr6,min_belief_interval_distance,6,4,0.0,0.6666666666666666,nan
457,True,pcr6_plus,betp,6,4,0.0,0.6666666666666666,0.09474661823965719
457,True,pcr6_plus,dsmp_epsilon_0.001,6,4,0.0,0.6666666666666666,0.2623858417091777
457,True,pcr6_plus,max_belief,6,4,0.0,0.6666666666666666,nan
457,True,pcr6_plus,max_plausibility,6,4,0.0,0.6666666666666666,nan
457,True,pcr6_plus,min_belief_interval_distance,6,4,0.0,0.6666666666666666,nan
458,False,dempster,betp,6,2,0.0,0.8,0.0507091011692381
458,False,dempster,dsmp_epsilon_0.001,6,2,0.0,0.8,0.08069340350833303
458,False,dempster,max_belief,6,2,0.0,0.8,nan
458,False,dempster,max_plausibility,6,2,0.0,0.8,nan
458,False,dempster,min_belief_interval_distance,6,2,0.0,0.8,nan
458,False,pcr6,betp,6,2,0.0,0.8,0.02293723437247591
458,False,pcr6,dsmp_epsilon_0.001,6,2,0.0,0.8,0.06853609043354358
458,False,pcr6,max_belief,6,2,0.0,0.8,nan
458,False,pcr6,max_plausibility,6,2,0.0,0.8,nan
458,False,pcr6,min_belief_interval_distance,6,2,0.0,0.8,nan
458,False,pcr6_plus,betp,6,2,0.0,0.8,0.038679499935866384
458,False,pcr6_plus,dsmp_epsilon_0.001,6,2,0.0,0.8,0.05073827075382777
458,False,pcr6_plus,max_belief,6,2,0.0,0.8,nan
458,False,pcr6_plus,max_plausibility,6,2,0.0,0.8,nan
458,False,pcr6_plus,min_belief_interval_distance,6,2,0.0,0.8,nan
460,True,dempster,betp,6,4,0.0,0.6666666666666666,0.5689797852250056
460,True,dempster,dsmp_epsilon_0.001,6,4,0.0,0.6666666666666666,0.6356556421671742
460,True,dempster,max_belief,6,4,0.0,0.6666666666666666,nan
460,True,dempster,max_plausibility,6,4,0.0,0.6666666666666666,nan
460,True,dempster,min_belief_interval_distance,6,4,0.0,0.6666666666666666,nan
460,True,pcr6,betp,6,4,0.0,0.6666666666666666,0.3226036009702765
460,True,pcr6,dsmp_epsilon_0.001,6,4,0.0,0.6666666666666666,0.6204389234887687
460,True,pcr6,max_belief,6,4,0.0,0.6666666666666666,nan
460,True,pcr6,max_plausibility,6,4,0.0,0.6666666666666666,nan
460,True,pcr6,min_belief_interval_distance,6,4,0.0,0.6666666666666666,nan
460,True,pcr6_plus,betp,6,4,0.0,0.6666666666666666,0.37835765361284884
460,True,pcr6_plus,dsmp_epsilon_0.001,6,4,0.0,0.6666666666666666,0.6044404500403808
460,True,pcr6_plus,max_belief,6,4,0.0,0.6666666666666666,nan
460,True,pcr6_plus,max_plausibility,6,4,0.0,0.6666666666666666,nan
460,True,pcr6_plus,min_belief_interval_distance,6,4,0.0,0.6666666666666666,nan
461,True,dempster,betp,6,4,1.0,1.0,0.03681402908088172
461,True,dempster,dsmp_epsilon_0.001,6,4,1.0,1.0,0.14047817180391287
461,True,dempster,max_belief,6,4,1.0,1.0,nan
461,True,dempster,max_plausibility,6,4,1.0,1.0,nan
461,True,dempster,min_belief_interval_distance,6,4,1.0,1.0,nan
461,True,pcr6,betp,6,4,1.0,1.0,0.03726903139436545
461,True,pcr6,dsmp_epsilon_0.001,6,4,1.0,1.0,0.1400511047607374
461,True,pcr6,max_belief,6,4,1.0,1.0,nan
461,True,pcr6,max_plausibility,6,4,1.0,1.0,nan
461,True,pcr6,min_belief_interval_distance,6,4,1.0,1.0,nan
461,True,pcr6_plus,betp,6,4,1.0,1.0,0.03625379773117672
461,True,pcr6_plus,dsmp_epsilon_0.001,6,4,1.0,1.0,0.14063640734649602
461,True,pcr6_plus,max_belief,6,4,1.0,1.0,nan
461,True,pcr6_plus,max_plausibility,6,4,1.0,1.0,nan
461,True,pcr6_plus,min_belief_interval_distance,6,4,1.0,1.0,nan
462,True,dempster,betp,6,3,1.0,1.0,0.34421142460783016
462,True,dempster,dsmp_epsilon_0.001,6,3,1.0,1.0,0.35796526909215026
462,True,dempster,max_belief,6,3,1.0,1.0,nan
462,True,dempster,max_plausibility,6,3,1.0,1.0,nan
462,True,dempster,min_belief_interval_distance,6,3,1.0,1.0,nan
462,True,pcr6,betp,6,3,1.0,1.0,0.004217011237517831
462,True,pcr6,dsmp_epsilon_0.001,6,3,1.0,1.0,0.0022156501941996507
462,True,pcr6,max_belief,6,3,1.0,1.0,nan
462,True,pcr6,max_plausibility,6,3,1.0,1.0,nan
462,True,pcr6,min_belief_interval_distance,6,3,1.0,1.0,nan
462,True,pcr6_plus,betp,6,3,1.0,1.0,0.00488181609328969
462,True,pcr6_plus,dsmp_epsilon_0.001,6,3,1.0,1.0,0.002379481665423241
462,True,pcr6_plus,max_belief,6,3,1.0,1.0,nan
462,True,pcr6_plus,max_plausibility,6,3,1.0,1.0,nan
462,True,pcr6_plus,min_belief_interval_distance,6,3,1.0,1.0,nan
463,True,dempster,betp,6,3,0.0,0.6666666666666666,0.023714578798241032
463,True,dempster,dsmp_epsilon_0.001,6,3,0.0,0.6666666666666666,0.018652512324551354
463,True,dempster,max_belief,6,3,0.0,0.6666666666666666,nan
463,True,dempster,max_plausibility,6,3,0.0,0.6666666666666666,nan
463,True,dempster,min_belief_interval_distance,6,3,0.0,0.6666666666666666,nan
463,True,pcr6,betp,6,3,0.0,0.6666666666666666,0.027477129499313857
463,True,pcr6,dsmp_epsilon_0.001,6,3,0.0,0.6666666666666666,0.018531917784226387
463,True,pcr6,max_belief,6,3,0.0,0.6666666666666666,nan
463,True,pcr6,max_plausibility,6,3,0.0,0.6666666666666666,nan
463,True,pcr6,min_belief_interval_distance,6,3,0.0,0.6666666666666666,nan
463,True,pcr6_plus,betp,6,3,0.0,0.6666666666666666,0.022229961511997187
463,True,pcr6_plus,dsmp_epsilon_0.001,6,3,0.0,0.6666666666666666,0.01751446004641749
463,True,pcr6_plus,max_belief,6,3,0.0,0.6666666666666666,nan
463,True,pcr6_plus,max_plausibility,6,3,0.0,0.6666666666666666,nan
463,True,pcr6_plus,min_belief_interval_distance,6,3,0.0,0.6666666666666666,nan
464,True,dempster,betp,6,4,0.0,0.6666666666666666,0.42681780035525296
464,True,dempster,dsmp_epsilon_0.001,6,4,0.0,0.6666666666666666,0.5037226109480047
464,True,dempster,max_belief,6,4,0.0,0.6666666666666666,nan
464,True,dempster,max_plausibility,6,4,0.0,0.6666666666666666,nan
464,True,dempster,min_belief_interval_distance,6,4,0.0,0.6666666666666666,nan
464,True,pcr6,betp,6,4,0.0,0.6666666666666666,0.36200855174850816
464,True,pcr6,dsmp_epsilon_0.001,6,4,0.0,0.6666666666666666,0.4976800711722654
464,True,pcr6,max_belief,6,4,0.0,0.6666666666666666,nan
464,True,pcr6,max_plausibility,6,4,0.0,0.6666666666666666,nan
464,True,pcr6,min_belief_interval_distance,6,4,0.0,0.6666666666666666,nan
464,True,pcr6_plus,betp,6,4,0.0,0.6666666666666666,0.41809870702186985
464,True,pcr6_plus,dsmp_epsilon_0.001,6,4,0.0,0.6666666666666666,0.4872787020789356
464,True,pcr6_plus,max_belief,6,4,0.0,0.6666666666666666,nan
464,True,pcr6_plus,max_plausibility,6,4,0.0,0.6666666666666666,nan
464,True,pcr6_plus,min_belief_interval_distance,6,4,0.0,0.6666666666666666,nan
465,True,dempster,betp,6,4,1.0,1.0,0.42869985970266644
465,True,dempster,dsmp_epsilon_0.001,6,4,1.0,1.0,0.6261941380550232
465,True,dempster,max_belief,6,4,1.0,1.0,nan
465,True,dempster,max_plausibility,6,4,1.0,1.0,nan
465,True,dempster,min_belief_interval_distance,6,4,1.0,1.0,nan
465,True,pcr6,betp,6,4,1.0,1.0,0.3567496514498598
465,True,pcr6,dsmp_epsilon_0.001,6,4,1.0,1.0,0.6248351487005039
465,True,pcr6,max_belief,6,4,1.0,1.0,nan
465,True,pcr6,max_plausibility,6,4,1.0,1.0,nan
465,True,pcr6,min_belief_interval_distance,6,4,1.0,1.0,nan
465,True,pcr6_plus,betp,6,4,1.0,1.0,0.37182956190856353
465,True,pcr6_plus,dsmp_epsilon_0.001,6,4,1.0,1.0,0.6221220040621569
465,True,pcr6_plus,max_belief,6,4,1.0,1.0,nan
465,True,pcr6_plus,max_plausibility,6,4,1.0,1.0,nan
465,True,pcr6_plus,min_belief_interval_distance,6,4,1.0,1.0,nan
466,True,dempster,betp,6,3,0.0,0.6666666666666666,0.1475440430925311
466,True,dempster,dsmp_epsilon_0.001,6,3,0.0,0.6666666666666666,0.22471150745354687
466,True,dempster,max_belief,6,3,0.0,0.6666666666666666,nan
466,True,dempster,max_plausibility,6,3,0.0,0.6666666666666666,nan
466,True,dempster,min_belief_interval_distance,6,3,0.0,0.6666666666666666,nan
466,True,pcr6,betp,6,3,0.0,0.6666666666666666,0.09345397215715166
466,True,pcr6,dsmp_epsilon_0.001,6,3,0.0,0.6666666666666666,0.21704887685837349
466,True,pcr6,max_belief,6,3,0.0,0.6666666666666666,nan
466,True,pcr6,max_plausibility,6,3,0.0,0.6666666666666666,nan
466,True,pcr6,min_belief_interval_distance,6,3,0.0,0.6666666666666666,nan
466,True,pcr6_plus,betp,6,3,0.0,0.6666666666666666,0.13626263131372868
466,True,pcr6_plus,dsmp_epsilon_0.001,6,3,0.0,0.6666666666666666,0.1921373785163771
466,True,pcr6_plus,max_belief,6,3,0.0,0.6666666666666666,nan
466,True,pcr6_plus,max_plausibility,6,3,0.0,0.6666666666666666,nan
466,True,pcr6_plus,min_belief_interval_distance,6,3,0.0,0.6666666666666666,nan
467,True,dempster,betp,6,4,1.0,1.0,6.588722213683978e-05
467,True,dempster,dsmp_epsilon_0.001,6,4,1.0,1.0,7.052715193185591e-05
467,True,dempster,max_belief,6,4,1.0,1.0,nan
467,True,dempster,max_plausibility,6,4,1.0,1.0,nan
467,True,dempster,min_belief_interval_distance,6,4,1.0,1.0,nan
467,True,pcr6,betp,6,4,1.0,1.0,0.015542940236628423
467,True,pcr6,dsmp_epsilon_0.001,6,4,1.0,1.0,5.625730535011566e-05
467,True,pcr6,max_belief,6,4,1.0,1.0,nan
467,True,pcr6,max_plausibility,6,4,1.0,1.0,nan
467,True,pcr6,min_belief_interval_distance,6,4,1.0,1.0,nan
467,True,pcr6_plus,betp,6,4,1.0,1.0,6.550907725656014e-05
467,True,pcr6_plus,dsmp_epsilon_0.001,6,4,1.0,1.0,4.789440019404599e-05
467,True,pcr6_plus,max_belief,6,4,1.0,1.0,nan
467,True,pcr6_plus,max_plausibility,6,4,1.0,1.0,nan
467,True,pcr6_plus,min_belief_interval_distance,6,4,1.0,1.0,nan
468,True,dempster,betp,6,4,1.0,1.0,0.3900536694423264
468,True,dempster,dsmp_epsilon_0.001,6,4,1.0,1.0,0.48200710956518594
468,True,dempster,max_belief,6,4,1.0,1.0,nan
468,True,dempster,max_plausibility,6,4,1.0,1.0,nan
468,True,dempster,min_belief_interval_distance,6,4,1.0,1.0,nan
468,True,pcr6,betp,6,4,1.0,1.0,0.10743875060035413
468,True,pcr6,dsmp_epsilon_0.001,6,4,0.0,0.6666666666666666,0.3704929924720547
468,True,pcr6,max_belief,6,4,0.0,0.6666666666666666,nan
468,True,pcr6,max_plausibility,6,4,1.0,1.0,nan
468,True,pcr6,min_belief_interval_distance,6,4,1.0,1.0,nan
468,True,pcr6_plus,betp,6,4,1.0,1.0,0.13185420854420934
468,True,pcr6_plus,dsmp_epsilon_0.001,6,4,0.0,0.6666666666666666,0.3025746159129723
468,True,pcr6_plus,max_belief,6,4,0.0,0.6666666666666666,nan
468,True,pcr6_plus,max_plausibility,6,4,1.0,1.0,nan
468,True,pcr6_plus,min_belief_interval_distance,6,4,1.0,1.0,nan
469,True,dempster,betp,6,4,0.0,0.6666666666666666,0.5916156249998608
469,True,dempster,dsmp_epsilon_0.001,6,4,0.0,0.6666666666666666,0.5991590915768299
469,True,dempster,max_belief,6,4,0.0,0.6666666666666666,nan
469,True,dempster,max_plausibility,6,4,0.0,0.6666666666666666,nan
469,True,dempster,min_belief_interval_distance,6,4,0.0,0.6666666666666666,nan
469,True,pcr6,betp,6,4,0.0,0.6666666666666666,0.1463077905767298
469,True,pcr6,dsmp_epsilon_0.001,6,4,0.0,0.6666666666666666,0.25103370067629427
469,True,pcr6,max_belief,6,4,0.0,0.6666666666666666,nan
469,True,pcr6,max_plausibility,6,4,0.0,0.6666666666666666,nan
469,True,pcr6,min_belief_interval_distance,6,4,0.0,0.6666666666666666,nan
469,True,pcr6_plus,betp,6,4,0.0,0.6666666666666666,0.16324275868482319
469,True,pcr6_plus,dsmp_epsilon_0.001,6,4,0.0,0.6666666666666666,0.24051463854005292
469,True,pcr6_plus,max_belief,6,4,0.0,0.6666666666666666,nan
469,True,pcr6_plus,max_plausibility,6,4,0.0,0.6666666666666666,nan
469,True,pcr6_plus,min_belief_interval_distance,6,4,0.0,0.6666666666666666,nan
470,True,dempster,betp,5,4,1.0,1.0,0.15509639024505684
470,True,dempster,dsmp_epsilon_0.001,5,4,0.0,0.6666666666666666,0.512875932938669
470,True,dempster,max_belief,5,4,0.0,0.6666666666666666,nan
470,True,dempster,max_plausibility,5,4,1.0,1.0,nan
470,True,dempster,min_belief_interval_distance,5,4,1.0,1.0,nan
470,True,pcr6,betp,5,4,1.0,1.0,0.1330518668518376
470,True,pcr6,dsmp_epsilon_0.001,5,4,0.0,0.6666666666666666,0.5099010030160054
470,True,pcr6,max_belief,5,4,0.0,0.6666666666666666,nan
470,True,pcr6,max_plausibility,5,4,1.0,1.0,nan
470,True,pcr6,min_belief_interval_distance,5,4,1.0,1.0,nan
470,True,pcr6_plus,betp,5,4,0.0,0.6666666666666666,0.15319894537705564
470,True,pcr6_plus,dsmp_epsilon_0.001,5,4,0.0,0.6666666666666666,0.5117604519970242
470,True,pcr6_plus,max_belief,5,4,0.0,0.6666666666666666,nan
470,True,pcr6_plus,max_plausibility,5,4,1.0,1.0,nan
470,True,pcr6_plus,min_belief_interval_distance,5,4,0.0,0.6666666666666666,nan
471,True,dempster,betp,6,3,1.0,1.0,0.15741766627253823
471,True,dempster,dsmp_epsilon_0.001,6,3,1.0,1.0,0.5593051928905588
471,True,dempster,max_belief,6,3,1.0,1.0,nan
471,True,dempster,max_plausibility,6,3,1.0,1.0,nan
471,True,dempster,min_belief_interval_distance,6,3,1.0,1.0,nan
471,True,pcr6,betp,6,3,1.0,1.0,0.14659523423770784
471,True,pcr6,dsmp_epsilon_0.001,6,3,1.0,1.0,0.5578813268628778
471,True,pcr6,max_belief,6,3,1.0,1.0,nan
471,True,pcr6,max_plausibility,6,3,1.0,1.0,nan
471,True,pcr6,min_belief_interval_distance,6,3,1.0,1.0,nan
471,True,pcr6_plus,betp,6,3,1.0,1.0,0.15675470034950145
471,True,pcr6_plus,dsmp_epsilon_0.001,6,3,1.0,1.0,0.5510459756238778
471,True,pcr6_plus,max_belief,6,3,1.0,1.0,nan
471,True,pcr6_plus,max_plausibility,6,3,1.0,1.0,nan
471,True,pcr6_plus,min_belief_interval_distance,6,3,1.0,1.0,nan
472,True,dempster,betp,5,3,1.0,1.0,0.3258511890978048
472,True,dempster,dsmp_epsilon_0.001,5,3,1.0,1.0,0.4145399255387181
472,True,dempster,max_belief,5,3,1.0,1.0,nan
472,True,dempster,max_plausibility,5,3,1.0,1.0,nan
472,True,dempster,min_belief_interval_distance,5,3,1.0,1.0,nan
472,True,pcr6,betp,5,3,1.0,1.0,0.11285093386679687
472,True,pcr6,dsmp_epsilon_0.001,5,3,1.0,1.0,0.35174758695444475
472,True,pcr6,max_belief,5,3,1.0,1.0,nan
472,True,pcr6,max_plausibility,5,3,1.0,1.0,nan
472,True,pcr6,min_belief_interval_distance,5,3,1.0,1.0,nan
472,True,pcr6_plus,betp,5,3,1.0,1.0,0.13619937637879334
472,True,pcr6_plus,dsmp_epsilon_0.001,5,3,1.0,1.0,0.3168071513498733
472,True,pcr6_plus,max_belief,5,3,1.0,1.0,nan
472,True,pcr6_plus,max_plausibility,5,3,1.0,1.0,nan
472,True,pcr6_plus,min_belief_interval_distance,5,3,1.0,1.0,nan
473,True,dempster,betp,6,5,0.0,0.6666666666666666,0.4449200112924564
473,True,dempster,dsmp_epsilon_0.001,6,5,0.0,0.6666666666666666,0.5344337666999691
473,True,dempster,max_belief,6,5,0.0,0.6666666666666666,nan
473,True,dempster,max_plausibility,6,5,0.0,0.6666666666666666,nan
473,True,dempster,min_belief_interval_distance,6,5,0.0,0.6666666666666666,nan
473,True,pcr6,betp,6,5,0.0,0.6666666666666666,0.1579929496640698
473,True,pcr6,dsmp_epsilon_0.001,6,5,0.0,0.6666666666666666,0.4987462707749328
473,True,pcr6,max_belief,6,5,0.0,0.6666666666666666,nan
473,True,pcr6,max_plausibility,6,5,0.0,0.6666666666666666,nan
473,True,pcr6,min_belief_interval_distance,6,5,0.0,0.6666666666666666,nan
473,True,pcr6_plus,betp,6,5,0.0,0.6666666666666666,0.18414939246420509
473,True,pcr6_plus,dsmp_epsilon_0.001,6,5,0.0,0.6666666666666666,0.46927597332027404
473,True,pcr6_plus,max_belief,6,5,0.0,0.6666666666666666,nan
473,True,pcr6_plus,max_plausibility,6,5,0.0,0.6666666666666666,nan
473,True,pcr6_plus,min_belief_interval_distance,6,5,0.0,0.6666666666666666,nan
474,True,dempster,betp,6,3,0.0,0.6666666666666666,0.10667237205391847
474,True,dempster,dsmp_epsilon_0.001,6,3,0.0,0.6666666666666666,0.00041399243303073157
474,True,dempster,max_belief,6,3,0.0,0.6666666666666666,nan
474,True,dempster,max_plausibility,6,3,0.0,0.6666666666666666,nan
474,True,dempster,min_belief_interval_distance,6,3,0.0,0.6666666666666666,nan
474,True,pcr6,betp,6,3,0.0,0.6666666666666666,0.10751463294763262
474,True,pcr6,dsmp_epsilon_0.001,6,3,0.0,0.6666666666666666,0.0004316611316255681
474,True,pcr6,max_belief,6,3,0.0,0.6666666666666666,nan
474,True,pcr6,max_plausibility,6,3,0.0,0.6666666666666666,nan
474,True,pcr6,min_belief_interval_distance,6,3,0.0,0.6666666666666666,nan
474,True,pcr6_plus,betp,6,3,0.0,0.6666666666666666,0.10379627343812461
474,True,pcr6_plus,dsmp_epsilon_0.001,6,3,0.0,0.6666666666666666,0.0005500235325965339
474,True,pcr6_plus,max_belief,6,3,0.0,0.6666666666666666,nan
474,True,pcr6_plus,max_plausibility,6,3,0.0,0.6666666666666666,nan
474,True,pcr6_plus,min_belief_interval_distance,6,3,0.0,0.6666666666666666,nan
475,True,dempster,betp,6,4,0.0,0.6666666666666666,0.59957876699047
475,True,dempster,dsmp_epsilon_0.001,6,4,0.0,0.6666666666666666,0.6583471089350849
475,True,dempster,max_belief,6,4,0.0,0.6666666666666666,nan
475,True,dempster,max_plausibility,6,4,0.0,0.6666666666666666,nan
475,True,dempster,min_belief_interval_distance,6,4,0.0,0.6666666666666666,nan
475,True,pcr6,betp,6,4,0.0,0.6666666666666666,0.42535084852797533
475,True,pcr6,dsmp_epsilon_0.001,6,4,0.0,0.6666666666666666,0.647979855937769
475,True,pcr6,max_belief,6,4,1.0,1.0,nan
475,True,pcr6,max_plausibility,6,4,0.0,0.6666666666666666,nan
475,True,pcr6,min_belief_interval_distance,6,4,0.0,0.6666666666666666,nan
475,True,pcr6_plus,betp,6,4,0.0,0.6666666666666666,0.5002541373942331
475,True,pcr6_plus,dsmp_epsilon_0.001,6,4,1.0,1.0,0.6385048204422584
475,True,pcr6_plus,max_belief,6,4,1.0,1.0,nan
475,True,pcr6_plus,max_plausibility,6,4,0.0,0.6666666666666666,nan
475,True,pcr6_plus,min_belief_interval_distance,6,4,0.0,0.6666666666666666,nan
476,True,dempster,betp,6,3,1.0,1.0,0.5481957726542052
476,True,dempster,dsmp_epsilon_0.001,6,3,1.0,1.0,0.6141685105530879
476,True,dempster,max_belief,6,3,1.0,1.0,nan
476,True,dempster,max_plausibility,6,3,1.0,1.0,nan
476,True,dempster,min_belief_interval_distance,6,3,1.0,1.0,nan
476,True,pcr6,betp,6,3,1.0,1.0,0.19571950156955803
476,True,pcr6,dsmp_epsilon_0.001,6,3,1.0,1.0,0.5039386765444301
476,True,pcr6,max_belief,6,3,1.0,1.0,nan
476,True,pcr6,max_plausibility,6,3,1.0,1.0,nan
476,True,pcr6,min_belief_interval_distance,6,3,1.0,1.0,nan
476,True,pcr6_plus,betp,6,3,1.0,1.0,0.29102615976040797
476,True,pcr6_plus,dsmp_epsilon_0.001,6,3,1.0,1.0,0.47125947631076076
476,True,pcr6_plus,max_belief,6,3,1.0,1.0,nan
476,True,pcr6_plus,max_plausibility,6,3,1.0,1.0,nan
476,True,pcr6_plus,min_belief_interval_distance,6,3,1.0,1.0,nan
477,True,dempster,betp,6,4,0.0,0.6666666666666666,0.5021400040943242
477,True,dempster,dsmp_epsilon_0.001,6,4,0.0,0.6666666666666666,0.6147962200910698
477,True,dempster,max_belief,6,4,0.0,0.6666666666666666,nan
477,True,dempster,max_plausibility,6,4,0.0,0.6666666666666666,nan
477,True,dempster,min_belief_interval_distance,6,4,0.0,0.6666666666666666,nan
477,True,pcr6,betp,6,4,0.0,0.6666666666666666,0.29426219548901233
477,True,pcr6,dsmp_epsilon_0.001,6,4,0.0,0.6666666666666666,0.594408612706977
477,True,pcr6,max_belief,6,4,0.0,0.6666666666666666,nan
477,True,pcr6,max_plausibility,6,4,0.0,0.6666666666666666,nan
477,True,pcr6,min_belief_interval_distance,6,4,0.0,0.6666666666666666,nan
477,True,pcr6_plus,betp,6,4,0.0,0.6666666666666666,0.34574995328068936
477,True,pcr6_plus,dsmp_epsilon_0.001,6,4,0.0,0.6666666666666666,0.5595056685688178
477,True,pcr6_plus,max_belief,6,4,0.0,0.6666666666666666,nan
477,True,pcr6_plus,max_plausibility,6,4,0.0,0.6666666666666666,nan
477,True,pcr6_plus,min_belief_interval_distance,6,4,0.0,0.6666666666666666,nan
478,True,dempster,betp,6,3,1.0,1.0,0.12286894381701402
478,True,dempster,dsmp_epsilon_0.001,6,3,1.0,1.0,0.16663187235370078
478,True,dempster,max_belief,6,3,1.0,1.0,nan
478,True,dempster,max_plausibility,6,3,1.0,1.0,nan
478,True,dempster,min_belief_interval_distance,6,3,1.0,1.0,nan
478,True,pcr6,betp,6,3,1.0,1.0,0.1121864148581768
478,True,pcr6,dsmp_epsilon_0.001,6,3,1.0,1.0,0.16579843261463817
478,True,pcr6,max_belief,6,3,1.0,1.0,nan
478,True,pcr6,max_plausibility,6,3,1.0,1.0,nan
478,True,pcr6,min_belief_interval_distance,6,3,1.0,1.0,nan
478,True,pcr6_plus,betp,6,3,1.0,1.0,0.121223282307341
478,True,pcr6_plus,dsmp_epsilon_0.001,6,3,1.0,1.0,0.16383401135167575
478,True,pcr6_plus,max_belief,6,3,1.0,1.0,nan
478,True,pcr6_plus,max_plausibility,6,3,1.0,1.0,nan
478,True,pcr6_plus,min_belief_interval_distance,6,3,1.0,1.0,nan
479,True,dempster,betp,6,4,0.0,0.6666666666666666,0.5413274739063404
479,True,dempster,dsmp_epsilon_0.001,6,4,0.0,0.6666666666666666,0.5672361475024246
479,True,dempster,max_belief,6,4,0.0,0.6666666666666666,nan
479,True,dempster,max_plausibility,6,4,0.0,0.6666666666666666,nan
479,True,dempster,min_belief_interval_distance,6,4,0.0,0.6666666666666666,nan
479,True,pcr6,betp,6,4,0.0,0.6666666666666666,0.2250004456387694
479,True,pcr6,dsmp_epsilon_0.001,6,4,0.0,0.6666666666666666,0.47268293714066884
479,True,pcr6,max_belief,6,4,0.0,0.6666666666666666,nan
479,True,pcr6,max_plausibility,6,4,0.0,0.6666666666666666,nan
479,True,pcr6,min_belief_interval_distance,6,4,0.0,0.6666666666666666,nan
479,True,pcr6_plus,betp,6,4,0.0,0.6666666666666666,0.4300010083271516
479,True,pcr6_plus,dsmp_epsilon_0.001,6,4,0.0,0.6666666666666666,0.4363191004623257
479,True,pcr6_plus,max_belief,6,4,0.0,0.6666666666666666,nan
479,True,pcr6_plus,max_plausibility,6,4,0.0,0.6666666666666666,nan
479,True,pcr6_plus,min_belief_interval_distance,6,4,0.0,0.6666666666666666,nan
480,True,dempster,betp,6,3,1.0,1.0,0.2700029765583214
480,True,dempster,dsmp_epsilon_0.001,6,3,1.0,1.0,0.3011117014654905
480,True,dempster,max_belief,6,3,1.0,1.0,nan
480,True,dempster,max_plausibility,6,3,1.0,1.0,nan
480,True,dempster,min_belief_interval_distance,6,3,1.0,1.0,nan
480,True,pcr6,betp,6,3,1.0,1.0,0.023318680462066716
480,True,pcr6,dsmp_epsilon_0.001,6,3,1.0,1.0,0.15402898227766393
480,True,pcr6,max_belief,6,3,1.0,1.0,nan
480,True,pcr6,max_plausibility,6,3,1.0,1.0,nan
480,True,pcr6,min_belief_interval_distance,6,3,1.0,1.0,nan
480,True,pcr6_plus,betp,6,3,1.0,1.0,0.044388003777155474
480,True,pcr6_plus,dsmp_epsilon_0.001,6,3,1.0,1.0,0.1511617300755185
480,True,pcr6_plus,max_belief,6,3,1.0,1.0,nan
480,True,pcr6_plus,max_plausibility,6,3,1.0,1.0,nan
480,True,pcr6_plus,min_belief_interval_distance,6,3,1.0,1.0,nan
481,True,dempster,betp,5,3,1.0,1.0,0.12371101203912757
481,True,dempster,dsmp_epsilon_0.001,5,3,1.0,1.0,0.4696018733951163
481,True,dempster,max_belief,5,3,1.0,1.0,nan
481,True,dempster,max_plausibility,5,3,1.0,1.0,nan
481,True,dempster,min_belief_interval_distance,5,3,1.0,1.0,nan
481,True,pcr6,betp,5,3,1.0,1.0,0.11400340395468503
481,True,pcr6,dsmp_epsilon_0.001,5,3,1.0,1.0,0.4689659552463013
481,True,pcr6,max_belief,5,3,1.0,1.0,nan
481,True,pcr6,max_plausibility,5,3,1.0,1.0,nan
481,True,pcr6,min_belief_interval_distance,5,3,1.0,1.0,nan
481,True,pcr6_plus,betp,5,3,1.0,1.0,0.1323859503588393
481,True,pcr6_plus,dsmp_epsilon_0.001,5,3,1.0,1.0,0.46270673450803973
481,True,pcr6_plus,max_belief,5,3,1.0,1.0,nan
481,True,pcr6_plus,max_plausibility,5,3,1.0,1.0,nan
481,True,pcr6_plus,min_belief_interval_distance,5,3,1.0,1.0,nan
482,True,dempster,betp,6,4,0.0,0.6666666666666666,0.8221720820732271
482,True,dempster,dsmp_epsilon_0.001,6,4,0.0,0.6666666666666666,1.200043915707223
482,True,dempster,max_belief,6,4,0.0,0.6666666666666666,nan
482,True,dempster,max_plausibility,6,4,0.0,0.6666666666666666,nan
482,True,dempster,min_belief_interval_distance,6,4,0.0,0.6666666666666666,nan
482,True,pcr6,betp,6,4,0.0,0.6666666666666666,0.682748435340575
482,True,pcr6,dsmp_epsilon_0.001,6,4,0.0,0.6666666666666666,1.1922458150420918
482,True,pcr6,max_belief,6,4,0.0,0.6666666666666666,nan
482,True,pcr6,max_plausibility,6,4,0.0,0.6666666666666666,nan
482,True,pcr6,min_belief_interval_distance,6,4,0.0,0.6666666666666666,nan
482,True,pcr6_plus,betp,6,4,0.0,0.6666666666666666,0.8036739532330767
482,True,pcr6_plus,dsmp_epsilon_0.001,6,4,0.0,0.6666666666666666,1.1617331205941415
482,True,pcr6_plus,max_belief,6,4,0.0,0.6666666666666666,nan
482,True,pcr6_plus,max_plausibility,6,4,0.0,0.6666666666666666,nan
482,True,pcr6_plus,min_belief_interval_distance,6,4,0.0,0.6666666666666666,nan
483,False,dempster,betp,6,2,0.0,0.8,0.2510610535800891
483,False,dempster,dsmp_epsilon_0.001,6,2,0.0,0.8,0.43133711903416283
483,False,dempster,max_belief,6,2,0.0,0.8,nan
483,False,dempster,max_plausibility,6,2,0.0,0.8,nan
483,False,dempster,min_belief_interval_distance,6,2,0.0,0.8,nan
483,False,pcr6,betp,6,2,0.0,0.8,0.22159113965840255
483,False,pcr6,dsmp_epsilon_0.001,6,2,0.0,0.8,0.4305557264509543
483,False,pcr6,max_belief,6,2,0.0,0.8,nan
483,False,pcr6,max_plausibility,6,2,0.0,0.8,nan
483,False,pcr6,min_belief_interval_distance,6,2,0.0,0.8,nan
483,False,pcr6_plus,betp,6,2,0.0,0.8,0.26039747955705084
483,False,pcr6_plus,dsmp_epsilon_0.001,6,2,0.0,0.8,0.4267272839230748
483,False,pcr6_plus,max_belief,6,2,0.0,0.8,nan
483,False,pcr6_plus,max_plausibility,6,2,0.0,0.8,nan
483,False,pcr6_plus,min_belief_interval_distance,6,2,0.0,0.8,nan
484,True,dempster,betp,6,3,1.0,1.0,0.3260483613450011
484,True,dempster,dsmp_epsilon_0.001,6,3,1.0,1.0,0.46718056819229486
484,True,dempster,max_belief,6,3,1.0,1.0,nan
484,True,dempster,max_plausibility,6,3,1.0,1.0,nan
484,True,dempster,min_belief_interval_distance,6,3,1.0,1.0,nan
484,True,pcr6,betp,6,3,1.0,1.0,0.0350788497659062
484,True,pcr6,dsmp_epsilon_0.001,6,3,1.0,1.0,0.2622377043516229
484,True,pcr6,max_belief,6,3,1.0,1.0,nan
484,True,pcr6,max_plausibility,6,3,1.0,1.0,nan
484,True,pcr6,min_belief_interval_distance,6,3,1.0,1.0,nan
484,True,pcr6_plus,betp,6,3,1.0,1.0,0.03188684568756659
484,True,pcr6_plus,dsmp_epsilon_0.001,6,3,1.0,1.0,0.23148362500732017
484,True,pcr6_plus,max_belief,6,3,1.0,1.0,nan
484,True,pcr6_plus,max_plausibility,6,3,1.0,1.0,nan
484,True,pcr6_plus,min_belief_interval_distance,6,3,1.0,1.0,nan
485,True,dempster,betp,4,4,1.0,1.0,0.14818055806483313
485,True,dempster,dsmp_epsilon_0.001,4,4,1.0,1.0,0.5873752351171576
485,True,dempster,max_belief,4,4,1.0,1.0,nan
485,True,dempster,max_plausibility,4,4,1.0,1.0,nan
485,True,dempster,min_belief_interval_distance,4,4,1.0,1.0,nan
485,True,pcr6,betp,4,4,1.0,1.0,0.1311935153193446
485,True,pcr6,dsmp_epsilon_0.001,4,4,1.0,1.0,0.5694113298767076
485,True,pcr6,max_belief,4,4,1.0,1.0,nan
485,True,pcr6,max_plausibility,4,4,1.0,1.0,nan
485,True,pcr6,min_belief_interval_distance,4,4,1.0,1.0,nan
485,True,pcr6_plus,betp,4,4,1.0,1.0,0.14668094723772468
485,True,pcr6_plus,dsmp_epsilon_0.001,4,4,1.0,1.0,0.5759713145132697
485,True,pcr6_plus,max_belief,4,4,1.0,1.0,nan
485,True,pcr6_plus,max_plausibility,4,4,1.0,1.0,nan
485,True,pcr6_plus,min_belief_interval_distance,4,4,1.0,1.0,nan
486,True,dempster,betp,6,4,0.0,0.6666666666666666,0.1450331577843708
486,True,dempster,dsmp_epsilon_0.001,6,4,0.0,0.6666666666666666,0.5866796545378201
486,True,dempster,max_belief,6,4,0.0,0.6666666666666666,nan
486,True,dempster,max_plausibility,6,4,0.0,0.6666666666666666,nan
486,True,dempster,min_belief_interval_distance,6,4,0.0,0.6666666666666666,nan
486,True,pcr6,betp,6,4,0.0,0.6666666666666666,0.14301526944755633
486,True,pcr6,dsmp_epsilon_0.001,6,4,0.0,0.6666666666666666,0.5915018980676241
486,True,pcr6,max_belief,6,4,0.0,0.6666666666666666,nan
486,True,pcr6,max_plausibility,6,4,0.0,0.6666666666666666,nan
486,True,pcr6,min_belief_interval_distance,6,4,0.0,0.6666666666666666,nan
486,True,pcr6_plus,betp,6,4,0.0,0.6666666666666666,0.1564029331878872
486,True,pcr6_plus,dsmp_epsilon_0.001,6,4,0.0,0.6666666666666666,0.6050355898581143
486,True,pcr6_plus,max_belief,6,4,0.0,0.6666666666666666,nan
486,True,pcr6_plus,max_plausibility,6,4,0.0,0.6666666666666666,nan
486,True,pcr6_plus,min_belief_interval_distance,6,4,0.0,0.6666666666666666,nan
487,True,dempster,betp,6,5,0.0,0.6666666666666666,0.17119876413303928
487,True,dempster,dsmp_epsilon_0.001,6,5,0.0,0.6666666666666666,0.17227969793753595
487,True,dempster,max_belief,6,5,0.0,0.6666666666666666,nan
487,True,dempster,max_plausibility,6,5,0.0,0.6666666666666666,nan
487,True,dempster,min_belief_interval_distance,6,5,0.0,0.6666666666666666,nan
487,True,pcr6,betp,6,5,0.0,0.6666666666666666,0.10269235748206974
487,True,pcr6,dsmp_epsilon_0.001,6,5,0.0,0.6666666666666666,0.18438397597035186
487,True,pcr6,max_belief,6,5,0.0,0.6666666666666666,nan
487,True,pcr6,max_plausibility,6,5,0.0,0.6666666666666666,nan
487,True,pcr6,min_belief_interval_distance,6,5,0.0,0.6666666666666666,nan
487,True,pcr6_plus,betp,6,5,0.0,0.6666666666666666,0.10281849859581794
487,True,pcr6_plus,dsmp_epsilon_0.001,6,5,0.0,0.6666666666666666,0.16726819516402103
487,True,pcr6_plus,max_belief,6,5,0.0,0.6666666666666666,nan
487,True,pcr6_plus,max_plausibility,6,5,0.0,0.6666666666666666,nan
487,True,pcr6_plus,min_belief_interval_distance,6,5,0.0,0.6666666666666666,nan
488,True,dempster,betp,6,3,1.0,1.0,0.6477796018528453
488,True,dempster,dsmp_epsilon_0.001,6,3,1.0,1.0,0.6591382693289007
488,True,dempster,max_belief,6,3,1.0,1.0,nan
488,True,dempster,max_plausibility,6,3,1.0,1.0,nan
488,True,dempster,min_belief_interval_distance,6,3,1.0,1.0,nan
488,True,pcr6,betp,6,3,1.0,1.0,0.45717726674216275
488,True,pcr6,dsmp_epsilon_0.001,6,3,1.0,1.0,0.6452543543838212
488,True,pcr6,max_belief,6,3,1.0,1.0,nan
488,True,pcr6,max_plausibility,6,3,1.0,1.0,nan
488,True,pcr6,min_belief_interval_distance,6,3,1.0,1.0,nan
488,True,pcr6_plus,betp,6,3,1.0,1.0,0.473171818797829
488,True,pcr6_plus,dsmp_epsilon_0.001,6,3,1.0,1.0,0.6415933616240297
488,True,pcr6_plus,max_belief,6,3,1.0,1.0,nan
488,True,pcr6_plus,max_plausibility,6,3,1.0,1.0,nan
488,True,pcr6_plus,min_belief_interval_distance,6,3,1.0,1.0,nan
489,False,dempster,betp,6,2,0.0,0.8,0.47388578499036454
489,False,dempster,dsmp_epsilon_0.001,6,2,0.0,0.8,0.4983353253338744
489,False,dempster,max_belief,6,2,0.0,0.8,nan
489,False,dempster,max_plausibility,6,2,0.0,0.8,nan
489,False,dempster,min_belief_interval_distance,6,2,0.0,0.8,nan
489,False,pcr6,betp,6,2,0.0,0.8,0.45346545119132287
489,False,pcr6,dsmp_epsilon_0.001,6,2,0.0,0.8,0.4980436078183916
489,False,pcr6,max_belief,6,2,0.0,0.8,nan
489,False,pcr6,max_plausibility,6,2,0.0,0.8,nan
489,False,pcr6,min_belief_interval_distance,6,2,0.0,0.8,nan
489,False,pcr6_plus,betp,6,2,0.0,0.8,0.4737023841661736
489,False,pcr6_plus,dsmp_epsilon_0.001,6,2,0.0,0.8,0.49738438928130085
489,False,pcr6_plus,max_belief,6,2,0.0,0.8,nan
489,False,pcr6_plus,max_plausibility,6,2,0.0,0.8,nan
489,False,pcr6_plus,min_belief_interval_distance,6,2,0.0,0.8,nan
490,True,dempster,betp,6,4,1.0,1.0,0.06838464107669284
490,True,dempster,dsmp_epsilon_0.001,6,4,1.0,1.0,0.07437416370890336
490,True,dempster,max_belief,6,4,1.0,1.0,nan
490,True,dempster,max_plausibility,6,4,1.0,1.0,nan
490,True,dempster,min_belief_interval_distance,6,4,1.0,1.0,nan
490,True,pcr6,betp,6,4,1.0,1.0,0.02230920883383895
490,True,pcr6,dsmp_epsilon_0.001,6,4,1.0,1.0,0.06745355277551016
490,True,pcr6,max_belief,6,4,1.0,1.0,nan
490,True,pcr6,max_plausibility,6,4,1.0,1.0,nan
490,True,pcr6,min_belief_interval_distance,6,4,1.0,1.0,nan
490,True,pcr6_plus,betp,6,4,1.0,1.0,0.011218909172234249
490,True,pcr6_plus,dsmp_epsilon_0.001,6,4,1.0,1.0,0.06479969255406307
490,True,pcr6_plus,max_belief,6,4,1.0,1.0,nan
490,True,pcr6_plus,max_plausibility,6,4,1.0,1.0,nan
490,True,pcr6_plus,min_belief_interval_distance,6,4,1.0,1.0,nan
491,False,dempster,betp,6,2,0.0,0.8,0.006140953953202062
491,False,dempster,dsmp_epsilon_0.001,6,2,0.0,0.8,0.08790984463377743
491,False,dempster,max_belief,6,2,0.0,0.8,nan
491,False,dempster,max_plausibility,6,2,0.0,0.8,nan
491,False,dempster,min_belief_interval_distance,6,2,0.0,0.8,nan
491,False,pcr6,betp,6,2,0.0,0.8,0.005918336223636466
491,False,pcr6,dsmp_epsilon_0.001,6,2,0.0,0.8,0.0875083661076457
491,False,pcr6,max_belief,6,2,0.0,0.8,nan
491,False,pcr6,max_plausibility,6,2,0.0,0.8,nan
491,False,pcr6,min_belief_interval_distance,6,2,0.0,0.8,nan
491,False,pcr6_plus,betp,6,2,0.0,0.8,0.0060890160150620576
491,False,pcr6_plus,dsmp_epsilon_0.001,6,2,0.0,0.8,0.07867176649777403
491,False,pcr6_plus,max_belief,6,2,0.0,0.8,nan
491,False,pcr6_plus,max_plausibility,6,2,0.0,0.8,nan
491,False,pcr6_plus,min_belief_interval_distance,6,2,0.0,0.8,nan
492,False,dempster,betp,6,2,0.0,0.8,0.0013874893760877816
492,False,dempster,dsmp_epsilon_0.001,6,2,0.0,0.8,0.06533758117024499
492,False,dempster,max_belief,6,2,0.0,0.8,nan
492,False,dempster,max_plausibility,6,2,0.0,0.8,nan
492,False,dempster,min_belief_interval_distance,6,2,0.0,0.8,nan
492,False,pcr6,betp,6,2,0.0,0.8,0.0013724736982404498
492,False,pcr6,dsmp_epsilon_0.001,6,2,0.0,0.8,0.06520297418645749
492,False,pcr6,max_belief,6,2,0.0,0.8,nan
492,False,pcr6,max_plausibility,6,2,0.0,0.8,nan
492,False,pcr6,min_belief_interval_distance,6,2,0.0,0.8,nan
492,False,pcr6_plus,betp,6,2,0.0,0.8,0.0013412801550946973
492,False,pcr6_plus,dsmp_epsilon_0.001,6,2,0.0,0.8,0.05946662486756581
492,False,pcr6_plus,max_belief,6,2,0.0,0.8,nan
492,False,pcr6_plus,max_plausibility,6,2,0.0,0.8,nan
492,False,pcr6_plus,min_belief_interval_distance,6,2,0.0,0.8,nan
493,True,dempster,betp,6,4,0.0,0.6666666666666666,0.0897815158593289
493,True,dempster,dsmp_epsilon_0.001,6,4,0.0,0.6666666666666666,0.14524931265592636
493,True,dempster,max_belief,6,4,0.0,0.6666666666666666,nan
493,True,dempster,max_plausibility,6,4,0.0,0.6666666666666666,nan
493,True,dempster,min_belief_interval_distance,6,4,0.0,0.6666666666666666,nan
493,True,pcr6,betp,6,4,0.0,0.6666666666666666,0.08965020382201117
493,True,pcr6,dsmp_epsilon_0.001,6,4,0.0,0.6666666666666666,0.1452625263940884
493,True,pcr6,max_belief,6,4,0.0,0.6666666666666666,nan
493,True,pcr6,max_plausibility,6,4,0.0,0.6666666666666666,nan
493,True,pcr6,min_belief_interval_distance,6,4,0.0,0.6666666666666666,nan
493,True,pcr6_plus,betp,6,4,0.0,0.6666666666666666,0.08937235160027704
493,True,pcr6_plus,dsmp_epsilon_0.001,6,4,0.0,0.6666666666666666,0.14609456005030966
493,True,pcr6_plus,max_belief,6,4,0.0,0.6666666666666666,nan
493,True,pcr6_plus,max_plausibility,6,4,0.0,0.6666666666666666,nan
493,True,pcr6_plus,min_belief_interval_distance,6,4,0.0,0.6666666666666666,nan
494,True,dempster,betp,4,3,1.0,1.0,0.5996355577859213
494,True,dempster,dsmp_epsilon_0.001,4,3,1.0,1.0,0.6589080314184923
494,True,dempster,max_belief,4,3,1.0,1.0,nan
494,True,dempster,max_plausibility,4,3,1.0,1.0,nan
494,True,dempster,min_belief_interval_distance,4,3,1.0,1.0,nan
494,True,pcr6,betp,4,3,1.0,1.0,0.5566589218132845
494,True,pcr6,dsmp_epsilon_0.001,4,3,1.0,1.0,0.6573764763486818
494,True,pcr6,max_belief,4,3,1.0,1.0,nan
494,True,pcr6,max_plausibility,4,3,1.0,1.0,nan
494,True,pcr6,min_belief_interval_distance,4,3,1.0,1.0,nan
494,True,pcr6_plus,betp,4,3,1.0,1.0,0.6006845316935135
494,True,pcr6_plus,dsmp_epsilon_0.001,4,3,1.0,1.0,0.6556642633583155
494,True,pcr6_plus,max_belief,4,3,1.0,1.0,nan
494,True,pcr6_plus,max_plausibility,4,3,1.0,1.0,nan
494,True,pcr6_plus,min_belief_interval_distance,4,3,1.0,1.0,nan
495,True,dempster,betp,6,4,1.0,1.0,0.03849418754943029
495,True,dempster,dsmp_epsilon_0.001,6,4,1.0,1.0,0.0639517354998897
495,True,dempster,max_belief,6,4,1.0,1.0,nan
495,True,dempster,max_plausibility,6,4,1.0,1.0,nan
495,True,dempster,min_belief_interval_distance,6,4,1.0,1.0,nan
495,True,pcr6,betp,6,4,1.0,1.0,0.036561030682705505
495,True,pcr6,dsmp_epsilon_0.001,6,4,1.0,1.0,0.09800143046899146
495,True,pcr6,max_belief,6,4,1.0,1.0,nan
495,True,pcr6,max_plausibility,6,4,1.0,1.0,nan
495,True,pcr6,min_belief_interval_distance,6,4,1.0,1.0,nan
495,True,pcr6_plus,betp,6,4,1.0,1.0,0.050653588928301206
495,True,pcr6_plus,dsmp_epsilon_0.001,6,4,1.0,1.0,0.07845195134812218
495,True,pcr6_plus,max_belief,6,4,1.0,1.0,nan
495,True,pcr6_plus,max_plausibility,6,4,1.0,1.0,nan
495,True,pcr6_plus,min_belief_interval_distance,6,4,1.0,1.0,nan
496,True,dempster,betp,6,4,1.0,1.0,0.2779646935324236
496,True,dempster,dsmp_epsilon_0.001,6,4,1.0,1.0,0.40914540958661055
496,True,dempster,max_belief,6,4,1.0,1.0,nan
496,True,dempster,max_plausibility,6,4,1.0,1.0,nan
496,True,dempster,min_belief_interval_distance,6,4,1.0,1.0,nan
496,True,pcr6,betp,6,4,1.0,1.0,0.20746656509560818
496,True,pcr6,dsmp_epsilon_0.001,6,4,1.0,1.0,0.4064701713630846
496,True,pcr6,max_belief,6,4,1.0,1.0,nan
496,True,pcr6,max_plausibility,6,4,1.0,1.0,nan
496,True,pcr6,min_belief_interval_distance,6,4,1.0,1.0,nan
496,True,pcr6_plus,betp,6,4,1.0,1.0,0.26501814419872044
496,True,pcr6_plus,dsmp_epsilon_0.001,6,4,1.0,1.0,0.4006093129693704
496,True,pcr6_plus,max_belief,6,4,1.0,1.0,nan
496,True,pcr6_plus,max_plausibility,6,4,1.0,1.0,nan
496,True,pcr6_plus,min_belief_interval_distance,6,4,1.0,1.0,nan
498,True,dempster,betp,6,4,0.0,0.6666666666666666,0.08860396562146508
498,True,dempster,dsmp_epsilon_0.001,6,4,0.0,0.6666666666666666,0.08958413087856112
498,True,dempster,max_belief,6,4,0.0,0.6666666666666666,nan
498,True,dempster,max_plausibility,6,4,0.0,0.6666666666666666,nan
498,True,dempster,min_belief_interval_distance,6,4,0.0,0.6666666666666666,nan
498,True,pcr6,betp,6,4,0.0,0.6666666666666666,0.08841911776123071
498,True,pcr6,dsmp_epsilon_0.001,6,4,0.0,0.6666666666666666,0.08918124497827346
498,True,pcr6,max_belief,6,4,0.0,0.6666666666666666,nan
498,True,pcr6,max_plausibility,6,4,0.0,0.6666666666666666,nan
498,True,pcr6,min_belief_interval_distance,6,4,0.0,0.6666666666666666,nan
498,True,pcr6_plus,betp,6,4,0.0,0.6666666666666666,0.0878435230262112
498,True,pcr6_plus,dsmp_epsilon_0.001,6,4,0.0,0.6666666666666666,0.08368843405952833
498,True,pcr6_plus,max_belief,6,4,0.0,0.6666666666666666,nan
498,True,pcr6_plus,max_plausibility,6,4,0.0,0.6666666666666666,nan
498,True,pcr6_plus,min_belief_interval_distance,6,4,0.0,0.6666666666666666,nan
499,True,dempster,betp,6,4,0.0,0.6666666666666666,0.4473618798853898
499,True,dempster,dsmp_epsilon_0.001,6,4,0.0,0.6666666666666666,0.5441196442199665
499,True,dempster,max_belief,6,4,0.0,0.6666666666666666,nan
499,True,dempster,max_plausibility,6,4,0.0,0.6666666666666666,nan
499,True,dempster,min_belief_interval_distance,6,4,0.0,0.6666666666666666,nan
499,True,pcr6,betp,6,4,0.0,0.6666666666666666,0.12202227509184241
499,True,pcr6,dsmp_epsilon_0.001,6,4,0.0,0.6666666666666666,0.240091345303113
499,True,pcr6,max_belief,6,4,0.0,0.6666666666666666,nan
499,True,pcr6,max_plausibility,6,4,0.0,0.6666666666666666,nan
499,True,pcr6,min_belief_interval_distance,6,4,0.0,0.6666666666666666,nan
499,True,pcr6_plus,betp,6,4,0.0,0.6666666666666666,0.1502593497289512
499,True,pcr6_plus,dsmp_epsilon_0.001,6,4,0.0,0.6666666666666666,0.1920218983808486
499,True,pcr6_plus,max_belief,6,4,0.0,0.6666666666666666,nan
499,True,pcr6_plus,max_plausibility,6,4,0.0,0.6666666666666666,nan
499,True,pcr6_plus,min_belief_interval_distance,6,4,0.0,0.6666666666666666,nan
